时间,文本,识别结果,消极概率,积极概率,IP地址
2024-04-23,"我看这个讨论声之形的帖子，很多人甚至无法接受这种受害者原谅加害者的价值观本身，无论加害者做出什么都不值得被原谅，那我挺好奇，这样如何看待俄罗斯小说《复活》
大概讲解一下复活剧情，男主贵族青年聂赫留朵夫，在乡下庄园强健女仆玛丝洛娃，致其怀孕再赶出家门三连，留多夫付了100卢布，他还觉得非常自豪，这都算给多了，玛丝洛娃被赶出家门以后，受尽屈辱，蹂躏，沦为继女，而这一切都是因为聂赫留朵夫的心血来潮，最终十年后，玛丝洛娃被诬陷上了法庭，审判她的人就包括男主留多夫，留多夫在看到女主如此凄惨以后，良心发现，开始全力帮助女主脱罪，女主面对着这个觉醒的昔日仇人，也真正爱上了男主，并因为他的赎罪，原谅了他，男主为了赎罪表示愿意娶女主，女主却因为自己曾经是继女感到自卑，配不上男主拒绝了
最终女主终于接受了自己悲惨的过去，和男二西蒙松结婚了，而男主也经历了良心的发现，灵魂的洗涤，男女主一同完成了精神上的“复活”，我挺好奇的，这怎么看待这种价值观？",消极,1.0,0.0,江苏
2024-04-23,顺便一提，男主留多夫面对男二西蒙松愿意娶女主玛丝洛娃的反应是这样的，男主认为他害玛丝洛娃如此凄惨，所以他娶沦为继女的玛丝洛娃是一种自我牺牲，非常高尚，但是西蒙松没有害过玛丝洛娃，却还愿意娶玛丝洛娃，这让他的崇高牺牲显得一文不值,积极,0.24,0.76,江苏
2024-04-23,"如果单看你这干巴巴的文字描述，这剧情铁定要被骂
当然不排除完整看完，在铺垫充足的情况下，能够接受的可能",消极,0.97,0.03,上海
2024-04-23,声之形就是后悔流反转个性别，写不好是作者的功力问题,消极,0.94,0.06,广东
2024-04-23,我觉得情节本身没问题，要看作者的处理能力，包括剧情编排，文笔等等，重点在于能不能让读者觉得这个加害者有没有真正意识到错误，有没有尽力弥补错误，有没有悔恨，如果写不好就是作者自我感动，写得好就是复活里的男主重获新生,消极,1.0,0.0,江苏
2024-04-23,看得下去就看，受不了就滚蛋，我之前编辑告诉我对读者的态度应该是这样,消极,0.97,0.03,上海
2024-04-23,顺便一提，以前起点吧有人拿复活剧情概述发到主楼，但是没说什么作品，男女主名字也没打，喷了半天，甚至一堆人说这肯定只有日本人写得出来，然后才有人认出来，说这不就是托尔斯泰写的复活吗，差点终结话题,消极,0.96,0.04,江苏
2024-04-23,可以接受男主不死，但是别跟女主在一起，最支持黄毛的一集,中性,0.57,0.43,中国香港
2024-04-23,浪客剑心追忆篇？,消极,0.94,0.06,四川
2024-04-23,不知道，反正我看欺凌道里白海皇对男主的重女行为也没谁在乎,消极,0.95,0.05,吉林
2024-04-23,"首先只有受害者有原谅权
其他人没资格劝受害者原谅",消极,0.88,0.12,浙江
2024-04-23,强上哪一段我记得有暗示过女主半推半就吧？还是说那只是男主的臆想？,中性,0.48,0.52,江苏
2024-04-23,"听这个描述和悲惨的欺凌者完全就不是一个情况不能一概讨论
按正常80流程走比较好，爱上80者不管怎么说都过于抽象",消极,1.0,0.0,湖北
2024-04-23,我知道这些作品想讲的是什么，但对现在的人来说不需要了，现在的人需要的是在一开始就把这个qj犯判刑的作品,消极,0.99,0.01,湖南
2024-04-23,"图里这哥们的原帖我去搜了一下，他疑似有点极端了，他的论点甚至不如原来抨击霸凌者的，甚至有点扯淡——因为现实不可能存在将也这种人所以声之形烂，对此我只想举出阿虚的名台词。
说实话我觉得声之形总体上还是个可以的片子，但的确在霸凌者与被霸凌者之间的后来关系上描写的理想化了，因为现实中确实很少有男主这种人，对于那些曾经被霸凌的人来说霸凌者把他们的生活随意地弄的一团糟，然后继续过着他们的生活。很少会有像男主这种在被霸凌后理解了女主并带着愧疚封闭自我的存在。观影本就是一种有代入感的事，而这种曾经的霸凌者和被霸凌者双向救赎的事的代入感应该是个难以接受的点。",消极,0.78,0.22,广东
2024-04-23,"没看过细节不好说啊
单凭你这简化描述良心发现有点牵强啊",消极,0.96,0.04,辽宁
2024-04-23,声之形太长时间了，有些细节忘了，大概的剧情我感觉没啥问题，虽然这个东西一拿出来写肯定会吵起来。人家爱原谅原谅呗，有些互联网判官闹麻了,中性,0.49,0.51,北京
2024-04-23,时代背景不一样，复活所在的时代和现在是一个情况吗？你要把复活的故事移到现在早就闹上天了。反正我没见过几个霸凌者能改邪归正的，你原谅他，他表示你谁呀？要复活真的有普世性，沙皇和白俄贵族也不会掉脑袋了。,消极,0.99,0.01,内蒙古
2024-04-23,"在我看来，这本质是一个观众与作者的认知区别
观众不愿意接受（被害者原谅加害者）
主要是因为观众认为（加害者根本不可能改变），观众代入了自己现实中的认知，得出了这一结论
但对于作品而言，作品并非现实
（加害者是可以改变的）
两者发生了冲突
按照作品设定，那必然是（加害者可以改变），但观众是通过现实真实情况得出的通俗认知，虽然不符合作品设定，但有现实实例为证，两者冲突，观众反而可以认为是（作品不符合现实是作品太假了，作者故意的）
这表现了一种现象
当作品中的行为逻辑和现实里的情况发生冲突的时候，作品内部的行为逻辑无法让所有人信服，争端自然出现
我永远喜欢奈雅丽，比比则是新交的女朋友，魔界人我左拥右抱全都要，死灵机械只是逢场作戏。
我哪渣了？",消极,1.0,0.0,辽宁
2024-04-23,"复活来自真人真事：一个贵族青年引诱了他姑母的婢女。婢女怀孕后被赶出家门，后来当了妓女,因被指控偷钱而遭受审判。这个贵族以陪审员的身份出席法庭，见到从前被他引诱过的女人，深受良心的谴责。他向法官申请准许自己同她结婚，以赎问罪过，不幸婢女在狱中死于斑疹伤寒。",消极,0.99,0.01,内蒙古
2024-04-23,我甚至觉得这作者就有恰残疾人烂钱的嫌疑,消极,0.72,0.28,四川
2024-04-23,我还是坚持两个看法，一个是作者对于主角心态转变的铺垫和描写，乃至最后爆发。另一个是时代背景，你把复活主人公换个身份，改成富二代京爷和山区女生，同样的剧情，你就看作者会不会被永封。,消极,0.98,0.02,内蒙古
2024-04-23,"托那个时代是封建时代，社会中男女主地位不平等的情况下，男主跨越阶层等级的忏悔显得少见，同时不仅男主，整个社会都在迫害女主，他的迫害是无意识的是整个社会观念导致的，相对与整个社会观念他是进步的
声之形里男女主地位是相对平等的，他的行为是社会不提倡的，相对于整个社会他都是落后退步的",消极,0.99,0.01,广西
2024-04-23,至少受的气必须发出去了。指望加害人良心发现不如同归于尽，现实不能有仇必报二次元还不能也太逆天了,消极,0.98,0.02,湖北
2024-04-23,现在没人能静下心来看现实主义小说了。时代变了，现在的人只想爽，所以说这种憋屈剧情他们看了肯定骂，至于故事本身所展现的人文气息他们是感受不到的。这就是为啥越来越多的作品讲究代入感，因为很多人已经没法用上帝视角来看待整个故事了,消极,0.98,0.02,河南
2024-04-23,因为当过妓女的读者很少，但是被霸凌过读者却很多。这就像一百万和一头牛的区别一样，你让宇智波佐助原谅木叶灭他满门我不会有什么意见，因为我又没被人灭过满门。但是你让绿谷出久原谅爆豪霸凌他那我就很有意见了。这也太**了点吧，作者到底有没有被人霸凌过啊。,消极,0.99,0.01,上海
2024-04-23,这实际上跟国人的重刑主义有关，普遍倾向于加重处罚施暴者，因此不愿意原谅。,消极,0.98,0.02,安徽
2024-04-23,不论是我自己个人经历来说还是从理论上来说，受到霸凌的人应该都是少数才对，10个里面可能都没有一个，怎么到网上一看相关话题下面全是说自己被霸凌了，什么症时尚单品,消极,1.0,0.0,陕西
2024-04-23,感觉这个东西往深研究会让这个帖子炸掉，因为艺术作品涉及意识形态政治正确，第一复活的原型故事在当时那个时代是进步的，但如果现在同样的剧情肯定不行了，所以语文历史课都要先讲背景和主题。第二，文艺作品对现实有引导作用，如果宽恕加害者，会对现实反霸凌有负面作用（既然加害者终会原谅我，那我为什么不去害他呢）。第三，涉及立场问题。这里我提一下杜鹃花落，在一些人看来，这文章太有人性了，加害者好可怜啊，他们也是受害者。然后原文作者和调研员就都寄了。,中性,0.58,0.42,内蒙古
2024-04-23,我觉得加害者得付出足够惨痛的代价并且真诚的忏悔，在此基础上才有的讨论。,消极,0.9,0.1,上海
2024-04-23,日心说肯定也不是对的，但是在当时那个时代相对于地心说那就是飞跃式的进步。声之形要是发生在19世纪20世纪那也没问题，可惜他不是。,消极,0.99,0.01,安徽
2024-04-23,仁者见仁智者见智吧,消极,0.98,0.02,江西
2024-04-23,实际上包括《安娜卡列尼娜》现在也有很多人说是给出轨者洗白。《复活》这种大家更像看到的是，强奸犯被判刑。,中性,0.58,0.42,江苏
2024-04-23,"大伙其实只想看霸凌者被薄纱 情绪宣泄罢了
至于自己有没有真的被霸凌 真正被霸凌者是如何想的没人在意的",消极,0.87,0.13,广东
2024-04-23,要考虑到时代局限性啊你在原始人时期写了一部小说，小说里祭司良心发现给活祭的人吃顿饱饭都算先进 在封建时代萌芽了新思想这确实是进步,消极,0.99,0.01,江苏
2024-04-23,其实就是霸凌离读者太近了，相比于别人的痛苦肯定自己的痛苦最重要。你看那个帖子多少人把霸凌看的比杀人埋尸纵火还严重你就知道了，他们能这么说是因为他们没被烧过也没被埋过，但真的被霸凌过当然我作为路人对此只能说我没有这样的痛苦，所以我认为把霸凌看的比杀人还严重纯属无理取闹,消极,0.98,0.02,宁夏
2024-04-23,善恶有报，应该是最直接的需求。,消极,0.64,0.36,陕西
2024-04-23,时代背景不一样有什么好说的，沙俄能跟现代背景一样吗,消极,0.98,0.02,天津
2024-04-23,前面说女主怀孕了那孩子呢？还有女主之后又爱上了男主这个昔日的仇人，那她最后和男二结婚的时候她爱的谁？只是想找接盘的？,消极,0.96,0.04,辽宁
2024-04-23,"因为人类其实没办法共情别人。
或者说大部分人类都不行。有少部分人人就可以想象出受害者的想法和感觉。
就比如你看到有个人在街边哭，你心里想的是他碰到了难事坚持不下去了。但是只有你真正遇到了，那种情绪在心里翻涌，你哭出来后，你才能意识到你看别人的情绪发泄和自己真正感受情绪，心里感觉是完全不一样的，天差地别。
这不是谁有错，而是生物本来就是这样的。
比如声之形，观众视角里就是加害者有罪，有错，去死。受害者很难过，很无助，可怜，心里委屈各种情绪。随着时间流逝抹平过去的伤疤，然后受害者忘记淡漠了过去的情绪，变得可以原谅加害者了。这是很正常的。
我想想，在举个例子，小时候受伤摔的跤，现在回忆起来这件事，有的只会有当时的记忆，但是没有当时的情绪。想反复记住情绪的爆发就是日复一日不断的回忆，让回忆和情绪变得鲜明，不要被时间抹平。（从生物学角度来看，如果情绪是一部分脑细胞受刺激，那这一批脑细胞死掉换新了，情绪自然就忘记了）",消极,0.99,0.01,上海
2024-04-23,我当时的想法是女主如果能登一下吹雪雏田大和莉莉丝这些大号里随便一个，然后把男主打一顿（别打死）的话观感会好很多,消极,0.78,0.22,上海
2024-04-23,其实声之形我觉得男主还行，甚至黑长直都能理解一点，只有绿毛真的是茶的令人不适,消极,0.93,0.07,云南
2024-04-23,你得看时代背景啊，那个时候的女人算什么东西呢，女人地位这样低看到一个对他好的有身份的人，感觉当然是不一样的，说实际点，这是跨越阶级的机会。而你如果可以用这种辩证唯物主义来写所谓的原谅剧情，他一样可以很好,消极,0.78,0.22,浙江
2024-04-23,这不就有现成的爱上霸凌者的剧情,积极,0.25,0.75,浙江
2024-04-23,你要这么讲那安娜卡列尼娜不就是女贵族出轨最后自杀的故事了吗，虽然情节相似，探讨的主题不同没法相提并论,消极,0.99,0.01,江苏
2024-04-23,反正以我个人而言 我是无法原谅霸凌者的,消极,0.89,0.11,江苏
2024-04-23,你把女主的性别换一下就知道了,消极,0.83,0.17,广东
2024-04-23,"主要是没必要把这玩意看成霸凌者加害者人群的代表，也别试图从娱乐作品里寻求什么三观。
只当做将也和硝子两个人的故事，作为一个旁观者看就行了。",消极,1.0,0.0,海南
2024-04-23,我印象里声之形里最逆天的不是其他同学吗,消极,0.94,0.06,江苏
2024-04-23,复活这剧情本来就很操蛋啊……,积极,0.06,0.94,江苏
2024-04-23,我觉得可能也得考虑时代背景？,积极,0.08,0.92,中国台湾
2024-04-23,说实话我觉得复活这部作品也是托作品里比较差的了，里面对于男主的心路历程真的非常经不起推敲，明明一个自私自利的人却突然发了善心变了个人的感觉。,消极,1.0,0.0,浙江
2024-04-23,复活什么时代背景？,消极,0.88,0.12,四川
2024-04-23,讲白了 现实中还有卢旺达事件 后续在弥合中 完全不可能弥合的事情视情况来说 其实也不大可能 总归会有人愿意妥协 （当然还的是两个巴掌）,消极,0.98,0.02,安徽
2024-04-23,是这样的你想想你救了一个被恶霸迫害的人，然后废了大功夫救了他之后他对你说谁让你干扰我们的play？谁要你救了？真下头，这个时候场上有三个人，分别是他，恶霸，和你，这三个中只有一个你觉得是谁。,消极,1.0,0.0,湖北
2024-04-23,不知道是不是翻译问题，复活当年我看到时候也觉得挺烂的，在我看过的名著里属于烂的那档（,消极,0.94,0.06,重庆
2024-04-23,"我完全无法理解西宫硝子在被石田将也搞坏了8个助听器之多家里损失170万日元约8万人民币，一直被霸凌的状态下还能对他抱有好感
我脾气再好也就是不再追究，完全没有原谅的必要",消极,1.0,0.0,江西
2024-04-23,我对声之形男主意见没那么大，我对女二意见比较大,积极,0.13,0.87,江苏
2024-04-23,不适合日常恋爱类型的轻小说和动画,中性,0.58,0.42,福建
2024-04-23,最好的结果就是加害者道歉然后双方不在往来，还爱上了是有多贱啊？抖M？,积极,0.13,0.87,江苏
2024-04-23,《复活》本身也是相当理想化的作品，男主的所谓悔过几乎不可能出现在现实，所以我也是不喜欢聂赫留朵夫这个人的，对于《复活》，我喜欢的是书中表露出来的背景与文化，也不是其中的情节。,消极,0.99,0.01,广东
2024-04-23,有人觉得声之形是浪子回头的自我救赎故事，也有人觉得这是霸凌者自我感动寻求心理慰藉的故事，说到底观众的视角和经历不同观感自然也不同，毕竟有人看故事有人照镜子，更别说17年资源刚流出的的时候731学院还没被ban，当时火爆猴粉丝的受害者有罪论可是恶心了不少人当时婊声之形的帖子很多都在转进火爆猴,消极,0.98,0.02,山西
2024-04-23,你跳出时代背景单看剧情不纯扯吗,消极,0.98,0.02,湖南
2024-04-23,复活的亮点难道不是男主背叛了自己的阶级体现了那个时代的先进性吗，声之形先进在哪，斯德哥尔摩动画版？,消极,0.97,0.03,安徽
2024-04-23,当然能写好，是声之形（电影）自己写得恶心,消极,0.87,0.13,英国
2024-04-23,因为现在的人尊严没有以前的低贱了,消极,0.98,0.02,江西
2024-04-23,因为这片本质讲的是残障人士的自我救赎故事而不是80故事，男主是精神残障，女主是身体残障，80不过是引子而已，况且故事里起码男主的行为是可以理解和接受的，为了自我救赎最后差点献出生命，我没觉得有什么不行的，说到底是这部剧触碰了很多人的软肋，仅此而已,消极,0.83,0.17,湖南
2024-04-23,哥尔赞效应，被虐者爱上施虐者,积极,0.06,0.94,四川
2024-04-23,声之形烂不烂我不知道，也不好说但是那帖子有些人还能因为声之形的原因说京阿尼被烧不值得同情的就搞笑，就这帮人的道德水平还好意思笑声之形的霸凌恶心,消极,0.9,0.1,广东
2024-04-23,"第一：加害者要悔过，并付诸行动改过
第二：受害者受到了补偿，可以放下被伤害的过去
第三：受害者从始至终都是弱者，这才是以上两点能成立的前提。
弱者被强者伤害，然后再被强者救赎
我个人不喜欢这种剧情",消极,0.98,0.02,重庆
2024-04-23,我觉得声之形写的挺好的，男主确实付出代价然后真心悔悟尽力弥补了，而且女主也原谅了,积极,0.24,0.76,江苏
2024-04-23,"问题看写了什么吧，复活的重点绝对不是聂赫留朵夫这个贵物的忏悔和心路历程，复活最宝贵的内容恰恰是通过叙述聂赫留朵夫在为喀秋莎奔走减刑，在和流放队一同踏上服役旅途中对社会百态的所见所闻。唯利是图的贵族、艰苦生活的工匠，思想开明的学生和工人……恰恰就是因为在这个故事里，聂赫留朵夫的心理活动被不断压缩，用底层人民的生活取而代之，用喀秋莎从沉沦到觉醒，身上从弥漫着一股暮气，到后来洋溢着快乐和善良的生气的复活之旅，取代了聂赫留朵夫那卑鄙的一家之见的忏悔，复活才是杰出的巨作。
否则，要是托尔斯泰光在聂赫留朵夫过去诱奸喀秋莎，后来突然醒转想要悔改的呓语当中作文章，复活就变得臭不可闻了。况且，鉴于原著结局的聂赫留朵夫对一切生活的问题，只是粗暴地皈依圣经福音书，我对这部小说的感受就不怎么好。",消极,0.86,0.14,北京
2024-04-23,我第一次看《复活》时还是个小学生，那时候的我连“妓 女”这个词的意思都不明白。总之这本书让我大受震撼。,消极,0.9,0.1,山东
2024-04-23,没看过，对俄罗斯文学一直是不明觉厉的态度。。。但是40万字的纯文学作品和109分钟的电影，信息量不是一个等级。,消极,1.0,0.0,江苏
2024-04-23,因为这女主脑子不正常,积极,0.17,0.83,江苏
2024-04-23,保留节目,消极,0.68,0.32,陕西
2024-04-23,这两个不该拿来比较，因为时代不一样，时代不同同样的事意义也不一样。五六十年前你要大夸日本美国多好你会被当敌特送去打靶，现在只是会有人骂你但政府不管。同样复活作为沙俄时期的小说，男主作为普遍腐朽不当人的贵族一员，能有悔悟真的是一件值得大书特书的事，是对于当时普遍不把农奴当人的贵族阶层来说一个巨大的进步。声之形发生在至少人人表面平等的现代，男主干得事对道德观来说简直算退步。无论什么故事都不该剥离其所处的时代来单独说的,消极,0.99,0.01,江苏
2024-04-23,反正现在这时代背景我是不太喜欢这种剧情，更希望传达的是被害者受到的伤害或者努力抗争的艰难，不要觉得能让施暴者凭良心悔悟,消极,1.0,0.0,广西
2024-04-23,不好说，很多对作品的评价很乱，很不对头，相当主观，主观到完全脱离了作品描述的情况，是他们莫名其妙的情感宣泄，我不知道他们是不是真的被80了，但这不是满口胡言乱语的理由,消极,0.92,0.08,重庆
2024-04-23,"真的写不好，你可以写好加害者的改变。但是受害者爱上加害者，无论怎么写这个人物都很抽象。而改变这种认知的居然是性别，你是男的代入加害者就能接受女受害者爱上加害者，反过来也一样
复活的创作时代贵族哥能对一女仆姐有个悔意已经算很好了。
可是镜头依旧是固定在贵族哥身上的。
这些作品无一例外都是加害者的洗礼，可问题并不出在加害者身上，知错能改很好，没人说不是
问题是受害者不可以如此空洞。一个女仆，一个聋子，打一开始他们就对自己的遭遇无能为力。结果加害者知错能改后，连最基本的恨都要作为这场洗礼的结束扭曲成爱？",消极,0.95,0.05,浙江
2024-04-23,"因为很多人看这番喜欢代入自身经历，尤其作为霸凌受害者的。你让这些人去理解女主的行为逻辑就是不可能的事。
而且霸凌属于人类社会最无解的问题之一，对霸凌者的处理不管怎样都无法令大部分人满意，这番最大的问题就是选择了这个题材，故事再怎么改都注定了这作品会被骂。",消极,0.7,0.3,云南
2024-04-23,我觉得声之形不至于被喷，但你拿复活比也太抽象了。声之形是男主是贵族，还是女主是女仆了，还是声之形的日本是一个19世纪国家了？起码拿一个相似社会风气或者年代背景的东西来比啊,消极,0.9,0.1,上海
2024-04-23,豆沙了,消极,0.71,0.29,江苏
2024-04-23,"声之形没什么问题，至少没做出受害者道歉两次，加害者反过来原谅受害者这种剧情，我已经能接受了
贴吧更新着居然把去小尾巴的功能删了？",消极,0.94,0.06,上海
2024-04-23,把受害者洗脑或者让受害者失忆，然后加害者把这段经历抹掉就行了,消极,0.98,0.02,河南
2024-04-23,这两者是有本质区别的，复活的加害者是高贵的贵族，而受害者则只不过是一名女仆，身份差距如此悬殊，当上位者宣布自己在忏悔的时候，下位者除了接受还能怎样呢？,消极,1.0,0.0,山东
2024-04-23,你指望让这吧大部分没读过文字书籍的死宅，属实是太高看他们了,消极,0.98,0.02,河南
2024-04-23,一些人宁可把问题归咎于，怪罪于“写不好，处理不好所以我喷它”上，也绝对不肯承认是“读者玻璃心，极端化，碎片化，断章取义，根本不会看任何老作品老名著”上。很多老名著别说把梗概写给当代读者看，哪怕是全篇看下来，他们也得喊一句什么烂矢惊天大雷作。,消极,1.0,0.0,广东
2024-04-23,我觉得不好,积极,0.4,0.6,四川
2024-04-23,"是可以啊，没问题，只要你事先铺垫好对应的社会环境或者家庭环境因素对当事人的影响，让当事人的选择能够说得通就可以
我拿龙女仆来举个例子，托尔原本所在的世界里，人类与龙或天然或被迫呈敌对关系，有来有回地相杀，这种背景环境下你还会去追究托尔以前杀过多少人吗？",消极,1.0,0.0,福建
2024-04-23,问题是当初我看复活也觉得恶心啊,消极,0.63,0.37,四川
2024-04-23,"仇恨和罪只有施暴的一方死透后才会消失
我的建议是这两个男主死完了再谈他们恶心的救赎",消极,0.98,0.02,黑龙江
2024-04-23,"哪怕是伟大如托尔斯泰，也不可能完全逃脱时代的局限性，可能在他那个时代，男主内心痛苦，想补偿受害人那就已经是“复活”了，但起码生活在21世纪的我这里，他不坐个牢是过不了关的（我知道一个贵族坐牢在那个年代是扯淡，托老写的很合理，但不合我胃口）
《复活》我没完整看过，但其他的赎罪类作品我也算了解一点，比如《肉蒲团》的男主，他赎罪的方式很老套，出家嘛。但那肯定不够，所以他把自己阉了，这我就看得挺爽的。
还有《飘》，其实不算赎罪，但也有后悔属性在。书到了结尾其实白瑞德也没原谅女主，我看得也很爽啊，不原谅本来就没啥问题啊。
所以本来名著本身就有原谅和不原谅的流派，当然要允许读者也有不同流派啊，我是后者我看《复活》当然就不舒服，不管他文笔有多好。",消极,0.99,0.01,贵州
2024-04-23,那么从你的论述中我们可以得出一个结论，声之形被声讨并不是受害者爱上加害者这种剧情不行，而是声之形这个电影本身不行,消极,0.98,0.02,湖北
2024-04-23,如果是现代故事，就应该把这个强碱饭送进监狱，在法庭上痛哭乞求原谅，被害者只需要丢出一句“你不配”,消极,0.99,0.01,北京
2024-04-23,你这个例子与人权地位相关被时代局限，但声之形的背景是现代社会，女主也不是男主的星怒女仆,消极,0.95,0.05,湖北
2024-04-23,看赎罪的力度有多大了，我记得声之形最后男主用命去赎罪了，这种还不能原谅的话我觉得多少有点过了,消极,0.72,0.28,山东
2024-04-23,什么斗破苍穹？,消极,0.98,0.02,广东
2024-04-23,剧情大概就大纲，原案，这类东西。最终呈现给观众的还得看剧本，剧情包含在剧本里面的。剧情简单，剧本不错的，就有孤独摇滚，mygo这种例子。剧情不错，剧本垃圾的就比如混沌之子的动画，或者寒蝉卒，龙7写的故事，女同相爱相杀什么的其实大致上还算可以我也好这口，就比如魂环也是相爱相杀，但是久弥直树这个编剧把寒蝉卒这个悬疑故事的解题篇写成搞笑故事了。当然，除了剧本，还有动画演出，音乐等要素，才能觉得作品最终观感。,积极,0.08,0.92,黑龙江
2024-04-23,与中国文化和教育有一定关系，在国内教育体系下，人们经常试图在虚拟作品中寻找“教育意义”，即看完这部作品我得到了什么，作者教会了我什么，所以有人会认为声之形在教导我必须要原谅施暴者，三观不正。有些作品单纯看个故事也挺好的，只是主角这么做了，没人逼迫你也这么做，你可以不喜欢这个故事，但也别强行扣个三观不正的帽子,消极,0.81,0.19,陕西
2024-04-23,声之形的男女主我觉得都还不错，男主确实也为了赎罪干了不少事，但女二真受不了吧,消极,0.88,0.12,海南
2024-04-23,我怀疑如果楼主直接把复活遮掉名字发个剧情梗概出来，下面这些扯什么时代背景身份差异的人都会直接了当地喷烂吧还不如像某层层主一样连托尔斯泰一起骂，起码不双标。,消极,0.97,0.03,湖南
2024-04-23,形容一下，差不多就是追妻火葬场的那种,消极,0.89,0.11,湖北
2024-04-23,男主被80的时候已经知道这种感受并且改变甚至学习了哑语 我认为他比大部分人都强,消极,0.66,0.34,四川
2024-04-23,妖尾的伽吉鲁和蕾比算写的合理的，也有很多人喜欢这对cp，反面例子就是作者的另一作品有个斯德哥尔摩受害者爱上加害者的扭曲cp狠狠恶心了读者一把，但换个世界这对反转成了妻管严的纯爱，我个人对这种类型实在无感,积极,0.12,0.88,湖南
2024-04-23,哪来那么多PTSD患者啊？无法同情，看乐子,消极,0.97,0.03,浙江
2024-04-23,大伙儿喜欢自己治，最擅长替别人原谅or不原谅，只要不合心意就喷呗。,积极,0.34,0.66,河南
2024-04-23,其实可以参考黑契2，印象里苏芳视角黑叔应该是杀了她爹还对她拳打脚踢的纯➗,消极,0.98,0.02,河北
2024-04-23,"加害者唯一的归途就是带着忏悔下地狱去，如果下不了地狱也离被害者越远越好
一切都已终局，赎罪是个彻底的伪概念，祈求被害者原谅更是令人恶心的自我感动",消极,1.0,0.0,湖南
2024-04-23,可以写好啊，有很多那种斯德哥尔摩综合症的情节就类似这样的，被害者爱上加害者,积极,0.29,0.71,广西
2024-04-23,楼主能不能推点类似的纯爱唯美动漫啊，昨天看完声之形、你的名字、天气之子，现在好上头啊……至于对这些动漫的看法的话，我自己一直都是取其精华剔其糟粕这样的看法的，没有什么东西是完美的，不要太苛刻，能从一样事物里面获得你喜欢的东西已经不错了,积极,0.37,0.63,广东
2024-04-23,"1、文学作品也是有时代的局限性的，肯定其文学价值不等于认同作品表达的一切观点。
2、尊重物种多样性。
3、反正我是接受不了。",消极,1.0,0.0,上海
2024-04-23,复活有阶层矛盾，声之形有吗,消极,0.71,0.29,安徽
2024-04-23,首先给你说，受害者爱上加害者本身就不是正常人能接受的剧情，尤其是校园霸凌这部分，声之形受害者自己觉得自己是个fw，别人欺负自己都无所谓，加害者因为事情败露被卖反省，然后想对受害者好然后被喜欢上。非自然死亡里面的校园霸凌就是无法惩治霸凌者，所以受害者用自杀的方式来让别人惩罚加害者，这种剧情都是这么写的悲剧的，谁几把跟声之形一样写着成爱情理解了,消极,0.65,0.35,陕西
2024-04-23,简单，像《君之匕首》里一样，罪有应得甚至付出生命的代价就行,消极,0.93,0.07,江西
2024-04-23,再说一句，校园霸凌只有一个结局，受害者在接受加害者的欺凌，身心俱损的情况下求助他人最终曝光惩治。硝子本身病态的自毁就不是该有的，还有加害者不停的纠缠受害者然后互相理解的，把校园霸凌看得跟小孩子打闹一样简单,消极,0.92,0.08,陕西
2024-04-23,所以有人吹复活是反80神作吗？,中性,0.48,0.52,四川
2024-04-23,受害者真正认识到了错误，诚心悔过，不搞施舍自我感动那一套就行，至于有没有受到法律的惩罚要贴合故事背景来看，有些人是为了声讨而声讨，不必理会,消极,0.94,0.06,山东
2024-04-23,女主不该由加害者男主拯救，要么自救要么塑造另外一个角色,消极,0.95,0.05,广东
2024-04-23,为什么是原谅加害者？在我看来是互相救赎,消极,0.97,0.03,广东
2024-04-23,因为现实生活中搞校园霸凌是很困难的，一个男生这么欺负一个普通女生更是闻所未闻。,消极,0.97,0.03,黑龙江
2024-04-23,文学作品没问题，文学这玩意有一套自己的评价标准，作为面相大众的普通作品我只能评价烂,消极,0.96,0.04,福建
2024-04-23,时代不一样啊，这个很关键啊，以前人人和地位都不同，观念也不同,消极,0.98,0.02,广东
2024-04-23,我从始至终都认为这电影的主题是交流，至于8零，我认为他少了点儿，印象中施暴的不止男主自己，可遭受惩罚就只有男主了,消极,0.99,0.01,山东
2024-04-23,相信我，大家不接受只有一个原因——你TM悔过的不够。,消极,0.96,0.04,安徽
2024-04-23,霸凌者永远不配得到原谅，我的普世价值观让我得到这个结论，至于男主，死不死的先不提。有多远滚多远就好,消极,0.92,0.08,山东
2024-04-23,跳楼往水池跳我没绷住,消极,0.92,0.08,吉林
2024-04-23,？这小说也不是纯讲欺凌的啊，你拿一个内涵丰富的小说和只有欺凌一个主题的声之形比对欺凌的处理是否有点，要这么说那红楼梦就等于宝黛爱情故事喽聂赫留朵夫如何在颠沛流离中和不同身份阶层的人接触，这些被时代造就的人如何改变了他的观念，最后他甚至在封建时期就觉醒了较基础的g/c/z/y/思想这些部分你是一个字也没看进去啊,消极,0.99,0.01,北京
2024-04-23,名著和一般作品不是一个维度的,消极,0.97,0.03,广西
2024-04-23,都不是一个时代的如果都是21世纪的东西而且是一种类型的再说这基本上和拿鲁迅去说爱猫没什么区别,消极,0.99,0.01,江苏
2024-04-23,我觉得功力很重要，还能有点人维护一下作者不是一边倒的骂。因为有的人可以看了一点，然后带着幻想歪曲部分情节接着开贴输出，或者说一半真开贴骂，没看过的评论谢谢避雷跟着输出。有的看到中立概述觉得这题材恶心已经开始输出了。以上是我看到一些动漫化时部分贴吧情况。作者功力再好又能怎么办，不看就不能输出了？更别说功力不好了,消极,0.97,0.03,广西
2024-04-23,出现这种情况只能说，电影没编好，声之形更适合做成TV动画，电影省略太多东西了。,消极,0.87,0.13,北京
2024-04-23,很多人根本没看过声之形就开始黑了甚至一部分看过的还是删减过的版本。声之形本质就是男女主的成长故事，至于其他霸凌者没受到惩罚，心理上根本没悔改这件事，反倒提高了作品的高度，表面朋友罢了,消极,0.96,0.04,广东
2024-04-23,我感觉这个可比声之形还要恶劣多了，声之形跟这个比是真的小巫见大巫，当然，读者只会把这个说成经典，毕竟文学还是比轻小说文高贵的,消极,0.99,0.01,河南
2024-04-23,原谅***，你是小时候没被那些人恶心过是吧,消极,0.9,0.1,江苏
2024-04-23,哪怕是名著，也是存在它的时代局限性的…,消极,0.91,0.09,山东
2024-04-23,声之行动画组做的不错。但是我是上学被霸凌过的，所以对男主这种人心里是十分厌恶的，尤其在女主是残疾人的情况下，更觉得男主不是东西。,消极,0.82,0.18,湖北
2024-04-23,我觉得都挺逆天的,积极,0.29,0.71,湖南
2024-04-23,我看复活那会是真羡慕聂的生活，真的太人上人了。声之形的男主好歹后面还遭了不少罪，聂前期真的是那种上层阶级的自我感动，到后面觉醒了开始同期普罗大众分地给农民才真的成长了。,消极,0.99,0.01,山西
2024-04-23,洗霸凌的人，祝你遇到你命中的那三个活埋小子,消极,0.97,0.03,天津
2024-04-23,就算是大文豪写的，该是💩还是💩,积极,0.33,0.67,上海
2024-04-23,我觉得同样是一受害者爱上霸凌者这个游戏写得挺好的,积极,0.08,0.92,美国
2024-04-23,一三五声之形二四六龙与虎 周日手游大乱斗 没活了是吧,消极,0.97,0.03,日本
2024-04-23,大概因为京阿尼的世界观里都不存在里世界和表世界，像寂静岭这些世界观设定才有。,消极,0.98,0.02,广东
2024-04-23,其实霸凌题材的黑暗荣耀就好评如潮，受害者其实基本不会爱上施暴者，恨意是不会轻易消散的。,中性,0.51,0.49,浙江
2024-04-23,中国式主角确实比较关注怎么啥人全价,消极,0.97,0.03,山西
2024-04-23,单看你这段描述，我觉得俩都可以被骂，但是复活我记得加害者受到了应有的惩罚吧 好久以前看的了，我对人名记得很差导致剧情也顺不下来。再说声之形吧，我觉得应该有个原则，就是可以原谅但是不能轻易原谅，复活我记得就是这样加害人也收到了应有的惩罚然后被原谅，而西宫硝子她压根就没原谅的前提，也就是恨意，她觉得都是自己的错，将也因为施暴后的良心发现而开始挽回与救赎，西宫硝子呢，她看到了男主对她挽回的真情就恋上了，所以本身没有正常该有的那种加害者与被害人的立场关系，可以说霸凌只是他俩组成关系的一个纽带而不是距离的纽带，最后也就是一段普普通通的恋爱了,消极,0.99,0.01,山东
2024-04-23,我的评价是你好歹刻画一下前者的后悔和痛苦，对自己罪孽的沉痛悔过（或者刻画一下后者被前者的忏悔行为逐渐软化）而且要有详细的过程。这样这部作品就在这个层面合格了。但部分观众接受不了也很正常（毕竟能不能原谅本身就是看在人眼里“现在的帮助大于或小于过去的痛苦”而且本质上现在的也改变不了过去已经发生的，但这不是什么哲学命题，文艺作品能做到这份上就够了）也如果直接套个谈恋爱的皮开始原谅，全程谜语人，对自己的忏悔和耍小孩子性子差不多，那真是笑嘻了,消极,0.99,0.01,湖北
2024-04-23,"今天刚在b站看到一个讲声之形的，感觉挺有道理
BV1XF4m1w7nj",消极,0.96,0.04,上海
2024-04-23,能写好，但写的再好都会有人骂，因为总有人不会好好看或看完再评论。,消极,0.65,0.35,广东
2024-04-23,我觉得还好，毕竟男主也确实把自己犯的错都自己吃了一遍，受害者也原谅了，怎么不能给一个重新来过的机会比起男主，我觉得声之形那些配角问题更大吧，明明同样也是施暴者（不仅是女主的，还是男主的），却完全没收到惩罚，甚至结束的时候跟没事人一样合家欢了，让人作呕尤其是那个绿茶,消极,0.99,0.01,四川
2024-04-23,只看文字描述就感觉到社会环境完全不同，当然我没看过原著但给我一种高位者自我感动的感觉，我也无法共情。作为曾经的bl者，我只能说我会弥补我作的错，但是如果对方对我表达感谢甚至爱慕我会感觉她斯德哥尔摩,消极,0.99,0.01,重庆
2024-04-23,"写不好，我初中被人80过，成绩又差社交又烂，然后进入循环，重点是你被80老师同学都是睁一只眼闭一只眼的
我后来受不了就辍学了，运气好沾到计算机的尾风，现在在写游戏服务器，生活上问题不大，但是前几天知道80过我的一个同学当兵混得风生水起，你现在去攻击他，怕是要被舆论也不会支持我，心理更加不平衡了",消极,0.99,0.01,江苏
2024-04-23,"我没看过复活，单凭你的讲诉的话。我觉得复活里面女主拒绝嫁给男主就说明女主已经彻底原谅男主了，因为男主很明显不爱女主，他只是为了能让自己安心所以去对女主进行“付出”，但是女主拒绝了他的“付出”，这意味着女主已经认为自己不需要再得到男主的道歉了，是真正原谅了男主。
但是声之形里并没有真正对施暴者进行反思的内容，声之形只是让施暴者长大后带着愧疚的心去接触女主，而且拉高了施暴时和后续接触时的反差，表现出来的是一种作者层面的对施暴者的宽恕，声之形的女主角更像是作者的传声筒，作者不仅从人设上覆盖掉了施暴者施暴时那会的人设，还让施暴者一直对女主“付出”，这根本不是在对以前的事进行一个了结，而是在现在祈求谅解，他们没有真正面对施暴这个事情，只是希望自己以后的所作所为让受害者不会追究，还表现出自己并不是只有“恶”的一面（这就是为什么要写人设覆盖），从作者层面上他就想写的是“受害者不追究施暴者”而不是“受害者对以前的事释怀原谅施暴者”，表现出来的就是一种纯纯的躬匠精神。我以前做错了，但是那是我以前不懂事，我其实并不是故意做错的，我其实还有好的一面，我现在补偿你，希望你不要追究我的过错，这就是《声之形》展示的。
但是复活又不同，从你口中的结婚可以看出，复活的男主是抱着用一生去补偿女主的念头去补偿女主的，他愿意用自己的一生去救赎被自己的年少轻狂伤害了的人，他这根本不是在祈求女主的原谅，这是在祈求自己内心的原谅，这才是从内心上的对自己的行为反悔，对自己的行为羞愧。和声之形里的觉悟完全不是一个级别的。",消极,0.99,0.01,重庆
2024-04-23,声之形很久之前看的，比起是受害者和加害者的故事更像是两个受害者的故事，很多人忘了男主其实是个被霸凌到想要自杀的人,消极,0.83,0.17,浙江
2024-04-23,那部感觉还行吧，男女主互相救赎不算单方面的谁原谅谁,积极,0.32,0.68,广西
2024-04-23,我觉得可以,中性,0.41,0.59,广西
2024-04-23,虽然日本人画的不行，但托尔斯泰也不是什么好东西,消极,0.97,0.03,山东
2024-04-23,复活什么时代背景？托尔斯泰什么高度？,消极,0.97,0.03,江苏
2024-04-23,男主的坏更多是无知的坏，和周围那几个还是有不同的，现实中这两种人我都遇过，像男主这种人长大后自然会懂事，也不需要像动画里一样被被别人欺凌一遍才会明白。只不过男主受了这些罪提前明白了而已。一个本性并不坏的人，因为无知做了一些错事，之后悔改道歉和补偿，我觉得男主已经完成赎罪了。至于复活的男主就算了吧，小学生和青年还是有区别的。将也是从动物变成好人，他周围那些同学尤其是老师自始至终都是恶人，聂赫留朵夫是从恶人变成好人,消极,1.0,0.0,广东
2024-04-23,这两个行为逻辑不一样的作品你能放在一起比就很逆天，再加上这是两个不同时代背景的作品来对比就更逆天了，往前推个几千年有人被选为宗教仪式的活祭品还能感恩戴德，你放在现在能行吗？,消极,0.88,0.12,江苏
2024-04-23,建议京阿尼爱上烧京阿尼的那个,中性,0.51,0.49,贵州
2024-04-23,什么垃圾剧情,消极,0.96,0.04,广西
2024-04-23,声之形男主认识到自己错了，也努力去赎罪了，这很好。问题在于女主有很严重的斯德哥尔摩倾向，我认为男主没有资格接受女主的爱，这实际上是一种不平等条件下产生的感情，我很难接受这个,积极,0.39,0.61,浙江
2024-04-23,能不能原谅是女主的事，也只有女主自己有这个权利决定，只要她愿意就可以原谅，她愿意就可以不原谅，其他任何人都没有资格替她决定，她觉得可以原谅，别人就没有资格说她的选择有问题。,消极,1.0,0.0,浙江
2024-04-23,你写这个剧情当然没问题，因为西宫硝子太温柔太温柔了，她从头到尾都是不在乎自己受伤的那种人，所以将也才有机会弥补，同时将也也确实真心悔过想让西宫硝子过的快乐，所以可以接受。但是里面最重要的是西宫硝子的温柔，而不是将也的悔过,消极,1.0,0.0,福建
2024-04-23,我倒是很喜欢的,积极,0.17,0.83,云南
2024-04-23,不知道，只知道当初那位抗日奇侠没把牢京整个送走太可惜了,消极,0.98,0.02,重庆
2024-04-23,醉翁之意不在酒，很多人本身就只是想借个复仇之名罢了,消极,0.96,0.04,北京
2024-04-23,"复活要看历史背景，在那个时代，被强奸过的女性太容易被其他男性排斥和贬低，如果强奸者能够承认错误并且本身条件不错，让两人结婚可以算得上是一种对被***性的救济措施
但是现在时代不同了，在印度中东那一带现在还有这样的习惯，你看出了这种事网上有夸的吗？
而且具体到这部动画，受害人原谅加害人我是可以接受的，但爱上对方就扯淡了。爱上一个陌生人不是什么一定需要理由的事，但爱上曾经加害自己的人，没有充分逻辑支持是不能被接受的，而这样的理由在剧情里表现的非常牵强，就是为这碟醋包了这顿饺子，那观众自然不买账",消极,0.98,0.02,上海
2024-04-23,全篇又不是只有两个人，就单说这个故事里男主已经算比较正常的人了,消极,0.73,0.27,上海
2024-04-23,"有一些长篇大论分析的人脑子里想的是不要在虚拟里寻找现实，大析特析两个人之间的爱情文学和讽刺意味，而有些相似经历的人看到情节发展就像是自己内心最深处被挖出来狠狠地甩在脸上，心跳加速，热血上涌，呼吸急促，恨不得回到当初那个时候做出狠狠的反击，正如作品里被害者随着时间和剧情的发展会爱上加害者，部分现实里的被害者也因为时间的流逝和不断向前永不倒退的现实生活改变了，这些人只能永远把怒火和仇恨埋藏在心，或许在某个夜晚被惊醒，但绝不会爱上加害者。
当然作品是作品，想怎么写就怎么写，有的人觉得akkbkg也很合理，但是你要拉扯到现实那不好意思，你寻找现实了那现实也会缠上你，在你主动和被动接受每一个信息时",积极,0.09,0.91,四川
2024-04-23,傻布剧情，我燥他妈，什么精神病患者，什么未成年犯罪，只要侵犯了他人的健康权和人身权益都该去死明白吗？一帮写文章的唧唧歪歪好像写了个多了不起的故事似的，看得我反胃,消极,1.0,0.0,浙江
2024-04-23,只要你是个正常人类都不会觉得声之形是人能看的,消极,0.95,0.05,天津
2024-04-23,不喜欢直接转化为不好，这种判断能力得出的结论没有什么参考价值,中性,0.55,0.45,山西
2024-04-23,追夫火葬场的作品，90%的观众都会希望男主选其他人而不是选择霸凌男主的女一，性别换了也是一样的。声之形这种结局换网文里是要被喷死的,消极,0.99,0.01,广西
2024-04-23,声之形不是加害受害的问题，它说的是“校园暴力”的问题。因为这个话题跟现代人关系太大，你觉得可以接受或不可以接受都跟你的经历有关。我是觉得拿“爱情”来掩盖“校园暴力”的表现手法接受不了。,消极,1.0,0.0,上海
2024-04-23,如果声之形只有男主这一个加害人，可能差评不会那么多，关键在于还有其他人，而且是主要人物，还死不悔改，连带着把男主的风评一起拉低了……这片子就是少了小南极里面女主让那些出名就来攀关系的同学滚蛋的场景……太执着于和解，而且还是受害人来和解加害人，这没人接受得了……,消极,0.99,0.01,湖南
2024-04-23,我不觉得写不好声之形本身在我看来就写的不错，但有些人就是接受不了这种事，跟谁写出来关系不大,消极,0.9,0.1,广东
2024-04-23,"一个不完美的，甚至做过恶还能讨人喜欢的主角是很多的。日漫里有大量经典的例子。为什么唯独《声之形》受到了批判？
首先第一点，“校园霸凌”这个元素离现实太近（近的事件不说了），如果处理不好，没有充分认识到80行为的本质，从而从一个言之有理的角度切入的话（不是看不得有坏人，而是看不得作者把坏人当做好人，颠倒黑白），容易受到观众反感；
再有就是人物塑造；主角的塑造是没什么问题的，思想转变足够合理，自我批判的力度够深，全片也并没有洗白石田，他一直都是承认罪行的状态，这是一个能让观众理解的典型的“由负数到零”的成长型角色。问题出在女主身上。女主爱上80者，这是全片的一个大雷点。这跟大伙吐槽“国产剧第几集谈恋爱”一个道理，无论什么事都能甜甜发糖，然后狠狠收割cp党的米。而且爱上一个80者，真是太酷啦！颇有一种xxs黑化无病呻吟的美感。有人要说了，女主可能有哥德斯尔摩综合征，男主是个很温柔的人，女主缺爱，三点合一，爱上男主很合理啊。这里不是eva，它不是一部展现心理学知识的片子，而是一部大众向的片子。它想要展现的是80给人带来的伤害，而不是为了展现80给人带来的心理学影响；那么人物的行为逻辑也应该正常一些；即使出现这样的情节，也应该借其他角色之口来批判，使得情节合理化。
本片的另一个问题来自于植野。实际上，声之形的主题不是反对校园80，而是借80宣扬相互理解的理念。这个主题由植野批评女主“你也给大家带来了很多麻烦”开始，到最后日式包饺子结束。相比于石田一直处在赎罪的状态，植野才是真正被洗白的80者。为什么洗白不成功，因为女主给人带来的麻烦与女主受到的伤害不成正比。直到最后，植野仍未承认自己的错误，而是用傲娇的性格搪塞了过去，逃避了对于这个角色的的批判，全片就在这样一种诡异的和平中结束了。
作为创作者，要清楚自己在创作什么，什么是角色的三观，什么是作者的三观。声之形是典型的角色三观与作品思想混杂在一起的作品。角色的三观引导他在故事中的行为逻辑，作者的三观引导着作者对人物的描写角度。孔子写春秋，对于杀人的行为，有的用“杀”，有的则用“弑”，没有改动角色的行为，情感倾向却完全不同了。打个比方，有人发了一段逆天发言，这时你选择？①把逆天发言原封不动复制过来②复制逆天发言，对其进行批判③说xxx在某处发布了这样的言论：“xxx的逆天发言”。②③都是没问题的，但你选①的话，别怪大伙骂你。
最后，多看死亡笔记，分析分析里面是怎么处理月的，这样就知道如何处理反派角色不会使作品遭到反感了",消极,0.99,0.01,广西
2024-04-23,卧槽，B吧竟然没有定风向，知道时代背景不一样,消极,0.91,0.09,广西
2024-04-23,受害者本人当然有原谅的权利反而其他去剥夺这种权利才是另一种加害,消极,0.95,0.05,江苏
2024-04-23,作品里的原谅情节接受度取决于笔力和读者的情感共鸣程度，也就是读者自身是否原谅加害人，而现实里完全取决于受害者当事人的想法，旁观者接不接受没有影响,消极,0.99,0.01,日本
2024-04-23,没看过声之形，光看描述确定不是什么斯德哥尔摩吗,消极,0.98,0.02,广东
2024-04-23,"剧情走向是没问题的，但是到了角色身上就坏了。
角色没有悔过的想法，一切都是自我感动。对受害者没有任何帮助。",消极,0.99,0.01,江苏
2024-04-23,你看风情不摇晃看多了？,消极,0.97,0.03,辽宁
2024-04-23,下面的人一边深恶痛绝霸凌感觉很正义，一边又对意见相反的人恶言相向，还拿纵火犯说事。只能说太割裂了,消极,0.98,0.02,内蒙古
2024-04-23,有没有可能一部作品要从背景，内核，乃至作者文笔综合考虑的？继扑街写手写破鞋碰瓷金庸现在又到了声之形碰瓷列夫托尔斯泰了？要说原谅你怎么不洗之前那个缉堵警未婚妻的爱上堵贩的那个？,消极,1.0,0.0,四川
2024-04-23,结合时代看背景吧，不同的时代有着不同的审美和看法，结合现在基本上所有的bl来看基本都是恶，没有赎罪，只有受害者受伤，至于那些人什么事没有，甚至忘记了这件事，过着开心的日子。就从这点来看，声之形就是意淫的产物，没有结合实际，脱离实际来看，动画质量还是很高的。,消极,0.99,0.01,新疆
2024-04-23,"《复活》不可避免地有时代局限性，且列翁表达的中心不会是这种浅层意思。
但是日本子是战后就喜欢搞这种圣母一套，归根到底还是战败卖惨的心态作祟。",消极,0.74,0.26,澳大利亚
2024-04-23,我觉得声之形里女主原谅男主还好，因为男主也遭报应了的，并且后面也确实在赎罪,消极,0.94,0.06,重庆
2024-04-23,可以写的吧，施暴者要承受一次同态复仇或是承受受害者一倍以上的痛苦，然后受害者能接受就行。,消极,0.96,0.04,广东
2024-04-23,逆天，现在邯郸那事还不知道吗？让被霸凌的人原谅并且爱上霸凌者，这不是你们最喜欢嘲讽的女频霸道总裁爱上我吗？怎么现在又来说好看了，宅男能不能别那么双标,积极,0.27,0.73,湖南
2024-04-23,"浪子回头的前提是浪子没有浪过头，浪过头那还是死在沙滩上比较好。
总之就是，具体情况具体分析。这个剧情发生的背景大环境、受害人和加害人双方的人设、作者本人的文字功底、作品本身的题材等等等等都是影响观感的因素。
像题目中“受害者爱上加害者”这种剧情与其说是“写不好”不如说是“不好写”，不然为什么类似的剧情，托尔斯泰能写出让大部分人看完后觉得剧情逻辑没什么大问题的《复活》，而《声之形》却没办法做到呢？
不过有一说一这作者何德何能要和托尔斯泰放一起比较啊",消极,0.62,0.38,河北
2024-04-23,你这样说的话，鲁滨逊还贩卖黑奴呢。名著里的主人公本来就不一定是正面角色，洛丽塔也是名著，也不妨碍人们批判他。复活的主人公不就是应该被批判的吗？不犯罪的人还比不上犯罪的人了，这不是一件可笑的事吗？色戒也是名著啊？你觉得色戒里的女主没被人批判过吗？总之，爱情，奥，爱情是最伟大的，一切都能被所谓的爱情洗白。所以西门庆和潘金莲是正派，武松是反派，因为他破坏了爱情的自由啊。,消极,0.99,0.01,安徽
2024-04-23,只能说编剧低估了大众对于霸凌的厌恶，即使霸凌情节并不是编剧主要想写的，但是它出现了就必定不会让所有人满意。对于声之形，我的评价是一坨,消极,0.99,0.01,安徽
2024-04-23,确实是声之形想写但没写好，结果好多人硬要说写这种就是不对的，也是无语了，希望他们犯错也会一辈子不被原谅永远鞭尸,消极,0.99,0.01,上海
2024-04-23,楼主没必要那么认真的在讨论，那贴里都直接快进到京阿尼做了声之形就应该原谅纵火犯了。我感觉很多吧友只是想现实生活里无处释放的戾气而已,消极,0.98,0.02,江苏
2024-04-23,就是勾史,消极,0.85,0.15,安徽
2024-04-23,前一阵还有小孩被霸凌致死的事件，有多少人想把霸凌者碎尸万端。你觉得这些霸凌者可以被原谅吗？只要你做了坏事，你就是恶人，没有洗白的说法，只有你愧于良心在洗自己而已。声之形就是因为把不该洗的人洗的太白了所以才这么被恶评。而且随处可见的校园霸凌是每一位被霸凌者一生都无法忘记的痛苦记忆，被霸凌者更容易对作品里的剧情共情，而不是复活里面虚无缥缈的贵族和女仆，读者只是看个乐子,消极,1.0,0.0,辽宁
2024-04-23,声之形男主我真的觉得很ok了,积极,0.14,0.86,中国台湾
2024-04-23,光看你这个标题我都已经觉得很炸裂了😥,积极,0.39,0.61,广东
2024-04-23,你都拿沙俄时代类比现代了，那还能说什么呢,消极,0.97,0.03,上海
2024-04-23,很简单，时间会冲淡一切,消极,0.65,0.35,广西
2024-04-23,一天一贴，你们这频率是否过高了,消极,0.68,0.32,湖南
2024-04-23,喜欢加害者不是很正常🐴，什么爱上总裁爱上zbj爱上高管...,积极,0.14,0.86,贵州
2024-04-23,"别尬黑，孩子不懂事霸凌玩呢，霸凌不过只是犯个错罢了给个机会嘛。
某些人就是这个逻辑，我只能说无敌了很适合看霸道总裁爱上我的女频",消极,0.91,0.09,江苏
2024-04-23,"须直面，须忏悔，须偿还。
以上三点做到俩点我作为旁观者能接受，作为被害人要去接受原谅的话，我觉得一点都不少，但更别说还要谈恋爱了。",消极,0.91,0.09,上海
2024-04-23,我小学和初中被霸凌过，当然不是很严重，不然我今天就不能在这里发言了。如果你现在问我会不会原谅霸凌者？那我只能说我已经不在意了，我内心深处已经原谅他们了。我现在不恨他们，也不会想对他们进行复仇。,消极,0.98,0.02,广东
2024-04-23,网络暴力真可怕，还好我是施暴者,中性,0.45,0.55,湖北
2024-04-23,十六级老东西爆点金币,中性,0.48,0.52,浙江
2024-04-23,我第一次看声之形就觉得蛮恶心的，尤其最近wzy事件，越发觉得这就是乐色作品。,积极,0.1,0.9,山西
2024-04-23,龙与虎过气了？,消极,0.97,0.03,广东
2024-04-23,我觉得这类题材可以参考一下海市蜃楼之馆的里主角，和标题很像，他和里女主的故事在看完外传之后真的只能叹息一声，成功做到了让大部分看完的人一边骂他一边希望他们能幸福,消极,0.96,0.04,天津
2024-04-23,不行，加害者忏悔意识到自己的过错并且赎罪赎到受害者原谅，写到这一步写好就已经凤毛麟角了。受害者爱上加害者emmmmm无论如何我都不能接受。,消极,1.0,0.0,浙江
2024-04-23,好结局还是不错的。脑补一下可以给男主加个权阀老爹，然后开启大巴林时代,中性,0.41,0.59,福建
2024-04-23,我甚至能接受女主和男主在一起，但我不能接受其他霸凌者什么事也没有。,消极,0.93,0.07,河北
2024-04-23,无所谓，不管别人怎么认为，我还是挺喜欢这个作品的,消极,0.94,0.06,广东
2024-04-23,声之形把对硝子的霸凌写的太过火了所以观感差，如果只是停留在真的“小孩子不懂事”的程度或者让将也不参与霸凌但是冷漠旁观就会好不少,消极,1.0,0.0,福建
2024-04-23,很简单套用狐神的一句话恨罪不恨人,消极,0.89,0.11,广东
2024-04-23,楼上很多人说的都很对，脱离时代背景的泛泛而言是没有意义的，举个例子，在封建社会不让女人上桌吃饭跟现在沙东不让女人上桌吃饭是两码事，是不是看看柳永写的艳曲儿还要批判下为啥现代人写嫖妓会被骂而古代人就不会？,消极,0.99,0.01,北京
2024-04-23,教会始祖尤弥尔爱的是王（）,积极,0.14,0.86,上海
2024-04-23,毒点这玩意大部分都是文好可破,消极,0.9,0.1,辽宁
