文本,识别结果,消极概率,积极概率,支持,反对,IP地址,评论者性别
"首先我对这个群体的定义就是，与其说他们是厚古薄今，倒不如说是为了自己的青春去诋毁别人青春。
比如看到伪娘，以前是二次元三次元分开的。伪娘cos是2.5次元，女装子是三次元。看着伪娘变成女装大佬，变成男娘。最后二三次元混合在一起，当时觉得时代变了。当时想说点啥，不过后来想想我都退圈了。还是多睡觉保命吧。
我的堂弟看到我就会跟我聊初中的事情，但那时我也会随便应付一下。但现在我不装了，我觉得都过去很多年了，别浪费我时间 以前的事情让他彻底过去吧。
时间过得好快，我已经忘了很多经典的东西。比如声优钉宫理惠，花泽香菜。唱见柿姐96猫等等。以至于入坑番也忘了。
那些喊着业界要完的人，估计已经很久没看新番了吧。可能他们内心重视的老番也看不下去了吧。毕竟看了很多次了。
说个自身经历，游戏从黑白掌机→红白机→网游→街机厅→单机游戏→3A游戏。
我小时候很喜欢红白机，以至于我买了个手柄在电脑玩的时候发现玩不下去。就把手柄送人了。后面我回忆又在欺骗我，搞得我买了个手柄，结果又送人了。
所以后面我发现，如果我老是玩着一个游戏。那我就是靠着肌肉记忆玩游戏，但这种游戏模式虽然会让时间过得很快。但会失去游戏兴趣。
这里直接点名网易魔兽争霸平台的那些地图，基本大多数都是刷刷刷，同质化的游戏。这样会获得成就感，让时间过得快点。
现在我在等老头环dlc，我已经500小时了。该打的差不多打完了。dlc出完我的旅途也彻底结束了。
前天晚上，和别人喝酒。被人说在熟悉的环境待久了，就会被环境改变。要试着自己改变环境。
对方说，如果一个人待在雪山。看着白茫茫一片。又没指南针，那唯一的办法是什么呢？
那就是往前走，要么就冻死在这座雪山上。
他说我变得有些像有孩子的家长那么固执，老是喜欢留在熟悉的环境。我在老头环的世界待久了，打算六月dlc打完就离开吧。
老实说，我以前是火影迷。不过这些年不怎么看了。没有别的，就算火影是我的青春，我觉得博人传看不下去就是看不下去。
犬夜叉是我的青春，夜叉姬看不下去就是看不下去。
当初看金光布袋戏热泪盈眶，但后面发现他越做越烂然后扔掉这个又臭又长的裹脚布。
如今游戏王我也基本退坑，退坑原因是工作太忙。每天上班12个小时，还要去花那么多时间研究pvp。况且我这里没啥卡店。
虽然有人说游戏王怎么不好，但时代变了。 旧系统卡组打不了就是打不了。科乐美不会为了你的青春而放弃赚钱。所以那些说游戏王怎么不好的，估计也已经是一些不打牌的人了吧。
接触过动漫，游戏，cos。不过我觉得还想继续走下去，只能接触新事物，改变一下自己的环境。",消极,1.0,0.0,177,2,广东,Gender.MALE
二楼自己,消极,0.63,0.37,1,0,广东,Gender.MALE
"意義深遠
確實這些爭論, 也是以一種形式在懷念過往吧, 特別是爭論的作品集中在完結許久的作品時.
往前走有時也不容易, 畢竟Childhood's End嘛, 有時候就是跨過檻也不一定有收穫, 反而會孑然一身. 但畢竟跨過第一次就能跨第二次, 感覺還是要追下去才有重新圓夢, 結識新的良作的機會.",积极,0.08,0.92,64,0,中国台湾,Gender.MALE
"二次元遗老也是分种类的，不可一概而论。
说起来，前些天nga有个贴说那些看不上美少女要素的遗老还算不算宅。
怎么说呢，就哥们零几年入宅那会儿，主流宅宅还都是喜欢相对较硬的大男主故事的，经常拷打被他们冠以萌豚蔑称的人群。
时光流转，如今喜欢美少女的人群成了国内宅宅中的主流，以前的这批人反倒还要被开除宅籍了。",消极,0.99,0.01,99,0,浙江,Gender.MALE
差不多就是这样，大部分遗老就是即不关注后续又要炫资历，但炫资历又会暴露自己什么都不懂，于是开始贬低没了解过的后续剧情再捧一波以前自己看过的剧情，完美把自己切割出去,消极,1.0,0.0,69,0,北京,Gender.MALE
脑中自动播放little dark age,消极,0.81,0.19,2,0,英国,Gender.UNKNOWN
我只觉得现在没有圣痕炼金士出包王女恶魔高校那种番了,中性,0.41,0.59,27,0,陕西,Gender.MALE
"摆年龄
炫资历嘛
20年前是这样
20年后也是这样",消极,0.99,0.01,45,0,,Gender.MALE
从罪恶王冠追到今天的季度动画，是真的能明显感觉制作越来越不稳定旱涝差距大还有剧本故事越来越烂的，巨人食尸鬼破圈我能理解毕竟制作在那设定够新够好剧情整体看下来也没什么大问题，但轮到鬼灭咒术的时候我是真的难绷。因为我看动画之前会去先看漫画，甚至小埋动画化前一年我就开始感觉这死小孩怎么那么烦人，而鬼灭跟咒术这俩我是看完死神之后看的漫画，第一反应甚至不是为什么能火而是这种东西也配浪费钱跟资源动画化？中长篇动画从驱魔少年到妖精的尾巴再到五叶草，观感也都是慢慢下降的。现在的一大堆“填线”动画论作画剧情甚至战斗被99年左右的魔卡樱爆杀，长篇作者除了尾田也一个接一个没活，之前jump妥协前条约请的是富坚义博，现在居然需要这样来请酒保来撑场面，更加可悲的是光看漫画除了他跟尾田现在还真就是一群臭鱼烂虾，超酒保都超不明白的jjxx居然是目前最热门动画的原作者,消极,1.0,0.0,17,0,上海,Gender.UNKNOWN
"还真是。
可能人会慢慢变得不愿意接触新鲜事物？
所以我现在一直让自己去体验点新鲜东西。看不同种类的各种剧，完不同种类的游戏，去不同的餐厅，扩展新的爱好，以免产生思维僵化",消极,1.0,0.0,17,0,加拿大,Gender.MALE
焦虑这么多干啥，本质就是爱好罢了,消极,0.67,0.33,12,0,海南,Gender.MALE
厚古薄今是一个久远的不良传统,消极,0.96,0.04,9,0,山西,Gender.UNKNOWN
"遗老多久算老，十年？二十年？更多人是在自己的年代见识了属于自己的故事，见证了属于自己时代的传奇。有些人就会厚此薄彼实属正常，为了显示自己的优越感，有的人要等几年有资历，有的人几个月就迫不及待了。
我一直觉得时间是很可怕的东西，它会无情的消磨一切。我现在还记得入宅的动画，时不时回去看，甚至今年年初还看过一次。但是我最开始那个时候在用的词，在流行的我基本都忘怀了。现在我想要什么资源基本都能靠自己找个大概，一次下十部亦轻而易举。但我再也回不去以前那个四处找资源，一次最多下一个g我都嫌多，冒雨躲在空巷子里蹭网的下午。现在我什么都不想看了，生活的压力也好，精神的改变也罢让我无暇顾及这些。大概这就是很多人觉得以前的经典比现在好多一点原因吧。",消极,0.99,0.01,20,0,河北,Gender.UNKNOWN
字太多不看，我就一臭看动画片的,消极,0.97,0.03,1,0,广东,Gender.MALE
"不是二次元独有的问题，每个领域的老登碰到小登基本都是这样的。譬如体育圈厚古薄今问题更重，而且这个问题也不限于当代或者文娱领域，纯纯是人类史上的死结。
一般解决方法都是把老登熬到退出主流舞台了才会由长大了的小登重新把持舆论风向并且开启下一循环。",消极,1.0,0.0,14,0,上海,Gender.MALE
"看不惯自己去做呗
明日黄花抱残守缺中年巨婴不可取
要么闭合老老实实扎进自己的世界里，要么开放忘掉自我的存在去拥抱更多的世界
矫揉造作七上八下才是最要不得的
一代人自有一代人的使命嘛",消极,0.99,0.01,1,0,江苏,Gender.MALE
"我对现在年轻人唯一一点不满就是为什么那么喜欢塔塔开，你们到底是来看文艺作品还是来享受战争的
不喜欢到处都是塔塔开的氛围应该不犯法吧
每当想起零六年在贴吧对着腐女骂南通变态时她们竟然好好和我讲道理时，就觉得像做了个梦。
后来发生了什么呢……有人挖出十年前的同人文说标题没有打tag是把不吃这对cp的人骗进去杀，有人扒同人作者的成分忠心不绝对就是绝对不忠心，有人不待在一言堂的环境里就浑身难受，为什么会这样呢总之都是对家的错吧
又或许是无法理解现今年轻人的生活有多悲苦以至于要如此发泄的我的错吧
流感季节注意预防",消极,0.89,0.11,74,0,美国,Gender.MALE
以前想着有钱了一定要买高端显卡开最高配打游戏，现在突然没了什么兴趣，甚至不如刷视频看小说看贴吧有意思，因为游戏还要电脑自己打开玩，而且开车开枪打敌人啥的有啥意思，剧情流水账，要论游戏性，甚至不如和ai聊天，好麻烦的感觉。。。,消极,0.98,0.02,7,0,山东,Gender.MALE
啊貌似爱抄公寓粉也是你这话术,消极,0.93,0.07,3,0,广西,Gender.MALE
感觉回忆真的会美化很多事情虽然多年后再看会发现其实也没有那么好，但不是所有东西都有再见一次的机会，积累下来就渐渐地厚古薄今了,消极,0.98,0.02,8,0,湖北,Gender.MALE
犬夜叉我喜欢，夜叉姬我也喜欢，游戏王我找不到朋友一起就玩玩YGO，甚至都不对战，就打打人机，关注新卡的消息也不一定真会构筑卡组，更多是为了看看卡图，顺便RD的卡图真好看。有的喜好就固定在那里了，比如我十多年前就喜欢无双游戏，到现在依然喜欢无双游戏，光荣敢出我敢买，但的确大环境变了，现在无双都不怎么出了，所以法环这种我原来嫌麻烦的游戏也玩了，也四百多小时了，说到底我改变不了世界，那就只能改自己了。,消极,0.97,0.03,4,0,北京,Gender.MALE
相差10岁甚至20岁的人本来就会有一定的代沟，再加上动漫这东西不是什么老少皆宜的东西，最迟过了30绝大多数人也退坑了很难再去接受新东西了，所以只希望所谓的老二次元不要厚古薄今，少点对年轻人指导瘾，毕竟属于你的时代已经过去了，同时年轻人也能尊重下老番，别因为时代变了就天天把龙虎凉宫拉出来批斗,消极,1.0,0.0,11,1,四川,Gender.MALE
"然而，其实问题在于究竟是谁选择留下来还是走下去。
你其实根本没被困在雪山里，这里只是普通的一个歇脚点，你留在熟悉的环境并不会冻死，继续走下去也不一定就是好事
关键在于你到底是继续走，还是你觉得别人期待你继续走，所以你要回应。
个人看法是，好好想想自己想要什么，有时候抛开他人意见也很重要",消极,0.99,0.01,2,0,湖南,Gender.UNKNOWN
不知道从什么时候开始，就不爱动漫了......哎,消极,0.95,0.05,1,0,湖北,Gender.MALE
现在新番新游戏好多都是短视频云一遍，05年重小霸王玩游戏一直到现在我反而更愿意玩手游，电脑有时候开着也是猛猛刷手游,消极,0.99,0.01,1,0,云南,Gender.MALE
"哪里都有遗老，又不是只有二次元有遗老
lol现在都还有给老剑圣老赵信追魂的遗老，张口闭口就是无敌，都不知道玩没玩过游戏
一点是不愿意接受改变，还有一点是不愿意放下自己的虚荣心，用以前别人没接触过的东西来向新来的人展示自己微弱的优越感
他们不是在怀念过去有多好，他们只是想证明“我比你好”，毕竟互联网这种没有门槛的东西想给自己贴点金只能拿时间做文章了",消极,1.0,0.0,5,0,江苏,Gender.MALE
"我最早接触的二次元还是指虚构架空的，自嘲自己是三次元人与二次元相隔次元，现在倒是自称二次元真的挺怪的，新人抢话语权同样也是诋毁了老人的青春，就像哈基米是猫不也挺多人接受不了吗。
业界药丸那些脱坑了还赖着不走，精品从来都是少数，过去不好的被选择性遗忘了而已。",消极,0.98,0.02,1,0,内蒙古,Gender.MALE
这也是我觉得年轻人和老年人最大的区别（心态上）。永远热情，永远探索。,消极,0.94,0.06,1,0,陕西,Gender.MALE
破吧有老登批评好评新番，也有小登批判好评老番，都挺讨厌的。业界药丸的肯定是新的根本没看或者只看了厕纸，什么时候精品都是少数。,消极,0.98,0.02,3,0,内蒙古,Gender.FEMALE
"我看动画也二十多年了照样追新番啊
但我就是觉得最近机战番除了巴克亚罗和闪哈没有一个能打的有什么问题吗
追水魔追到完结的时候都觉得自己为什么要浪费时间看这坨东西
勇气爆发也是最后几集出大问题，说它不如勇者王没问题吧",消极,1.0,0.0,3,0,美国,Gender.UNKNOWN
毕竟某群体已经把非后宫都给开除二次元籍了,消极,0.99,0.01,3,0,上海,Gender.MALE
"新的也在看，同时也怀念旧的
但真不理解现在ttk的氛围",消极,0.97,0.03,1,0,江苏,Gender.MALE
年轻时候我最喜欢看慢节奏的可以品味生活的番，像是虫师，我不但能一天只看一集（避免串味），还能反复重刷。但我现在看丽芙莲完全没有这种动力和耐心，怎么说呢，制作放在现在是不错的，但没有主线的片子停下来就完全不会想要继续看，回味已看的集数甚至会觉得核心梗很简单，而且叙事有些套路化（女主到达一处勇者的遗迹，经过一些事回想起勇者的好——女主到达另一处勇者的遗迹，经过一些事回想起勇者的好——女主到达……）。,消极,1.0,0.0,1,0,湖南,Gender.FEMALE
我不懂，但是我喜欢看你们ttk,消极,0.97,0.03,0,0,广东,Gender.UNKNOWN
"新番还在追，但我得承认确实有一些我曾经喜欢的题材现在没人做了
前两个月在玩秋叶原之旅，看着游戏里的宅男哥滔滔不绝地给我介绍自己喜欢的ip，我才发现现在已经不存在宅味这么浓的新游戏了",消极,1.0,0.0,1,0,河北,Gender.MALE
早都二次元出脑了,中性,0.44,0.56,0,0,浙江,Gender.UNKNOWN
老登们看不动了,消极,0.98,0.02,3,0,河北,Gender.MALE
太长不看3,消极,0.99,0.01,0,0,广东,Gender.MALE
现在的二次元圈子基本就是完全饭圈，看不起很正常,中性,0.45,0.55,0,0,湖北,Gender.FEMALE
钉宫理惠和花泽香菜还可以在今年的碧蓝幻想relink里找到,消极,0.99,0.01,0,0,北京,Gender.UNKNOWN
gg的优秀要让你们知道呐,消极,0.91,0.09,1,0,上海,Gender.UNKNOWN
遗老真会称自己二刺猿吗我连宅都不想承认,消极,0.99,0.01,1,0,江苏,Gender.MALE
我觉得随便把人批成遗老，和遗老已老买老都不是啥好行为，但好多时候两种人其实没啥冲突，没必要上纲上线，怀古伤今和展望未来其实并不冲突，人生的过程和作品的发展是持续向前发展的，单纯的想通过时间把人分成进步派和遗老派只能加深矛盾与冲突，其实对双方喜欢的事物没有积极的作用。,消极,1.0,0.0,8,0,天津,Gender.UNKNOWN
人与人无法相互理解,消极,0.69,0.31,1,0,河北,Gender.FEMALE
虽然但是我一直都觉得伪娘二三次元混在一起没什么。至少我很喜欢,消极,0.84,0.16,1,0,北京,Gender.MALE
柿姐我初中的时候净听她小黄歌了,消极,0.68,0.32,0,0,河北,Gender.MALE
伪娘 女装 男娘三个本来就是一个意思，非有人要把它拆开,消极,0.65,0.35,1,0,浙江,Gender.MALE
"被人喷遗老也好，但还是觉得新片劲不够大，就算好看也很难被感动了
但老片像是攻壳sac是工作后才补的，不影响这片在我心目中的地位比很多小时候追的动画高
0079小时候看、大学的时候看，现在看，看了好多遍，依旧能够一口气看完
EVA、机动警察剧场版、无限的未知等等这些片仍然常看常新
甚至SEEDHD、圣诞之吻最近重看仍然能看得津津有味
新番基本而近些年的动画里只有棍勇会反复观摩了",消极,0.99,0.01,2,0,上海,Gender.MALE
？不是伪娘cos是2.5次元，以前整个cos都算2.5次元啊,消极,0.99,0.01,2,0,河南,Gender.MALE
保守的说是受众问题，近几年新番我看完的只有契约之吻和恋爱flops，魔法记录如果算的话，那魔法记录也是，其它的我甚至连看完都做不到不保守的说，那就是业界一年质量不如一年，技术上是进步的剧情上是退步的，罪恶王冠我都能看十遍往上，新番连看完都不想看，真不行,积极,0.2,0.8,1,0,河南,Gender.MALE
二次元遗老可不敢称自己为二次元，将近十年前还有可能。,消极,0.99,0.01,2,0,河南,Gender.MALE
不知道，我只知道打∠,消极,0.93,0.07,1,0,陕西,Gender.MALE
遗老看不惯现在的番也很正常，我最近能完整看下去的也就一个冰海战纪第二季,消极,0.99,0.01,0,0,河南,Gender.MALE
你叫现在的那些百合二次元去看我喜欢看的，他们也去看不惯。,消极,0.75,0.25,0,0,河南,Gender.MALE
伪娘男娘这种东西纯恶心人 南通就南通还得弄个高情商说法,积极,0.39,0.61,4,1,广东,Gender.MALE
摊牌了，就是要在不看动漫/动画、小说、漫画、二创，不听二次元音乐，不玩旮旯、AVG/文字冒险、二次元游戏，只玩二次元手游的人面前称二次元遗老，蒸馍，你不服气？,消极,0.8,0.2,5,0,天津,Gender.MALE
但是博人传确实垃圾啊,消极,0.94,0.06,1,0,内蒙古,Gender.MALE
一代人有一代人的遗老,消极,0.67,0.33,0,0,浙江,Gender.UNKNOWN
不要整天想这些有的没的了，大家都在以自己的方式享受二次元罢了,消极,0.99,0.01,0,0,广东,Gender.MALE
也不知道现在的二次元哪来的资格看不起二次元酒局,消极,0.98,0.02,1,0,福建,Gender.FEMALE
新番完全就是爽看，光明正大的称自己为二次元也没啥不好的，现在就是那句话“二次元，你要自信”，爽追新番十几年，以前俺也说二不起二不起，那时圈子小点每个人话语权也大。现在还在最先锋追番，有热情喜欢新鲜感的要是还把二不起二不起那才是可惜。,消极,1.0,0.0,2,0,浙江,Gender.UNKNOWN
遗老问题其中一个典型就是资历问题，有些时候非得论资排辈才能有说话的权利（譬如各种对线论战时），不然就一个“云小鬼”帽子扣下来，这时候要先给自己戴一个遗老帽,消极,1.0,0.0,1,0,湖南,Gender.MALE
扯淡，我在国外呆了很久了，日本，韩国还是墨西哥，西班牙，德国，美国什么的人都见过了，好的东西的永远是大家都喜欢的，我在美国时候遇到一个美国大学教授喜欢犬夜叉，还买了挺多周边的。,积极,0.34,0.66,1,0,日本,Gender.MALE
入坑后宫，多年以后还是后宫,消极,0.99,0.01,1,0,山东,Gender.MALE
玩一个游戏时间太长会适应不了其他游戏的操作，好在我是🐷脑，玩了三百个小时但已经把法环操作忘光了，不去刻意记才能有新感受？,消极,1.0,0.0,0,0,山东,Gender.MALE
"所有领域都是如此。
二次元遗老一般也不会自称什么二次元了，这会儿都是三十好几奔四十的人了。
到后面会出现领域细分的情况，有的人虽然是玩二次元但是他只玩胶。
有的人精通gal，有的人精通jrpg。
我也觉得厚古薄今非常愚蠢，但很多人确实会这样，的确有这种现象。",消极,1.0,0.0,1,0,广东,Gender.MALE
梅琳娜梅琳娜梅琳娜梅琳娜梅琳娜梅琳娜梅琳娜梅琳娜梅琳娜梅琳娜梅琳娜梅琳娜梅琳娜梅琳娜梅琳娜梅琳娜梅琳娜梅琳娜梅琳娜梅琳娜梅琳娜梅琳娜梅琳娜梅琳娜,积极,0.02,0.98,0,0,河北,Gender.MALE
"我意识到互联网上真的换了一批人的时候大概就是有人开始捧我童年看的动画，开始批现在的小孩看的是些什么的时候。
我上小学初中，甚至高中的时候这些动画在网上还是被踩的。
明明我一直在等的是这批人，但是我却没有那么小时候想象得那么高兴。",消极,0.99,0.01,5,0,浙江,Gender.FEMALE
至于新坑，我从16年初中的时候就开始高浓度的月月月，所以其实没什么变化，国动发展太慢了，至于网文我小时候就没兴趣，网文改在我这里不算国动的,消极,1.0,0.0,1,0,浙江,Gender.FEMALE
首先日本动画确实是一代不如一代，现在日本动漫的主力是欧洲，欧洲人与其在意剧情不如说更在意动画的美术表达。更何况欧洲的动漫让日本给倾销死了 。对于主机游戏我是真的不喜欢是真的玩不下去，还是习惯网游。而且欧洲一年也就能玩一两款。真的玩的人不是很多,消极,0.89,0.11,2,0,河北,Gender.UNKNOWN
你说我是二次元我说我真不是，你说你是二次元我说你别来沾边，这就是我对现在低能二次元的态度,消极,0.98,0.02,3,0,北京,Gender.MALE
我差不多也算是老登了，我是看clannd那个年代的，但其实新番也有很多值得看的，没感觉遗老有什么问题,消极,1.0,0.0,1,0,广西,Gender.UNKNOWN
"之前看到个帖子说马龙是历史最强乒乓球手，看到时我第一反应是一脸疑惑，后来觉得可能论荣誉什么的它可以这么算，但等他集齐那些冠军时那会我已经不关注乒乓球了，然后才发现自己已经很久没关注乒乓球了。
放到这里也一样，你以为你了解，但其实你已经不了解二次元了",消极,0.99,0.01,1,0,广东,Gender.MALE
同楼上，我玩gal，玩jrpg，听动漫游戏音乐，看漫画，但是你要和我说二次元，那肯定不是，我甚至聊都不想和别人聊，最近开了几个新坑，比如养鱼,消极,1.0,0.0,1,0,湖南,Gender.FEMALE
"垃圾动画漫画，过了一百年也是垃圾；优质的作品哪怕刚出的那也是优质作品。
不过话虽然是这么说，但这几十年日本动画漫画产业的故事风格变化确实很大，给我的感觉就是不再去碰那些深刻的东西了，整体向轻松娱乐的方向演化。这可能是日本广场协议以后经济停滞，社会逐渐失去朝气导致的审美变化吧。感觉火之鸟那种的漫画在日本是不会再出现了",消极,1.0,0.0,1,0,山东,Gender.MALE
确实感觉越来越不行了，就感觉技术标准化提升了，但无论是音乐，人设，叙事轨迹和背景构建，甚至艺术性创新，都不在意了，这都是一些老动画老漫画很在意的东西,消极,1.0,0.0,1,0,北京,Gender.MALE
最难得的是保持热爱和兴趣一直走下去，不会被环境和心态改变，比如lol玩了十几年，现在也在玩，比如动漫和游戏还有纯音乐，现在也在一直享受,消极,0.86,0.14,0,0,青海,Gender.UNKNOWN
"遗老其实就是一群在自己的舒适圈里走不出来的人罢了。
不愿意去了解新事物，活在自己的回忆里，有个别还喜欢到处跳出来贬低新事物来获取优越感。
其实刚开始我也是这样，觉得老番无限好，新番看不上。后来公司里年轻人多了，发现自己跟年轻人有代沟了后，才意识到自己已经成了遗老。于是才开始强迫自己去接触新事物，新圈子。但走出来后意外的发现还不错，精力好像变多了，心态也年轻了不少。",消极,0.94,0.06,1,0,广东,Gender.FEMALE
不懂，自己喜欢就好，管别人怎么说，只要不违反法律，不违反道德，不触及他人自由，自己怎么喜欢怎么来,消极,0.99,0.01,1,0,广东,Gender.MALE
16上大学才看B站入了二次元，已有8年了,消极,0.99,0.01,1,0,广西,Gender.UNKNOWN
事实上番剧最好看的还是06年到12年间，当时真的是神仙打架。现在新番真的很难给人耳目一新的体验，我现在经常反回去看老番，比现在的那些无脑厕纸有意思多了,消极,0.99,0.01,0,0,江苏,Gender.MALE
至少看下UC高达吧，剧场版都行，不要自称遗老，结果开口就是死火海,消极,0.99,0.01,1,0,美国,Gender.UNKNOWN
第一，在逻辑自洽的基础上讲好一个引人共鸣，感人至深的故事，现在很多番连门槛都摸不上，如果都跟近年出的狂战传说剧情能到同一个水平，自然很少有人抱怨。第二，创作不出来的原因是因为之前的作者是真正经历过世间浮沉，然后才沉心创作的，艺术作品的前提是来源于现实，然后才是超脱于现实，现在大多数作者都没有这个水平，或者因劣币驱逐良币的原因不得不自降水平，业界精品的数量当然会越来越少，而人民群众的精神需求又越来越高，最终不满的声音当然会越来越大，你迟早也会成为其中之一的。,消极,0.99,0.01,1,0,陕西,Gender.UNKNOWN
"太遗老辣，都是遗老厚古薄今导致的，新银英在技术发展了这么久以后质量一定暴打老银英罢
现在的某些“二次元”看番开二倍速还拉进度条，一圈下来主角名字都记不住，确实可能觉得现在的一票新番质量不错，毕竟确实成功跳过了一大堆注水环节，某种去其糟粕取其精华了",消极,1.0,0.0,3,1,江苏,Gender.MALE
"二游节奏不正是最完美体现
一批老东西还在拿几年前游戏圈看现在男女对立节奏
都是玩家还能拿资历压人",消极,0.77,0.23,0,0,河南,Gender.MALE
看番十来年，我敢说我从来没有脱离这个圈子的想法，自从阿b暴雷后，花了近两年时间我也摆脱了对啊b的依赖，涉猎也比以前更广泛了漫画也在看，gal也在玩，但心态确实变了至少没有以前那么容易沉浸其中了,消极,0.99,0.01,0,0,广东,Gender.MALE
"网络上既有厚古薄今的言论，也有捧今贬古的看法，事物是双向的。
文娱产品的进步不是无限的，也超脱不了时代氛围，每一代人从当前时代环境出发，看待文娱作品的态度是不一样的。
单单日本动画业界，几十年来整体的风格转向也有几次，习惯八十年代的动画观众，未必能接受两千年后的作品，两千年初的观众，也未必能接受如今令和的风格，这是认知上的冲突，关乎每一代人认知上的动画到底是什么，难以调和。
最终把范围扩大，从动画扩大到电影、电视、游戏、小说，甚至到政治和社会的层面上，多审视的话，人必然在某种领域扮演着遗老的角色，世界上新东西太多，谁也接受不了每一种。",消极,1.0,0.0,1,0,四川,Gender.UNKNOWN
然而并不是厚古薄今，而是自身质量不够硬，这东西到底好不好，不看爆火后的观众反馈，而是让圈内人从自己批判自己，你让我想起了一款二次元开放世界抽卡游戏,消极,1.0,0.0,1,1,河北,Gender.MALE
天天说日本动画衰落，结果近几年高评价的小众动画都嫌枯燥看不进去，天天游戏没落，这几年的年度游戏又是不适合自己体质玩不进去，然后就是没落了没落了,消极,1.0,0.0,1,0,江西,Gender.MALE
看了十多年动画，我很明确自己想要的东西，以后也会一直看下去的，我这辈子都不会脱宅的，我只是单纯的喜欢动画，看动画很快乐，不管是什么题材，好看我就喜欢。只是有时候会感慨，以前社区常聊然后我跟风去看的作品，现在都冷之又冷了，甚至已经是新观众眼里的婆罗门了。就不举例子了，不然在别人眼里也是报菜名，这个意思也相当于是现在别人眼里报菜名的婆罗门冷门作品以前都是社区常聊，很多人见聊了然后一起去看，就像现在的大热作品一样。,消极,0.97,0.03,4,0,黑龙江,Gender.MALE
错误的，吃药的啥X就是要狠狠地歧视😡，以前歧视，现在歧视，以后更要歧视！,消极,0.92,0.08,2,0,江苏,Gender.MALE
"不明所以，所以你嘴里的老二次元诋毁了什么？
我知道你主要想说第一段。所以你自己说出来呗。
磨磨唧唧",消极,0.99,0.01,3,0,福建,Gender.MALE
"首先二次元本来就是相互排斥、隔离、交叉、融合的各个小圈组成的一个大圈，老东西之间都会产生矛盾。
另外，近年的“泛二次元化”也好，acgn的标签化、同质化也好，都是二次元向消费主义靠拢的体现，说白了就是商业化。立本社会形势也不容乐观，异世界题材流行不就很好说明了这一点，可悲的是就算创造逃的地方的想象力都被限制。
我仍然在关注现在的二次元，但我完全不认为现在比以前的好，恐怕事实也是如此。
关于的问题，走出来是对的，谁都有惯性。但你这个事跟二次元的变化是两个事，标题叠个非引战的甲，给清蒜老二刺螈的人（我想你应该看到了）递枪就很难绷",消极,1.0,0.0,1,0,内蒙古,Gender.MALE
一益世，吾已失，忆久依旧罢抑泠（确信）,消极,0.99,0.01,1,0,辽宁,Gender.MALE
cy,积极,0.11,0.89,0,0,河南,Gender.MALE
人成长了就要追求更好的东西，可以留恋怀念过去，但何必走回头路呢。,消极,0.9,0.1,0,0,加拿大,Gender.MALE
你这么一说我感觉马上就要老死了,消极,0.92,0.08,1,0,北京,Gender.MALE
正常啊。青春无价,积极,0.28,0.72,0,0,山东,Gender.UNKNOWN
"同90后社畜路过，物是人非是这样的
不过我不会去诋毁现在年轻人的青春，当年喊口号“童年不是喜洋洋”的时候我就已经是持反对态度了
我觉得每一代人都有自己独一无二的青春，而且是不可复制的，不用认同，也不需要理解，重要的是自己是否快乐，因为快乐才是我们最根本的初衷",消极,1.0,0.0,1,0,四川,Gender.MALE
不懂，我就臭打游戏的偶尔看看番,消极,0.99,0.01,0,0,广东,Gender.MALE
我也是新番完全看不下去了，但我倒不会说什么业界药丸什么的。但我对现在的社区氛围不喜欢倒是真的。不合时宜的抽象，莫名其妙的节奏，各种的群体……我感觉与其说怀念以前的番，我现在更怀念以前那种和谐的社区氛围,消极,1.0,0.0,1,0,江苏,Gender.MALE
你到底想表达什么,消极,0.98,0.02,0,0,北京,Gender.UNKNOWN
我当过遗老现在最疼恨的就是遗老，接触一下新东西就知道这班秀优越的多噁心了,消极,0.95,0.05,0,0,美国,Gender.FEMALE
我混的圈子一直是东方，但都是看视频看小说看本子等，从不讨论，贴吧也就是看看帖也很少发评论，但是现在关于东方的消息也就偶尔看看，感觉时间长了什么都可以不在乎了,消极,1.0,0.0,1,0,江苏,Gender.UNKNOWN
我是不信聊争议话题加个非引战就有用的,消极,0.95,0.05,1,0,江苏,Gender.UNKNOWN
但是夜叉姬是真的烂,消极,0.96,0.04,1,0,江苏,Gender.MALE
以前看着还像回事，现在看就是一堆🌶️🐔，禁掉🇯🇵冻鳗我举双手双脚赞成,积极,0.1,0.9,0,0,广东,Gender.MALE
厚古薄今可还行。芙莉莲够新了吧？你去看看有几个遗老攻击芙莉莲的？质量差的新番被攻击纯属活该，你所谓的遗老在年轻的时候也是这么攻击当年的低质量番的，只不过你压根没听说过这些番而已。,消极,1.0,0.0,0,0,江苏,Gender.MALE
"以前二次元主要群体御宅族
现在二次元主要群体是手游玩家和cos",消极,0.99,0.01,3,0,浙江,Gender.MALE
我现在还喜欢玩和看魔兽争霸的比赛，他们都是童年时期陪伴我的事物，玩这些的时候我会有安全感,积极,0.03,0.97,0,0,广东,Gender.FEMALE
人是会变的，这很正常。有的人打算在二次元停留一辈子并以自身的方式付出，有的人会回到三次元，这都正常,消极,0.72,0.28,0,0,江西,Gender.MALE
不管怎么变，喜欢往自己身上贴二次元标签的一律是傻蓝,消极,0.99,0.01,1,0,广东,Gender.UNKNOWN
遗老诋毁一些人我觉得是有原因的,消极,0.73,0.27,0,0,山东,Gender.MALE
动画也好，游戏也罢感觉还是要不断的尝试新东西，没必要纠结其意义，不然很容易失去热情。,消极,0.94,0.06,0,0,广东,Gender.MALE
"以偏概全，你光看网上声音大的群体就这样呗，与其说二次元是倒不如说大部分人对童年积攒的爱好兴趣带有滤镜，然后网上环境就这样，吵来吵去，真当所有人都跟一样和谐吗
实际上，你追电子设备，追星，在网上聊历史不都在吵来吵去",消极,0.99,0.01,1,0,浙江,Gender.UNKNOWN
不可否认的是历史是螺旋上升的，这个时代有些地方是不如以前。只不过因此就全盘否定现在的氛围和作品挺二极管的,消极,0.99,0.01,0,0,云南,Gender.FEMALE
大家都是臭看动画的，其实谁也没比谁好太多,消极,0.79,0.21,0,0,北京,Gender.MALE
你说的对 现在新出的新番如果我有兴趣还是会点开看的 但是你要我等然后去动漫花园扒资源下来看我可能不会这样做了 除非此番全网无版权我才去找下载 不然就随便看看好了 也不在参与讨论什么的,消极,1.0,0.0,1,0,广东,Gender.MALE
俺仍然自称二次猿哒～,消极,0.89,0.11,1,0,山东,Gender.FEMALE
新番老番资源就放在哪里看一眼不就好了，小登浪费人生中的十几小时不也能成遗老。老不老根本不是问题，根本问题是每个人品味都不同，不是每个人都有能客观判断能力的。,消极,1.0,0.0,1,0,四川,Gender.MALE
"身份认同是互联网最无聊的事情，如果有点货聊聊那就算了，谁知道嘴上说以前怎么怎么样到底是“它客观的经历过”还是它就只是嘴上说说。
每次看到这种感觉还不如“信我是秦始皇”有意思。
掰扯掰扯点细节我都算它牛掰了，毕竟我一个不是姨姥的天天考古都比某些人强，可想这玩意除了身份认同到底有多少含金量。",消极,0.63,0.37,1,0,上海,Gender.MALE
"追着新番
GBM玩着通关八遍的恶魔城晓月
等着法环的DLC
手游新池子又要氪
PS3还有好几个游戏没打
🐶屋人马怎么还没降价
新的东西层出不穷
只觉得一天24小时都有点不够用",消极,0.99,0.01,1,0,山东,Gender.FEMALE
其实是双向的吧很少跑续作粉丝楼下吹前作有多好，倒是试过好几次在完全和续作无关的话题里表达对前作的喜爱被人呛过,消极,0.96,0.04,0,0,广东,Gender.MALE
…你以为的厚古薄今，实际上，怎么这种番都能吹了,消极,0.99,0.01,0,0,广东,Gender.MALE
纯看动画的老登，老动画不也是有好有坏？还有特么的小范围享受一下的番你看看是老登在传还是扩圈后的一帮子小登在传。,消极,1.0,0.0,1,0,广东,Gender.MALE
当年我28感觉动漫新番都看不下去了，然后b站刷到了喜欢尼娅和大家，入手了ns然后就入了主机坑，又接触了大量喜欢的游戏。然后顺手买了ps5 。魂系列我本来玩不下去的太小儿麻痹了，我喜欢仁王2贝姐那种，然后ps5上有血源枪反很快，相对不那么小儿麻痹，然后去年打通了血源，然后再买了魂3老头环也打通了，(老头环22年首发买的steam版没玩进去) 看番方面以前是热血，后面到日常偶像百合，多尝试会发现自己喜欢的东西获得更多快了顺带说下以前玩火焰纹章风花雪月打通了，感觉不好玩，去年买了结合一口气200小时真特么好玩，原来只是风花雪月战旗不好玩,消极,0.99,0.01,1,0,上海,Gender.UNKNOWN
说到魔兽官方平台，确实现在正经人谁还玩那些快餐图啊，能凑够人小团体还不如开个二次元pvp地图，或者玩那些不走平台的群内图。,消极,1.0,0.0,1,0,广东,Gender.MALE
"不是互相扣帽子吗咋又成单向了？
见不得别人说老片好就扣个遗老帽子的时候就选择性无视是吧",消极,0.99,0.01,1,0,上海,Gender.MALE
最后你拿游戏王举例其实我不太赞同。我和身边的牌佬都是打牌不妨碍我们骂k社似嘛,消极,0.84,0.16,0,0,河南,Gender.UNKNOWN
题材的变动才表示业界在发展，要一直都是世界系动画才真的会腻吧,消极,0.98,0.02,1,0,河南,Gender.MALE
"
天道无常，历史无义，人心无恒，当回首往事时，谁能理解，谁能原谅？",积极,0.37,0.63,0,0,日本,Gender.MALE
零几年看的一部番叫猫愿三角恋入坑，到现在每个季度依旧会挑着看两三部，习惯了，感觉看番能给我带来快乐，就这么简单,消极,0.99,0.01,2,0,江苏,Gender.FEMALE
说真的，虽然感觉自己还年轻，但明显感觉到自己接受新事物的能力下降了，很多新番新漫画新小说已经没耐心看下去了，更多的是重看以前喜欢的,消极,0.99,0.01,0,0,浙江,Gender.UNKNOWN
在我看来不管是番剧还是游戏都是非常有活力的产业。每年都有好游戏玩好番看。,积极,0.4,0.6,0,0,江苏,Gender.UNKNOWN
以前和现在都一样，太阳底下没新事，只是多了个百度贴吧而已,消极,0.87,0.13,0,0,广东,Gender.MALE
别的我不知道，魔兽官方平台目前确实快餐图多，所以浓度高的基本都是小团体自建二次元图或者外国图的,消极,0.99,0.01,0,0,广西,Gender.MALE
我觉得问题很简单：不同时间段入宅的二次元根本不是同一个群体，不是同一种文化，不是同一个价值取向。遗老？新生代？圈外人罢了。我不是你的前辈，你不是我的后生，井水不犯河水,消极,1.0,0.0,0,0,上海,Gender.MALE
现在不是一堆不适合看动画的小登在说这种事？,消极,0.99,0.01,0,0,河北,Gender.MALE
你要尝试接触新事物，就不该来这里问老登们。很简单的例子：一个家长对孩子玩游戏这件事产生了“也许这不是件坏事”的想法。然后去问同龄人，你猜他能得到啥结果？,消极,0.99,0.01,1,0,陕西,Gender.MALE
终究是无限循环,消极,0.94,0.06,0,0,江苏,Gender.FEMALE
好沉重,积极,0.13,0.87,0,0,上海,Gender.FEMALE
"真能坚持十数年的遗老，早就学会适应和探求了吧？毕竟这么多年人家是真的经历过好几次版本大更了
至于坚持不下去的，那无非就是退坑了，他退出的那个圈子跟现在的圈子已经不是同一个了，他指点的那些东西跟新人又有什么关系呢？",消极,1.0,0.0,0,0,上海,Gender.MALE
女装子这词好久没见过了,中性,0.55,0.45,0,0,黑龙江,Gender.MALE
有意思,积极,0.15,0.85,0,0,广西,Gender.MALE
"厚古薄今是人类的传统。我看了下回复就发现我也是这样。
虽然我最喜欢的游戏不是我的初见作，但确实是我玩的前几作之一。
我漫画看得少所以都喜欢，轻小说就看了2部，也都喜欢，按下不表。
用我看的最多的，动画片，来举例吧。把bug级《猫和老鼠》去掉（虽然这是我的初见），我喜欢的确实都是我早年看的，而后续的我就没兴致（比如吹风机、小马宝莉，甚至熊出没我也没兴致）。",消极,0.88,0.12,0,0,浙江,Gender.MALE
