Text,User Name,Gender,Agree,Disagree,IP Address
好笑的笑话常常有，但最好笑的笑话就不多了。大家每个人推荐两个你认为最好笑的笑话，就会收集到很多最好的笑话。除了放在这里，还会收集到贴吧精品吧，做为永久的收藏。现在，大家快来推荐吧！,贴吧总动员,Gender.MALE,1,0,辽宁
好笑的笑话常常有，但最好笑的笑话就不多了。大家每个人推荐两个你认为最好笑的笑话，就会收集到很多最好的笑话。除了放在这里，还会收集到贴吧精品吧，做为永久的收藏。现在，大家快来推荐吧！,贴吧总动员,Gender.MALE,1,0,辽宁
大家可以多方面收集，也可以在精品区里找。好笑话不要冷藏，选出来大家共同分享。同时，大家可以把各吧精品区的贴子，转贴到贴吧精品吧。也可以把那里的贴子转到各吧，因为那里是精品贴的中转站。好笑话大家贴，好贴子齐分享！,贴吧总动员,Gender.MALE,0,0,辽宁
。。。。我刚刚还当水帖删了。。。骚瑞啦。,安好是多好zym,Gender.FEMALE,0,0,
前排必须要占,黄埔风云力金,Gender.UNKNOWN,0,0,
刚参加工作一快退休的书记对我们训话…你来这是做世界的，千万不混世界，世界是你们年青人的知道了吗？有人问做世界和混世界怎么分…书记马上接着说像我就是混世界的才当了个副书记…做世界的都在北京当领导了…大家的章声雷动，想真的好这单位最差起码有副书记做做,吃好喝好90,Gender.UNKNOWN,0,0,
现在的男生，比女生瘦，比女生白，比女生好 看，还要跟女生抢男生。~zZ,安好是多好zym,Gender.FEMALE,0,0,
鸳鸳相抱何时了，鸯在一旁看热闹。,君殇shine,Gender.UNKNOWN,0,0,
回复 君殇shine :,无冕之王Z,Gender.UNKNOWN,0,0,
我倒是喜欢更多这种情况。那样我就有更多机会，泡妞成功。哈哈,佬龚仔,Gender.UNKNOWN,0,0,
男女比例失调根本不是问题喽,jat963,Gender.UNKNOWN,0,0,
"'片'这个字盯久了像不像奥特曼在发射激光？
最近我女朋友总是无精打彩的搭拉着脑袋，我决定给她打打气。",爱尔兰天空下雨,Gender.MALE,1,0,山东
嗯嗯,游戏更简单,Gender.UNKNOWN,0,0,
打打气……,药卟离口,Gender.UNKNOWN,0,0,
淘宝商品？,时间失落,Gender.UNKNOWN,0,0,
这口也不错,爱尔兰天空下雨,Gender.MALE,0,0,山东
周末几位女同事到另一位男同事家做客，见穿着开裆裤的小男孩十分可爱，女同事就逗他玩：你的小JJ好可爱哦！小男孩答道：我爸爸还有个大的！,ren任恒,Gender.MALE,1,0,陕西
咳咳，好儿子,qayuyao855,Gender.UNKNOWN,0,0,
她们都喜欢可爱的,我怕冷风,Gender.UNKNOWN,0,0,
真心笑了~~~,zhuchp,Gender.UNKNOWN,0,0,
孺子可教也，哈哈，笑死我了,我们曾经是武警,Gender.UNKNOWN,0,0,
"我渴望的最浪漫的事就是有一天我们都老了，在温暖的午后，我躺在你的腿上，你替我掏耳朵。你温柔地问我：“这个力道行吗？”我没有回答，你缓缓取下眼镜，开口说：“尼玛，又掏聋了一只。”（这个小了半天~）
天冷了，晚上回家没事跟妈妈挤温暖。。被温暖完的我于是不知道想什么的无比感性的对妈妈说：妈，生我辛苦你了。。我妈淡定的回一句：不会，就和拉大便一样，用力两下就出来了 ————靠！ （这个也是~~）",温文狂侠1,Gender.MALE,1,0,广西
你笑点太低了，以后这，，就别拿出来,忽略你CSOL,Gender.UNKNOWN,0,0,
回复 忽略你CSOL :好吧~我笑点太低。。。,温文狂侠1,Gender.MALE,0,0,广西
我同事块笑趴了,云海书香,Gender.UNKNOWN,0,0,
回复 云海书香 :那应该笑点比我还低~~,温文狂侠1,Gender.MALE,0,0,广西
"现在很多人找我要节操 怎么办
昨晚这三只惊艳了我的双眼",我素好姑娘c,Gender.FEMALE,0,0,山东
伊丽莎白桑，定春，彼尔德。你们在做甚？,hottoh3048,Gender.UNKNOWN,0,0,
节操多少钱一斤,衣拉客回来了,Gender.UNKNOWN,0,0,
流量超了 兄弟,交流一支梅,Gender.UNKNOWN,0,0,
我头像,自顾自的成熟,Gender.UNKNOWN,0,0,
弹性,Love_的誓言_,Gender.MALE,0,0,
不介意挤一挤吧，反正又不会怀孕，,恨离li,Gender.UNKNOWN,0,0,
挤挤更健康～,2b小孩丶好欢乐,Gender.UNKNOWN,0,0,
你好我好大家好 呵呵呵呵呵呵呵呵,ansfa2010,Gender.UNKNOWN,0,0,
嘿咻还这宽敞，挤挤反正又不会怀孕，,Head丶小青年,Gender.UNKNOWN,0,0,
刘备正休息，帐外传来喊杀之声，关羽冲进帐来：“我们被包围了，大哥快走！“刘备大惊：“云长，你要帮我断后！““没问题！“关羽手起刀落，床头玩耍的刘禅被砍成两截。刘备大怒：“尼马我说的不是这个！“关羽回手一刀又砍死了一旁的刘封。“操！也不是这个！“刀光一闪，刘备腿间一片血红……,大舆论家,Gender.UNKNOWN,0,0,
太好笑了，,我是38院长,Gender.FEMALE,0,0,
好玩啊,鱼哭了灬海知道,Gender.UNKNOWN,0,0,
强！,yinguhen1001,Gender.UNKNOWN,0,0,
这个真心太狠了 二爷会不高兴滴~~~,zhuchp,Gender.UNKNOWN,0,0,
最开心的人是最会讲笑话的！要感谢他们！记着那些人！,小颗粒跳豆,Gender.MALE,0,0,
这话说的真好,winona000,Gender.UNKNOWN,0,0,
谢谢你！吾是说能把快乐带给大家的人们，也同样会得到快乐的回报滴！,小颗粒跳豆,Gender.MALE,0,0,
其实喜欢讲笑话的人不一定是最开心的，最伤心的人也喜欢用笑话安慰自己,七小时Ls,Gender.UNKNOWN,0,0,
传说中的直播，前排……围观围观……顶,吾冏,Gender.MALE,0,0,
针的,血风残杀,Gender.MALE,0,0,
嫁的,懒羊羊很有爱,Gender.UNKNOWN,0,0,
"某男隐居深山,有一天他赤裸身体躺于草丛 中休息.突然来了个采蘑菇的小姑娘：“一个 蘑菇,两个蘑菇,3个,4个,5个,5个,5个,5个...“ 最终放弃离开.此男甚爽.第二天依然裸睡于 此,来了个采蘑菇的母熊：“1个,2个,3个,4个, 5个,5个,5个,5个...6个,7个,8个。。。。。",摩蝎天昊,Gender.UNKNOWN,1,0,
哈哈 太逗笑了 哈哈哈哈哈,鱼哭了灬海知道,Gender.UNKNOWN,0,0,
拔掉了……,Dear张sir0,Gender.UNKNOWN,0,0,
这个学校里有人讲过……,灰束浅夏,Gender.UNKNOWN,0,0,
还有吗，还有吗,我是38院长,Gender.FEMALE,0,0,
"

————————————[千万不要看我头像、不要看我ID、不要眼熟我啊。]",我素好姑娘c,Gender.FEMALE,0,0,山东
我没看,林乔语儇儿,Gender.UNKNOWN,0,0,
素素，求罩,aizhanglililiu,Gender.UNKNOWN,0,0,
素素，求罩,aizhanglililiu,Gender.UNKNOWN,0,0,
。。,智慧的阿泰,Gender.UNKNOWN,0,0,
插一下,我们这里还有鮽,Gender.MALE,0,0,
LZ你好，请问你看到我儿子么，就是一天到晚都在贴吧说“对不起，我这个人不太会说话，有什么冒犯的地方，你他妈来打我啊”这句话的人，找到了请联系我。,yzy825181411,Gender.UNKNOWN,0,0,
回复 yzy825181411 :对不起。。。我笑了。。。哈哈。。。好久。。。,老鸡也来啄小鹰,Gender.UNKNOWN,0,0,
回复 老鸡也来啄小鹰 :………………！…………………………………………！！…………嘿嘿,yzy825181411,Gender.UNKNOWN,0,0,
真的吗？,小屁颠year,Gender.UNKNOWN,0,0,
"有一次和妹妹还有邻居家的
朋友在家打扑克。场面很安静，我
突然放了个超响的屁。好尴尬啊，
她俩什么都没说。我想缓和一下气
氛，说：“小妹，该你（出牌）了…
…”妹妹来了句：“我放不出来。”",我们这里还有鮽,Gender.MALE,0,0,
噗,森Louis,Gender.UNKNOWN,0,0,
嘎嘎 笑抽了,600゛馒头妞,Gender.UNKNOWN,0,0,
哈哈哈哈，笑尿了！,玩命↗Rodman,Gender.UNKNOWN,0,0,
、、、,蜗牛_透心凉,Gender.UNKNOWN,0,0,
这样是表示可以优雅的留下混经验了麽？,窝窝窝尐窝窝,Gender.FEMALE,0,0,广西
是的，表示可以优雅的留下十五字混经验了麽？,一个时代的愁容,Gender.UNKNOWN,0,0,
这样是表示可以优雅的留下十五字混经验了麽？,敲猪大师,Gender.UNKNOWN,0,0,
最开心的人是最会讲笑话的！要感谢他们！记着那些人！,ansfa2010,Gender.UNKNOWN,0,0,
鲍照最新图片大全：https://tieba.baidu.com/mo/q/checkurl?url=http%3A%2F%2Fhi.baidu.com%2Fcbhwgjigqebhlmd%2Fitem%2F83425fd5ed450be155347f0f&urlrefer=8946aeace2370f1955b9035e4392a594 /aijjfjdb,ansfa2010,Gender.UNKNOWN,0,0,
这样是表示可以优雅的留下十五字混经验了麽？,窝窝窝尐窝窝,Gender.FEMALE,0,0,广西
这样都能遇到米！,难熬的季节o,Gender.UNKNOWN,0,0,
你数学老师死的早阿！爱！,dskkqq,Gender.UNKNOWN,0,0,
这样是表示可以优雅的留下十五字混经验了麽？,大肚黄9,Gender.UNKNOWN,0,0,
这样是表示可以优雅的留下十五字混经验了麽？,窝窝窝尐窝窝,Gender.FEMALE,0,0,广西
123456789012312554416864135312486866,会离去的时间,Gender.MALE,0,0,
吧友们看见我孙子木有？就是一天到晚看帖要么不回，要么打十五字混经验的内各！,_纯蓝记忆_,Gender.UNKNOWN,0,0,
回复 _纯蓝记忆_ :你觉得好笑嘛,会离去的时间,Gender.MALE,0,0,
小时候，你希望长大后做什么？每个人小时后都有个梦想，说说你小时后的梦想？现在实现了吗？.,ansfa2010,Gender.UNKNOWN,0,0,
孩子正考虑有关“遗传与环境“的问题。母亲插话道：这个问题很简单嘛，大家都知道如果孩子像父亲，那就是遗传；像邻居，那就是环境。,独来独往603,Gender.MALE,0,0,
小时候，你希望长大后做什么？每个人小时后都有个梦想，说说你小时后的梦想？现在实现了吗？.,ansfa2010,Gender.UNKNOWN,0,0,
瞬间内涵,雷神祭司杨永信,Gender.UNKNOWN,0,0,
十五字啊十五字啊十五字啊十五字,一曲离殇笑癫狂,Gender.UNKNOWN,0,0,
(这是搞活动吗？),山里人家很友好,Gender.MALE,0,0,
回复 墙倒丶红杏出 :谁是活动,s13189,Gender.UNKNOWN,0,0,
回复 s13189 :叫我干嘛,__莪狠低调,Gender.UNKNOWN,0,0,
回复 __莪狠低调 :,36计yy,Gender.UNKNOWN,0,0,
楼上的好欢乐不,崽儿不要拽,Gender.UNKNOWN,0,0,
.一天去网吧包夜，大概12点多学校领 导来查夜不归宿的。网吧的人全部往外跑，结果全部被领 导逮了。/得意只有一个哥们躲过去了。。。我会告诉你这货在校领 导进网吧的时候，默默的去墙角拿了把扫把在那扫地吗？,梨木高溢,Gender.MALE,0,0,
哈哈 还行,鱼哭了灬海知道,Gender.UNKNOWN,0,0,
笑尿了,哈啤百威冰嘉,Gender.UNKNOWN,0,0,
哈哈，这个弱爆了,她比我丑mlgb,Gender.UNKNOWN,0,0,
头回听说这么负责的学校,花果山抗霸子,Gender.UNKNOWN,0,0,
一男士红肿着双眼来上班，同事问：“你眼睛怎么了？” 男人回答：“昨天我在街上走，一个小姐的裙子被风吹起来了，我好心帮她拉下来，她竟给我左眼来一拳！” 同事又问：“那右眼呢？” 男人回答：“我以为她不喜欢把裙子拉下来，就又帮她掀上去了。”,独来独往603,Gender.MALE,0,0,
奇葩！！！,24岁丶还遗精,Gender.UNKNOWN,0,0,
哈哈哈哈哈哈哈哈 笑死我了,12345niu7,Gender.UNKNOWN,0,0,
人才,失落丶3,Gender.UNKNOWN,0,0,
我笑了……,xiaoyu小雨是我,Gender.UNKNOWN,0,0,
果断刘明，养养膘，晚上再看，不知道够不够十五个字。,250611724,Gender.MALE,0,0,
蜈蚣出门，不小心被蛇咬了！ 为了防毒液扩散，必须马上截肢！ 蜈蚣自我安慰道：“幸亏偶腿多！” 大夫也安慰道：“是的兄弟，想开点，你以后就是蚯蚓了！”,独来独往603,Gender.MALE,0,0,
我能告诉你我叫蚯蚓喊确肠儿吗？．．．,跳跳跳跳不动,Gender.UNKNOWN,0,0,
想开的～,我的女神是如花,Gender.UNKNOWN,0,0,
我以为那大夫会说以后就是蛇了……,衣落星,Gender.UNKNOWN,0,0,
我以为那大夫会说以后就是蛇了……,衣落星,Gender.UNKNOWN,0,0,
动物园召开讨论会！ 主持人问：“猫是否会爬树？” 老鹰抢答：“会！” 主持人：“请举例说明！” 老鹰含泪说道：“那年，我睡熟了，猫爬上了树...后来就有了猫头鹰！”,独来独往603,Gender.MALE,0,0,
猫头鹰是那样来的,lalala1fly,Gender.UNKNOWN,0,0,
毁三观,火星的小学生,Gender.UNKNOWN,0,0,
公司经理让人在墙上挂上“想做就立即去做”的标语，希望以此激励员工的积极性！ 过了一段时间，老板的一个朋友问他这个举措效果如何？ 老板愤怒的说：“出纳拿了10万元逃走了，办公室主任和我的女秘书私奔了，几十个员工一起要求加薪！”,独来独往603,Gender.MALE,0,0,
吧友们看见我孙子了木有？就是看帖要么不回要么十五字混经验的内各！,_纯蓝记忆_,Gender.UNKNOWN,0,0,
"两只麻雀坐在一棵树上吹牛！ 大麻雀对小麻雀说：“我可厉害了！什么动作我都可以做得出来，像俯冲啊，盘旋呀,什么高难度的动作我不会呀？” 小麻雀不服，恰好树下有一个女屠夫正在切肉，于是小麻雀就对大麻雀说：“你不是厉害吗？有本事从屠夫手中弄块肉上来！” 大麻雀二话不说一个俯冲飞到桌上叼了一块肉就要飞上树，可一下子被屠夫抓了个正着！ 屠夫非常生气便一根一根地拔大麻雀的毛，大麻雀狂喊HELP！小麻雀实在看不过去了，一下子飞下去冲着屠夫的手就咬了一口，屠夫手一疼便把大麻雀放了。 大麻雀拼命飞上树来，小麻雀说：“这下不吹牛了吧，要不是我救你，你早活不成了！” 大麻雀说：“谁要你救我呀？我正准备脱光了衣服跟他干呢！”",独来独往603,Gender.MALE,0,0,
脱光了衣服跟他干～好邪恶的,我的女神是如花,Gender.UNKNOWN,0,0,
笑死人了不填命吧,刘毛华1,Gender.UNKNOWN,0,0,
别跟鸟较真，稳重点。,指间停滞的时光,Gender.UNKNOWN,0,0,
好邪恶啊~,闷骚的shao年,Gender.UNKNOWN,0,0,
我有一个朋友，他经常叫我们一起喝酒，但是他是属于一喝就多的那种～～哥哥哥哥！有一次他又喝多了，抱着我的腿就喊宝贝，我想你，于是我脱了鞋，把脚给他闻了闻，结果结果，那货睡着了,捡到人生,Gender.MALE,0,0,福建
他亲爱的味道不怎么好闻吧,独来独往603,Gender.MALE,0,0,
天王盖地虎,华丽进行曲ing,Gender.UNKNOWN,0,0,
回复 华丽进行曲ing :小鸡炖蘑菇,linqing_1103,Gender.UNKNOWN,0,0,
回复 华丽进行曲ing :小鸡鸡炖蘑菇o(≥v≤)o,追梦人66177,Gender.UNKNOWN,0,0,
"“回想昨晚深夜，被室友一声撕心裂肺的呐喊惊醒!我不知道他做了什么噩梦，也不清楚他在梦中干了什么或被于了什么，只知道当我们醒来看着他的时候，他紧紧抱着被子又吼了一句""嫂子 抱紧我!!!""”",捡到人生,Gender.MALE,0,0,福建
好吃不过饺子，好玩不过嫂子,玉帝性虐上帝,Gender.UNKNOWN,0,0,
汗！,捡到人生,Gender.MALE,0,0,福建
情不自禁的笑了,BISHI_,Gender.UNKNOWN,0,0,
爪机无力,年华瑾言之,Gender.FEMALE,0,0,
回家爬楼梯，自己爬的正开心呢，后面来了一大叔。估计大叔挺着急，说了句：美女让我先过去呗？我当时神经一抽，回头跟大叔说：咦，你能看见我阿？我忘不了当时大叔那纠结复杂惊讶的眼神，大叔，你别转身就跑阿，大叔，你听我说，大叔！对不起，我错了！,孟婆汤真得好喝,Gender.FEMALE,0,0,山东
哈，这大叔胆子还真小。,丨情兽爱依观丨,Gender.UNKNOWN,0,0,
大叔别跑，我是六娃,dearlonghua,Gender.UNKNOWN,0,0,
哈哈真坏啊,愤怒的雯雯,Gender.UNKNOWN,0,0,
哈哈,only525231124,Gender.UNKNOWN,0,0,
大学一晚自习课，想让我同桌班长出一下洋相，我往他后面贴了一张纸，纸上画了一只猪。他后桌是一个很胖的女生，胖女生看到之后猛笑，并且越笑越大声，班长责问她为什么笑。那胖女生边笑边指着班长说：“你后面有一只猪……”,孟婆汤真得好喝,Gender.FEMALE,0,0,山东
这个有 哈哈哈哈,丿无煞,Gender.UNKNOWN,0,0,
这个 太……好吧 我是笑了……是自创的呗……,Dear张sir0,Gender.MALE,0,0,
这个 太……好吧 我是笑了……是自创的呗……,Dear张sir0,Gender.MALE,0,0,
貌似早就看过了,用hd2的男人,Gender.UNKNOWN,0,0,
一出租车司机开车时，发现前面有个很疯狂的摩托车，都快把坐在后面的小孩甩出去了。出租车司机追上那个摩托车，喊道:”哥们，你孩子快要从后座掉下去了。”开摩托车的人听后，回头看一眼惊奇地问：”儿子，你妈呢？”,碎了一堆殇,Gender.MALE,0,0,四川
哈哈， 我也发过这个,q97104182,Gender.UNKNOWN,0,0,
我勒个去，太牛叉了,24岁丶还遗精,Gender.UNKNOWN,0,0,
哈哈,jat963,Gender.UNKNOWN,0,0,
一出租车司机开车时，发现前面有个很疯狂的摩托车，都快把坐在后面的小孩甩出去了。出租车司机追上那个摩托车，喊道:”哥们，你孩子快要从后座掉下去了。”开摩托车的人听后，回头看一眼惊奇地问：”儿子，你妈呢？”,碎了一堆殇,Gender.MALE,0,0,四川
笑死了…哈哈…,谭小小冲,Gender.UNKNOWN,0,0,
骑摩托车的人急急忙忙回去找，在一个路口看见了老婆，刚跳下车回头一看：尼妈，孩子呢！？？,阁楼上的光home,Gender.UNKNOWN,0,0,
回复 阁楼上的光home :糟糕了，莫非是到了河南？？老婆？？儿子？？？车呢？？？纳尼？！！驻马店！！！,杜梦婷PCZ,Gender.UNKNOWN,0,0,
回复 杜梦婷PCZ :黑河南？,火药_虾米,Gender.UNKNOWN,0,0,
. 小李要移民到美国，领导问他：“你对你的工资不满意吗？” 小李说：“满意。” “对你的住房不满意？” “满意” “那是上网环境不满意？” “也满意” “对医疗，孩子上学都不满意？” “都满意！” “既然你都满意为什么还要移民？” “因为那里允许有不满意！”,碎了一堆殇,Gender.MALE,1,0,四川
顶,花果山抗霸子,Gender.UNKNOWN,0,0,
回复 追梦人66177 :房门口就好！！,_二爷ha,Gender.UNKNOWN,0,0,
高级,丨画,Gender.UNKNOWN,0,0,
我们班新来个男的政治老师，上课时我们四个在打扑克。老师终于忍不住走下讲台了，我想我旁边还搂着女神呢，女神让我别玩了，但老师在身边，不能让女神觉得我胆小啊，于是我无视他。终于他忍不住了，大吼道：先出一对二啊！这么好的牌！,bxhuweicheng,Gender.MALE,0,0,江西
打2啊我还以为打炮呢,独来独往603,Gender.UNKNOWN,0,0,
我想看结果，结果更好笑吧，十五字更好吧,爵小妍,Gender.UNKNOWN,0,0,
基情啊1,a89783612,Gender.UNKNOWN,0,0,
回复 a89783612 :哪基情了？你看走眼了吧？,bxhuweicheng,Gender.MALE,0,0,江西
小鸡为什么要过马路呢？？,AreYouLoveL,Gender.FEMALE,0,0,
一二三，笑。不过，为什么是小鸡呢？,779798867smile,Gender.UNKNOWN,0,0,
吧友们看见我孙子了木有？就是看帖要么不回要么十五字混经验的内各！,_纯蓝记忆_,Gender.UNKNOWN,0,0,
因为它要去马路对面、、、、,AreYouLoveL,Gender.FEMALE,0,0,
哈哈!吊丝,王子蛆,Gender.UNKNOWN,0,0,
哈哈哈哈,m457280279,Gender.UNKNOWN,0,0,
冷笑话？真心没懂,baby哇塞尼玛,Gender.UNKNOWN,0,0,
没看懂。。。,miao吖猫,Gender.UNKNOWN,0,0,
哈哈哈哈哈哈,唥_悢宸,Gender.UNKNOWN,0,0,河北
吧友们看见我孙子木有？就是看帖要么不回要么十五字混经验的内各！,_纯蓝记忆_,Gender.UNKNOWN,0,0,
回复 _纯蓝记忆_ :你是你孙子？好笑吗。。。,卍冥界卍有光,Gender.UNKNOWN,0,0,
难道我会留就离开贴吧吗？,春秋庆父,Gender.MALE,0,0,
我觉得你会的 而且你就是……嘿嘿,Dear张sir0,Gender.MALE,0,0,
你跑哪去了。。。快跟奶奶回家。。。,_纯蓝记忆_,Gender.UNKNOWN,0,0,
“同学，对连上八天班有什么感想吗？”“可以说家乡话不？”“可以的”“不晓得哪个瓜娃子哈麻烦批想出来的嘞这种锤子政策，他懂个铲铲啊！日他仙人板板的！”“这个是什么意思呢？”“就是为了响应政策，好好工作”,找个角落画圆圈,Gender.MALE,0,0,
哈哈,一路向北的浅夏,Gender.UNKNOWN,0,0,
回复 WQ老衲va : 陈思成。！小儿难养,永燕a相爱,Gender.UNKNOWN,0,0,
四川话说的呢,漂亮企鹅,Gender.UNKNOWN,0,0,
一般人都留十五字，我也不例外←_←,苏打不是小苏打,Gender.FEMALE,0,0,
你真不是一般人,Mr習,Gender.UNKNOWN,0,0,
看来咱都不是一般人,小纠纟吉,Gender.UNKNOWN,0,0,
吧友们看见我孙子了木有？就是那看帖要么不回要么十五字混经验的,_纯蓝记忆_,Gender.UNKNOWN,0,0,
关羽中毒甚深，需刮骨疗伤----“嘻嘻，佗佗，表酱紫麻，人家怕疼～良良，咱们继续下棋，么么哒～”马良闻言大惊：“大夫，关将军这是怎么了”华佗擦了擦头上的冷汗：“为了减轻将军的痛苦，我给他用了点萌汗药。。。”,找个角落画圆圈,Gender.MALE,0,0,
萌汉药,模范书生,Gender.UNKNOWN,0,0,
哈哈，戳中笑点,D一方通行,Gender.UNKNOWN,0,0,
噗，好萌~,lowcantrella,Gender.UNKNOWN,0,0,
天气冷而且钱包告急，于是和同学早上去银行拿了钱就是吃早餐，去到银行看到运钞车刚到，看样子还要点时间，于是对同学说：冻手不？同学：嗯，冻手！“刷”的四声四支雷辐指向我们…被拉上车要去调查，我看气氛有点沉闷捅了捅同学：你怎么不开腔？刷的四声四支枪又指过来，我连忙说：你们误会了，其实我们是想拿钱买炸蛋……,找个角落画圆圈,Gender.MALE,0,0,
哈哈,一路向北的浅夏,Gender.UNKNOWN,0,0,
崩溃了,狼得徐明,Gender.UNKNOWN,0,0,
巧,,Gender.UNKNOWN,0,0,
卧槽,超神路上在施工,Gender.UNKNOWN,0,0,
一天 小蚊子对老蚊子说：妈妈 隔壁家苍蝇说我们家是吸血鬼 木有天良 只见老蚊子慢悠悠的说：别听他们的 他们一家都是吃屎长大的……,Dear张sir0,Gender.MALE,0,0,
呃,lizheng2873285,Gender.UNKNOWN,0,0,
哈哈,森Louis,Gender.UNKNOWN,0,0,
哈哈哈哈哈哈哈哈哈哈哈哈哈哈哈!笑死我啦!,79800656,Gender.UNKNOWN,0,0,
哈哈哈。。。。,08sunflower,Gender.UNKNOWN,0,0,
插,亲亲的话语,Gender.MALE,0,0,
我高二隔壁般的真人真事..某甲在上课睡觉... 被老师发现他火大..就叫甲到黑板前面解题目.....不会写的话 就准备当众羞辱甲。其实甲没走到黑板老师就开始酸他了..成绩那么差，还敢上课睡觉，真不知羞耻。脑袋是不是放在家里...整天只会睡...没想到..他居然会写...还解得很漂亮...老师有点下不了台...只好让他回座位不要管他好了....没想到他居然还跟老师呛了一句....我先睡一下，你待会还有不会的再问我。,Dear张sir0,Gender.MALE,0,0,
怎么说呢,沂水南流,Gender.UNKNOWN,0,0,
回复 762457385 :人才 啊 、、、,Dear张sir0,Gender.MALE,0,0,
这货绝对是人才！就像我们一同学——一星期来了三天，四天泡网吧，但人家还是考第一。,ok郑小二,Gender.UNKNOWN,0,0,
一年前我还觉得木耳很好吃，两年前菊花残满地伤是很文艺的歌词，三年前我还觉得猫扑是搞笑的，天涯是寻友的，五年前我还相信QQ只是个聊天工具，更离谱的是七年前我还天真的相信接吻有万分之一的几率怀孕，最丧尽天良的是十年前我觉得坐了女生做过的凳子会怀孕…………而现在我只要看见少妇养大狗，我就意味深长的笑了！唉唉唉唉…………岁月是把杀猪刀,Dear张sir0,Gender.MALE,0,0,
杀猪刀！嗯，精辟！,阁楼上的光home,Gender.UNKNOWN,0,0,
哈哈哈哈，顶、,BISHI_,Gender.UNKNOWN,0,0,
最后一句表示没看懂。。。,不要0爱情了,Gender.UNKNOWN,0,0,
为什么坐女生坐过的凳子会怀孕……,BISHI_,Gender.UNKNOWN,0,0,
. 有一姐妹为人豪爽可爱，她跟他老公感情特别好，有一次我们吃饭说起小三，我问她，你老公要是有外遇了，你跟他离婚吗？她斜眼看看他老公，淡淡的说，我这辈子没有离异，只有丧偶！！,Dear张sir0,Gender.MALE,0,0,
狠,孟婆汤真得好喝,Gender.FEMALE,0,0,山东
绝!,79800656,Gender.UNKNOWN,0,0,
霸气,,Gender.UNKNOWN,0,0,
如果都这样，就没有小三了,夏津太上老君,Gender.UNKNOWN,0,0,
有些人就是4，出了2还是2，减去2还是2，真实2价上2。去掉一个2还是2，而且是2的2倍儿。,河岸的翁,Gender.MALE,0,0,
额……,卷卷圆圆圈圈,Gender.UNKNOWN,0,0,
有些人是井横竖都是二，中间还能插嘴……,残月方知无光,Gender.UNKNOWN,0,0,
这样是表示可以优雅的留下混经验了麽？,791845641,Gender.MALE,0,0,
超了,小纠纟吉,Gender.UNKNOWN,0,0,
嗯,小屁颠year,Gender.UNKNOWN,0,0,
吧友们看见我孙子了木有？就是那看帖要么不回要么十五字混经验的！,_纯蓝记忆_,Gender.UNKNOWN,0,0,
吧友们看见哪个妓女的儿子了么就是哪个说：：“吧友们看见我孙子了木有？就是那看帖要么不回要么十五字混经验的！ ”,过来叫姐夫baby,Gender.UNKNOWN,0,0,
一司机晚上拉了一个风流女子，到地方了女子没钱付账就说：我让你干一炮，行不？司机一想怕干了得艾滋病，又不想吃亏，就把脚伸了进去，过了几天司机就觉得自己的脚不舒服，就去医院查了一下，医生说你这脚得了艾滋病，司机说：医生你说我这脚得了艾滋病奇怪不，医生说不奇怪前几天有个女的B里还得了脚气了,莫流萧,Gender.UNKNOWN,0,0,
我觉得当美女说干一炮抵车钱的时候，司机就该一脚把丫踹下车，并说：我去年买了个表！不给车钱就算了，还想爽一把！,温文狂侠1,Gender.UNKNOWN,0,0,
回复 温文狂侠1 :啊,想当年玉米地,Gender.UNKNOWN,0,0,
尼玛，老子以后要随身带几个套套，不，要带几十个！,追梦人66177,Gender.UNKNOWN,0,0,
回复 温文狂侠1 :碉堡了。,461843114,Gender.UNKNOWN,0,0,
发个自己在校内上发过的吧……本人刚从学校毕业的儿科医生一个……一般小孩打留置针的时候，都只是大哭或者喊“我不要打针”之类的，那天看一个两岁的小男娃打针，被四个人摁住的他边哭边喊的是“你要干嘛…………哎呦妈诶……哎呦妈诶……畜生……畜生……”……,河岸的翁,Gender.MALE,0,0,
笑了,AV一号男主角,Gender.UNKNOWN,0,0,
哈哈,别跑,Gender.UNKNOWN,0,0,
回复@长大想嫁兵哥哥 :应该是,河岸的翁,Gender.MALE,0,0,
都是千年的狐狸你和我玩什么聊斋？,丶SUper丶疯子,Gender.MALE,0,0,广东
都是老火的鸡汤你跟偶玩什么菜单？,_纯蓝记忆_,Gender.UNKNOWN,0,0,
老师为了让我了解君臣关系，就叫了个我们班最极品的二货。 老师：如果现在你是君我是臣你想对我说什么？ 极品二货憋了半天淡定的来了句；来人，拉出去斩了。。。,榆竹秋,Gender.MALE,0,0,江苏
我打个酱油怎么了我？好心帮你顶一下贴子怎么了我？我骗点经验伪回复我怎么了我？我连主题都没看就给你回复先我容易么我？酱油党的责任我脱得了么我？我膜拜东方不败我喜欢俞承浩同时深爱文章我怎么了我？我酱油帝国千秋万代，一统江湖！！！,浅浅爱鱼儿,Gender.UNKNOWN,0,0,
笑了。。是不到15字不给经验呢还是到了15字才给经验呢。。,慵懒如斯丶,Gender.UNKNOWN,0,0,
笑了,Tanatose_,Gender.UNKNOWN,0,0,
是不到15字不给经验呢还是到了15字才给经验呢。。,苍穹无相,Gender.UNKNOWN,0,0,
考试时，监考老师走到一同学面前。　　老师：你在抄什么？　　同学：我在抄题目。　　老师：抄题目干嘛？　　同学：准备补考...,Dear张sir0,Gender.MALE,0,0,
吧友们看见我孙子了木有？就是那看帖要么不回要么十五字混经验的！,_纯蓝记忆_,Gender.UNKNOWN,0,0,
吗,巅峰科密,Gender.UNKNOWN,0,0,
追了一姑娘很多年了，那天她QQ发我一句：If you do not leave me. -I will by your side until the life end. 我没看懂请过了6级的朋友翻译，他说：你要不离开我，我就和你同归于尽。于是我伤心欲绝，再也没联系那姑娘。后来我英语也过六级了，才知道那是“你若不离不弃，我必生死相依”！尼玛后来那姑娘和朋友在一起L,Dear张sir0,Gender.MALE,0,0,
这尼马也要过六级才能看懂啊？,mkifonly,Gender.UNKNOWN,0,0,
这是需要语文水平过六级才能懂,dearlonghua,Gender.UNKNOWN,0,0,
回复 zhiyuanfantasy : 额 没Be 是吧 没Be 没 啥玩意？？！！,Dear张sir0,Gender.MALE,0,0,
求关注 关注继续更、、,Dear张sir0,Gender.MALE,0,0,
化学中有一个神奇的东西，它不溶于酸、不溶于碱，不溶于盐，不溶于有机物。它水火不侵，百毒不伤，无论是在喷灯上加热，还是通上高压电，都毫发无损，它拥有最稳定最优秀的化学性质，却总被人遗弃，它的名字叫：杂质...,Dear张sir0,Gender.MALE,0,0,
杂质是可以溶解的，不一定不不溶的,panmengxue,Gender.UNKNOWN,0,0,
回复 panmengxue :不不溶,年轻的小蛇,Gender.UNKNOWN,0,0,
哈哈，太对了，我怎么没想到呢！,zzj1baby,Gender.UNKNOWN,0,0,
吧友们看见我孙子了木有？就是那看帖要么不回要么十五字混经验的！,_纯蓝记忆_,Gender.UNKNOWN,0,0,
去网吧：“老板，上网。”老板看了两眼，问我哪年生的，我答88年。老板又问属什么，我当时就愣了！开始心算，91年属羊，90年属马，然后思维就混乱了……老板叹了口气：“记住，你属龙，进去吧。”,Dear张sir0,Gender.MALE,0,0,
未成年人伤不起,胡一刀92,Gender.UNKNOWN,0,0,
哈哈，以前这招用过，现在用不到了，,24岁丶还遗精,Gender.UNKNOWN,0,0,
内涵~,余小泉hot,Gender.UNKNOWN,0,0,
碉堡了,酒吧丶无奈,Gender.UNKNOWN,0,0,
话说一个长期出差在外的同事，QQ签名改成了：车，马，相，士，帅，卒，一应俱全。哥不解，问其意。兄弟曰：求炮，求炮！,Dear张sir0,Gender.MALE,0,0,
一炮把你轰月亮上去,_纯蓝记忆_,Gender.UNKNOWN,0,0,
校领导检查学生宿舍，某宿舍有位同学在玩dota，校领导就一直在他身后默默的看着，那同学玩儿了会儿突然感觉后面有人站着，于是一回头发现领导在身后，他一紧张不知道该干什么了，校领导突然来了一句，注意补刀。,wangqi12388,Gender.UNKNOWN,0,0,浙江
哈哈,鬼♂见♀愁,Gender.UNKNOWN,0,0,
还不快去买跳刀,cccccc978wo,Gender.UNKNOWN,0,0,
女生是一种曲线动物所以往往她说的话并不是那个意思比如她叫你滚，你就一定不能滚她说永远不想再看见你，你就一定要越在她面前晃悠就像她叫你慢一点的时候，你完全不听她的一样,Dear张sir0,Gender.MALE,0,0,
最后一句是真理…哈哈哈哈,夜太美更太殇,Gender.UNKNOWN,0,0,
最后一句好亮,V破城依旧V,Gender.UNKNOWN,0,0,
太邪恶了 我喜欢,只看风景不记路,Gender.UNKNOWN,0,0,
哈哈,洛城半月若梦,Gender.UNKNOWN,0,0,
回复 榆竹秋 :憋了一句来人推出去斩了,往事随风逝sky,Gender.MALE,0,0,
一对情人50年后相见，想到从前，感慨 万千，遂欲再亲热一番。半小时后，老头 感叹:一江春水已流干，两座高山成平 川，昔日风景今不再，只剩两颗葡萄干。 老太感叹:枯草堆里到处翻，始终不见抢 和蛋，岁月沧桑不饶人，只见一根萝卜 干。,摩蝎天昊,Gender.UNKNOWN,0,0,
顶,没球事瞎球转,Gender.UNKNOWN,0,0,
好押韵,花果山抗霸子,Gender.UNKNOWN,0,0,
好诗,超神路上在施工,Gender.UNKNOWN,0,0,
吟得一首好诗啊,看看爱看time,Gender.UNKNOWN,0,0,
"超市排长队，轮到某男时,他跟店员说要买50个套套。结果某男后面两个MM抿着嘴一阵乱笑。于是某男回头用阴沉的眼神扫了她们一眼！然后又对店员说：“等等，改成52个。”于是整个场面成功Hold住了！",cyf523454354,Gender.MALE,0,0,河北
"这个不懂阿,求解析",百度用户#501351875,Gender.UNKNOWN,0,0,
后面两个一起上…,夜太美更太殇,Gender.UNKNOWN,0,0,
基友强,ylonline2k3,Gender.UNKNOWN,0,0,
笑抽了,非常三加一,Gender.UNKNOWN,0,0,
今天在马路上看到个老奶奶摔倒在街上，我跑过去把老奶奶扶起来，结果看样子她又要倒下，我想着估计要讹诈我钱，我果断先倒地，在地上不停的抽搐并且口吐白沫，老奶奶一下呆了，我边抽搐边蠕动，大概蠕动到两米之外，站起来拍拍灰走了，老奶奶还愣在原地发呆。我深藏功与名。,cyf523454354,Gender.MALE,0,0,河北
表示这个我发过,q97104182,Gender.UNKNOWN,0,0,
每次看到这个都笑抽,嫒HのS,Gender.UNKNOWN,0,0,
我爆笑了,,Gender.UNKNOWN,0,0,
我终于笑了,灵魂炼成,Gender.UNKNOWN,0,0,
果断留下十五字，我估计现在就够了。,华华华华建,Gender.MALE,0,0,山东
有一妹纸，喜穿裙子，还是屁股后面带扣子的那种，到上公交车时从后面把扣子解开才会上去。有一天，妹纸排队坐公交，上车时伸手结扣子，解了一颗，没上去，又解一颗，还上不去，扭头一看，傻眼了，她把排在她后面一哥们儿的牛仔裤扣子解开了！,hui249004467,Gender.MALE,0,0,
回复 Miss罂粟致命 :裙子比较窄，上车时跨不上去,ababee01,Gender.UNKNOWN,0,0,
吧友们看见我孙子了木有？就是那看帖要么不回要么十五字混经验的！,_纯蓝记忆_,Gender.UNKNOWN,0,0,
记得初一的时候学古诗，中间有一句：“鸟向檐上飞，云从窗里出。”当时我捅了捅斜前方座位的男生，然后迅速坐好。我旁边的同桌一本正经在背那首古诗，这时，斜前方的男生阴沉着脸转过来，同桌那呆货正好背到“云从窗里出”，结果斜前方男生吼了一句：“窗里出你屎啊！！！！”然后我就喷了~~~{真实，原创},Gessaijiu,Gender.FEMALE,0,0,
啥意思,浮生蝶梦庄丶,Gender.UNKNOWN,0,0,
+1,Tanatose_,Gender.UNKNOWN,0,0,
不懂,5hanleng,Gender.UNKNOWN,0,0,
山中杂诗，初一课后第3首,_纯蓝记忆_,Gender.UNKNOWN,0,0,
一次问同桌：“在眼镜发明之前，眼镜蛇叫什么？”同桌淡定的说：“四眼蛇！”,米阿茶乐,Gender.FEMALE,0,0,河北
回复 明天不见来 :,怎么不不行,Gender.UNKNOWN,0,0,
回复 明天不见来 :你说第一个知道猪奶可以喝的人到底对你做了什么？,_纯蓝记忆_,Gender.UNKNOWN,0,0,
回复 明天不见来 :好啊，正好我刚买了一箱奶，随便试,_纯蓝记忆_,Gender.UNKNOWN,0,0,
上地理课时，老师讲到每平方千米人口，我随口就最贱一句：“那海域算吗？”前方同学一脸无语转头：“你家海域住人啊！”我楞了一秒，然后特严肃的说：“美人鱼！！”,Gessaijiu,Gender.FEMALE,1,0,
原创，真实,Gessaijiu,Gender.FEMALE,0,0,
吧友们看见我孙子了木有？就是那看帖要么不回要么十五字混经验的！,_纯蓝记忆_,Gender.UNKNOWN,0,0,
回复 _纯蓝记忆_ :看了这么久 一路多有你 我他妈真想问你 你是MM 还是GG,183735,Gender.UNKNOWN,0,0,
回复 183735 :你猜姐姐我是啥,_纯蓝记忆_,Gender.UNKNOWN,0,0,
还记得网上最近有流行一个活动：打给你通讯录里第三个，然后骂他四分钟，挂电话你输了，不挂你赢了。结果我一翻手机，第三个是我储存的10086......,Gessaijiu,Gender.FEMALE,0,0,
我第三个是我爹，情何以堪,dd147334756,Gender.UNKNOWN,0,0,
我也是10086,还谁的空欢喜,Gender.UNKNOWN,0,0,
班主任啊！……凌乱了……,Ddddddddddzk,Gender.UNKNOWN,0,0,
还有这么无聊的活动？,花果山抗霸子,Gender.UNKNOWN,0,0,
有人问你月收入多少？你回答不到一万，又问，具体多少？你回答说三千五,电脑组装店,Gender.UNKNOWN,0,0,
二十万多一点！2000、00,夜太美更太殇,Gender.UNKNOWN,0,0,
回复 夜太美更太殇 :(颠覆三观),小仔宝宝,Gender.UNKNOWN,0,0,
回复 夜太美更太殇 :,e5760126,Gender.UNKNOWN,0,0,
这样是表示可以优雅的留下混经验了麽？,土堆堆土,Gender.MALE,0,0,
一二三三二一一二三四五六七，十五字！其实后边还有：七只小鸡排队走，叽叽叽叽叽叽叽！,zzj1baby,Gender.UNKNOWN,0,0,
这样是表示可以优雅的留下十五字混经验 了麽？,小布爱不退,Gender.UNKNOWN,0,0,河北
女孩子当着别人的面喝杯装酸奶的时候一定会撕开盖子就扔掉、其实自己一个人的时候八成会把盖子上面沾的也舔掉,Dear张sir0,Gender.MALE,0,0,
当着人就用调羹,月翼猎,Gender.UNKNOWN,0,0,
什么？,171365399,Gender.UNKNOWN,0,0,
＋1,小仔宝宝,Gender.UNKNOWN,0,0,
还真不会。。,腼腆的虎妞,Gender.UNKNOWN,0,0,
00544 44944,波斯公猫ly,Gender.MALE,0,0,
动动我试试，试试就试试,三顾茅庐出发地,Gender.UNKNOWN,0,0,
10544 44944,兔子ai撒娇,Gender.UNKNOWN,0,0,
为什么我想到的是，凌辱我试试，试试就试试,无声无息丶呼唤,Gender.UNKNOWN,0,0,
回复 无声无息丶呼唤 :05544,波斯公猫ly,Gender.MALE,0,0,
刘备新婚之夜，激动的对新娘说：今晚就让我的二弟好好的收拾你。话刚说完，只见关羽破门而入：大哥，我就等你这句话，大嫂别怕，今晚我的小弟弟会很猛的。忽然一道黑影从窗户射出：我就知道哥哥不会忘了我的。,风吹田坎菜花香,Gender.MALE,0,0,
。。。,倾城顷刻间OvO,Gender.UNKNOWN,0,0,
开关二爷的玩笑…想当女人了？,处男谁来泡,Gender.UNKNOWN,0,0,
哈哈。。,小纠纟吉,Gender.UNKNOWN,0,0,
99233用英文说,风吹田坎菜花香,Gender.MALE,0,0,
奶奶吐思瑞思瑞？,花果山抗霸子,Gender.UNKNOWN,0,0,
奶、奶、涂、水、水,Roodwick,Gender.UNKNOWN,0,0,
什么意思啊,小清新412,Gender.UNKNOWN,0,0,
真狠,窒息丶息你mb,Gender.UNKNOWN,0,0,
这样是表示可以优雅的留下十五字混经验了麽？,流萤夜雪,Gender.FEMALE,0,0,辽宁
直接插,殇骸锝辜髑,Gender.UNKNOWN,0,0,
有什么好笑的，说出来让大家乐呵乐呵,徒步天涯free,Gender.MALE,0,0,
我遇到直播拉真是直播萼传说是真的,嫖光韩国钕人,Gender.UNKNOWN,0,0,
好友乔迁新居，一群朋友前去参观庆贺。大家一面欣赏雅致的装潢，一面不停地问：“这套音响谁选的?”“我老婆!”“这组沙发谁挑的?”“我老婆!”“这幅画谁看中的?”“我老婆!”一个朋友忍不住问：“这房子里到底有哪一样是你选的?”只听好友得意地说：“我老婆!”,爱青smile,Gender.MALE,0,0,
直播？,CNN_二货,Gender.MALE,0,0,湖南
“为什么她长相一般身材也不怎么样脾气又差 你还喜欢她“ “ 那你说为什么老子要写《道德经》“ ”为什么？“ ”因为老子愿意！“,暗云翻,Gender.MALE,0,0,广东
霸气,叫我九八哥,Gender.UNKNOWN,0,0,
好,百度用户#326546551,Gender.UNKNOWN,0,0,
谁说的，老子写《道德经》是被迫的吧,幕後灬黑手,Gender.UNKNOWN,0,0,
男人的问答,婚礼与行走,Gender.UNKNOWN,0,0,
插一下 不会怀孕的 没事 插一下 就一下 很快的,高射炮打小强,Gender.MALE,0,0,
真的快吗。。= =我邪恶了,半糖主义sisi,Gender.UNKNOWN,0,0,
回复 hi寒衣 :BS= =,半糖主义sisi,Gender.UNKNOWN,0,0,
回复 hi寒衣 := =同类,半糖主义sisi,Gender.UNKNOWN,0,0,
回复 hi寒衣 :精辟= =,半糖主义sisi,Gender.UNKNOWN,0,0,
"
一MM从的士下来 ，司机突然赶忙把头伸出窗外，冲着MM大声喊道：“小姐你相机！”
MM脸一红，扭过头来骂道：“你tmd相机！” 然后的士走了…… 然后mm追着车喊：“师傅，我相机~~~~！我相机~~",friendll,Gender.MALE,0,0,
再看到，自然止不住地笑了，lala……,BISHI_,Gender.UNKNOWN,0,0,
哈哈哈哈哈哈哈哈哈哈哈哈哈哈哈,KyrieooIrving,Gender.UNKNOWN,0,0,
像[鸡],哥依然不纯,Gender.UNKNOWN,0,0,
悟空别追了,思小心,Gender.UNKNOWN,0,0,
一MM从的士下来 ，司机突然赶忙把头伸出窗外，冲着MM大声喊道：“小姐你相机！” MM脸一红，扭过头来骂道：“你tmd相机！” 然后的士走…,L洛小夜,Gender.MALE,0,0,
一MM从的士下来 ，司机突然赶忙把头伸出窗外，冲着MM大声喊道：“小姐你相机！” MM脸一红，扭过头来骂道：“你tmd相机！” 然后的士走…,L洛小夜,Gender.MALE,0,0,
一MM从的士下来 ，司机突然赶忙把头伸出窗外，冲着MM大声喊道：“小姐你相机！” MM脸一红，扭过头来骂道：“你tmd相机！” 然后的士走…,L洛小夜,Gender.MALE,0,0,
一MM从的士下来 ，司机突然赶忙把头伸出窗外，冲着MM大声喊道：“小姐你相机！” MM脸一红，扭过头来骂道：“你tmd相机！” 然后的士走…,L洛小夜,Gender.MALE,0,0,
一MM从的士下来 ，司机突然赶忙把头伸出窗外，冲着MM大声喊道：“小姐你相机！” MM脸一红，扭过头来骂道：“你tmd相机！” 然后的士走…,L洛小夜,Gender.MALE,0,0,
一MM从的士下来 ，司机突然赶忙把头伸出窗外，冲着MM大声喊道：“小姐你相机！” MM脸一红，扭过头来骂道：“你tmd相机！” 然后的士走…,L洛小夜,Gender.MALE,0,0,
复读机啊-- --,小纠纟吉,Gender.UNKNOWN,0,0,
一MM从的士下来 ，司机突然赶忙把头伸出窗外，冲着MM大声喊道：“小姐你相机！” MM脸一红，扭过头来骂道：“你tmd相机！” 然后的士走…,L洛小夜,Gender.MALE,0,0,
复读机？？,靠谱小小华,Gender.UNKNOWN,0,0,
。。。。对啊,小纠纟吉,Gender.UNKNOWN,0,0,
怎么不更新了呢？,殇骸锝辜髑,Gender.UNKNOWN,0,0,
有座山上有一和尚庙，对面正好是一尼姑庵。老尼姑养了一只鹰，老尼姑很喜欢这只鹰，每天都精心照料着它。 有一天，老和尚带着一个小和尚来尼姑庵借水桶和铁叉，老尼姑便把水桶和铁叉借给了老和尚。小和尚贪玩，在走出门时，看到旁边的鹰，便想抓来玩。但刚要抓到时，鹰一惊，便振翅飞离，只留下小和尚手上一把鹰毛。小和尚无奈，只能随老和尚一起回庙里。 刚回到庙中，便看到老尼姑一脸怒气地向老和尚冲来。大骂道，“我给你桶（捅），给你叉（**为什么还要拔我的鹰（阴）毛？”,Me的梦中只有你,Gender.MALE,0,0,
有座山上有一和尚庙，对面正好是一尼姑庵。老尼姑养了一只鹰，老尼姑很喜欢这只鹰，每天都精心照料着它。 有一天，老和尚带着一个小和尚来尼姑庵借水桶和铁叉，老尼姑便把水桶和铁叉借给了老和尚。小和尚贪玩，在走出门时，看到旁边的鹰，便想抓来玩。但刚要抓到时，鹰一惊，便振翅飞离，只留下小和尚手上一把鹰毛。小和尚无奈，只能随老和尚一起回庙里。 刚回到庙中，便看到老尼姑一脸怒气地向老和尚冲来。大骂道，“我给你桶（捅），给你叉（**为什么还要拔我的鹰（阴）毛？”,Me的梦中只有你,Gender.MALE,0,0,
有座山上有一和尚庙，对面正好是一尼姑庵。老尼姑养了一只鹰，老尼姑很喜欢这只鹰，每天都精心照料着它。 有一天，老和尚带着一个小和尚来尼姑庵借水桶和铁叉，老尼姑便把水桶和铁叉借给了老和尚。小和尚贪玩，在走出门时，看到旁边的鹰，便想抓来玩。但刚要抓到时，鹰一惊，便振翅飞离，只留下小和尚手上一把鹰毛。小和尚无奈，只能随老和尚一起回庙里。 刚回到庙中，便看到老尼姑一脸怒气地向老和尚冲来。大骂道，“我给你桶（捅），给你叉（插） ， 为什么还要拔我的鹰（阴）毛？”,Me的梦中只有你,Gender.MALE,0,0,
"一个农夫在附近的一个酒吧里借酒。一个人走进来，问他：“嗨！你干吗要这样？”
农夫回答道：“天知道是怎么回事！”
那个人奇怪地问：“发生了什么事，这么可怕？”
农夫说：“唉，今天我坐在奶牛旁边挤奶，快装满一个奶桶时，它一抬左腿，把奶桶踢了个底朝天。”
那个人松了一口气：“唉，那也不算什么呀。后来呢？”
“我把他的左腿绑到了左边的柱子上，仍旧坐下来挤奶。正当我快要把另一只奶桶装满时，它抬起右腿，把桶踢翻了。”
“又踢了？”
“这次我又把他的右腿绑到了右边的柱子上，然后又坐下来挤奶。正当我又要把一只奶桶装满时，这头牛尾巴一甩，桶又倒了。”
“天哪！”
“唉，我再没有绳子了，只好把腰带解下来，把它的尾巴绑到屋顶的大梁上。就在这个时候，我的裤子掉了，偏偏这个时候我老婆来了……”",天青雷,Gender.MALE,0,0,辽宁
你个强，间犯，连这麽大年纪的母牛都不放过,qq49310328,Gender.UNKNOWN,0,0,
r,护城河的流浪猫,Gender.UNKNOWN,0,0,
wow～ 好内涵的画面。。。,啊呜_鸡涌君,Gender.UNKNOWN,0,0,
@高跟鞋与小时曲,_七十米深蓝_,Gender.UNKNOWN,0,0,
知道世界上哪个女人的胸最平吗？,沈大爷year,Gender.UNKNOWN,0,0,
小红帽,Moron晓轩,Gender.UNKNOWN,0,0,
太平公主,红变变,Gender.UNKNOWN,0,0,
谁？,17小轩,Gender.UNKNOWN,0,0,
小红帽，因为她奶奶被吃了,贪睡的脑袋,Gender.UNKNOWN,0,0,
"堵车时摇到了妹子
　　高峰期堵车实在无聊，于是微信摇一摇。　　发现一妹妹，打招呼说堵死我了，妹子回：“你开什么车？”　　我扭头一看旁边一奔驰，回话：“我开奔驰。”　　妹子又回车牌多少，回话XXXXX。　　妹子又回：“哥，这奔驰是我开的。”",风吹田坎菜花香,Gender.MALE,0,0,
这个可以有,牵你知Why,Gender.UNKNOWN,0,0,
白富美还用微信？,浅浅浅涩de天,Gender.UNKNOWN,0,0,
"所以说低调才是王道啊
　　全班到郊外爬山，快到山顶的时候，班主任问：“哪个同学跑得最快？”　　特别调皮的室友答道：“我。”　　班主任说：“很好，照相机还在车上，你下去拿上来。",风吹田坎菜花香,Gender.MALE,0,0,
这下好了。,中国普通农民,Gender.UNKNOWN,0,0,
这个好笑 ——来自 爱贴吧 Windows Phone 客户端,baby末日危机,Gender.UNKNOWN,0,0,
哈哈哈哈哈哈哈哈哈哈哈哈哈哈,KyrieooIrving,Gender.UNKNOWN,0,0,
"自作孽不可活啊
　　跟男人坐在沙发上边喝牛奶边看电视。　　正看得投入时，想着逗逗他，瞬间开始边抽搐边吐奶，还翻着白眼。　　把他吓得啊，喊着，我艹，媳妇你咋了！使劲晃我两下抬手给了我两巴掌。　　擦，疼死老娘了！",风吹田坎菜花香,Gender.MALE,0,0,
蓄谋已久,我家豆小豆,Gender.UNKNOWN,0,0,
这个真笑了…,无敌小宾果,Gender.UNKNOWN,0,0,
这个可以有,阿三的Story,Gender.UNKNOWN,0,0,
好笑,jy83810,Gender.UNKNOWN,0,0,
"你问的这不是时候
　　今天上课的时候，我跟前面的人聊天。　　突然，他说：“你是北乔峰，我是南慕容。”　　这时，我旁边内货问他是谁。　　哥幽幽的回答说：“你是西门庆。”当时他脸那个绿啊。",风吹田坎菜花香,Gender.MALE,1,0,
西门庆还绿，西门庆典型高富帅,模范书生,Gender.UNKNOWN,0,0,
什么意思啊 求解,只看风景不记路,Gender.UNKNOWN,0,0,
旁边还有一个问他是谁？哥默默的回答说：你是东方不败！,佲叒蕝,Gender.UNKNOWN,0,0,
东方红,自由的心089,Gender.UNKNOWN,0,0,
唉，睡觉睡觉,风吹田坎菜花香,Gender.MALE,0,0,
插,独爱炜颖,Gender.MALE,0,0,中国台湾
今天室友突然一脸认真问我，相不相信我现在能打你爸，我半信半疑回答，不信。好，你说的是吧，现在我就给打给你看！然后，然后，她拍了一下她自己的脸……我瞬间石化,爆米花也是花Y,Gender.FEMALE,0,0,
求解……,下页遗落,Gender.FEMALE,0,0,
回复 下页遗落 :他说要打他爸，结果打了自己，意思就是自己就是他爸,我就叫王伟,Gender.UNKNOWN,0,0,
恩……这个挺搞笑的,君殇shine,Gender.UNKNOWN,0,0,
为什么是这个她？2b,cx202,Gender.UNKNOWN,0,0,
为什么不好笑啊.,茗甜不是晴天,Gender.UNKNOWN,0,0,
今天一直打嗝，一个人去楼 下快餐店吃饭，对面一五大三粗 的猛男，我一边打嗝一边吃，突 然，对面那男的猛地拍了一下桌 子，怒视着我，我被震住了，对 视了得有十秒，我冷汗都下来了 ，打架我肯定不是他的对手啊！ 人家胳膊比我腿粗！然后大哥说 话了：嗝好了吧？我以前就是这 么治的.....,下页遗落,Gender.FEMALE,0,0,
有意思,鬼♂见♀愁,Gender.UNKNOWN,0,0,
大哥人真好！,啊呜_鸡涌君,Gender.UNKNOWN,0,0,
谢谢大哥,779798867smile,Gender.UNKNOWN,0,0,
坐等经典笑话 感觉会有好笑话出现 哈哈,春眠不觉爱,Gender.MALE,0,0,
路过,寂寞空虚冷1999,Gender.MALE,0,0,
今天一出门就看见一个毛孩子放鞭炮专往人脚底仍，我当时那个气问他：“你爸爸妈妈呢？”那孩子特别傲气说：“我自己出来的。”然后我就放心了狠狠的K了他一顿,回忆失落的,Gender.MALE,0,0,北京
嘿嘿,小仔宝宝,Gender.UNKNOWN,0,0,
孙悟空和六耳？,棺材丶盖不上,Gender.UNKNOWN,0,0,
艹。。。,八门破天晓,Gender.UNKNOWN,0,0,
哈！,小小小小蟋蟀,Gender.UNKNOWN,0,0,
刘明。。。,好人冉七叶,Gender.MALE,0,0,重庆
"一飞行员开着一飞机。
坏消息：飞机坏掉了；
好消息：他带了降落伞；
坏消息：降落伞也坏掉了；
好消息：他发现下面有一堆干草垛；
坏消息：干草垛上竖了个大洋叉；
好消息：他没掉在大洋叉上；
坏消息：他也没掉在干草垛上。",小蛆壳,Gender.UNKNOWN,0,0,
不懂，求解。,卷卷圆圆圈圈,Gender.UNKNOWN,0,0,
回复 卷卷圆圆圈圈 :一个普普通通的笑话，不要想歪了。最后他死了哇,Tefnut0Carol0Z,Gender.UNKNOWN,0,0,
好消息 他没死,英俊小南子,Gender.UNKNOWN,0,0,
坏消息 植物人,sdly80,Gender.UNKNOWN,0,0,
你简直就是x+2>4的解集！二到无穷大呀～,uilc172,Gender.MALE,0,0,
回复 次奥_贝萨流士 :牛……,小仔宝宝,Gender.UNKNOWN,0,0,
就是,Tefnut0Carol0Z,Gender.UNKNOWN,0,0,
有一个男孩追一个女孩，但是总是失败，于是男孩去寺庙拜问禅师，禅师找来一只鸡，鸡腿绑一根绳子，鸡走的时候就拽绳子，鸡就倒在地上再走，反反复复拉倒八次。禅师望向男孩，男孩恍然大悟，说禅师的意思是让我从哪摔倒再从哪爬起来，禅师摇摇头说，意思是让你拉鸡八倒（拉**倒),犀利颜小素丶,Gender.MALE,0,0,
？河蟹的是什么？,982419985a,Gender.UNKNOWN,0,0,
jb,609798776,Gender.UNKNOWN,0,0,
22222222222222222222222,庆凌人,Gender.MALE,0,0,
好。,白色恋歌_,Gender.UNKNOWN,0,0,
想买一个Iphone5.不知道什么牌子的好？,Dear张sir0,Gender.MALE,0,0,
当然菲尔普斯,哈啤百威冰嘉,Gender.UNKNOWN,0,0,
尼采超级五,Tanatose_,Gender.UNKNOWN,0,0,
尼采+1,982419985a,Gender.UNKNOWN,0,0,
想你推荐野兽牌爱疯5,cx202,Gender.UNKNOWN,0,0,
一天，两劫匪在偏僻地区看中一个车震目标，俩人对视一眼便直奔那辆车而去，敲敲窗玻璃，当车门打开瞬间，俩劫匪喊道：把女人留下！男人滚蛋。这时只见有两个男人衣冠不整的从车里出来跑开了，车内未见女人，劫匪茫然.......,Dear张sir0,Gender.MALE,0,0,
唉I know …多悲催的俩劫匪……………,BISHI_,Gender.UNKNOWN,0,0,
下手要看清楚啊!,Tefnut0Carol0Z,Gender.UNKNOWN,0,0,
同学A：大学的女生就像化学元素：大一的女生是金，大二是银，大三是铜，大四是铁。 同学B：很好啊，越来越活泼。 A：活泼的结果是氧化变黑。,Dear张sir0,Gender.MALE,0,0,
内涵,gaggage9431,Gender.UNKNOWN,0,0,
黑木耳,阿三的Story,Gender.UNKNOWN,0,0,
越来越黑~~~,凝望你世界,Gender.UNKNOWN,0,0,
. 情人节最深奥的吵架———在地铁站看到一女的飚泪猛捶一男人：“你今天竟然没带身份证！你这算什么意思！” 身份证。。。身份证。。,Dear张sir0,Gender.MALE,0,0,
恩呐,Dear张sir0,Gender.MALE,0,0,
我第一次跟我媳妇开房是她带的身份证，她掏的房钱。呵呵，现在说起来还幽怨的看着我,模范书生,Gender.UNKNOWN,0,0,
宾馆。。,982419985a,Gender.UNKNOWN,0,0,
我这有啊,超神路上在施工,Gender.UNKNOWN,0,0,
呵呵。,刘飞玲great,Gender.UNKNOWN,0,0,
. 许多无法与人言说的苦，也就不那么苦了。,释故,Gender.MALE,0,0,
昨天，就在昨天，CCAV的记者来步行街采访，刚好把话筒递到我跟前！割了台长的。。。。问我的问题是知道十巴大什么时候召开吗？有什期望，最关注什么，我本着QB精神只说了一句，我敢说你敢播吗？走了。。。调头就走。。。,Dear张sir0,Gender.MALE,0,0,
他敢不敢播我不知道，但你，，，，，，，,苏丹红没有毒,Gender.UNKNOWN,0,0,
男人和女人最大的区别是什么？ “我看电影用光了一盒抽纸”含义是不同的。。,Dear张sir0,Gender.MALE,0,0,
用完抽纸的结果相同，只是看的电影不同吧,穷二代的近视鱼,Gender.UNKNOWN,0,0,
邪恶了,穷穷穷穷心,Gender.UNKNOWN,0,0,
房东住在一楼，每月交房租我都是上门去交，通常是下班的时候。每次都是碰到他们家在吃饭。房东大妈总是很热情的问我吃饭了没呀。我说吃了谢谢大妈关心。大妈就会拉着我要和他们再吃点。我当然不好意思啦，赶紧交了钱走人。这次又去交房租，他们一家人正吃着饭，大妈看到我又热情的问：吃饭了没呀。那天正好没吃晚饭，我高兴坏了赶紧说道：没吃呢。大妈说：那交了钱就赶紧去吃吧.……,Dear张sir0,Gender.MALE,0,0,
. 许多无法与人言说的苦，也就不那么苦了。,释故,Gender.MALE,0,0,
水,709998451,Gender.MALE,0,0,辽宁
一老公要国外出差，他刚登机就给老婆发了条短信｛我登机了｝他那二b老婆就回了条”吾皇万岁万岁万万岁”我真心着雷到,唐家心爱,Gender.MALE,0,0,
他登基了……,xtl951184229,Gender.UNKNOWN,0,0,
这个笑了,扣子xyl,Gender.UNKNOWN,0,0,
哈哈,青霖上仙,Gender.UNKNOWN,0,0,
好可爱,婚礼与行走,Gender.UNKNOWN,0,0,
哈哈哈哈哈哈，笑死女王大人了,独自独醉,Gender.MALE,0,0,陕西
“不要叫我大王，要叫我女王大人。”“好的大王”,青菜丁12138,Gender.UNKNOWN,0,0,
回复 青菜丁12138 :哈哈，福禄娃篇,林断,Gender.UNKNOWN,0,0,
有没有搞笑一点的？难道我笑点提高了？,冰儿_876,Gender.UNKNOWN,0,0,
刘备结婚，对新娘子说：今晚就让你见识见识我二弟的厉害。关羽破门而入：就知道大哥对我好，让你看看我弟弟有多威猛。张飞从窗户飞进来：就知道哥哥不会忘了兄弟，让你见识见识我的宝贝。外边传来一群士兵吼声：将军V5！刘备大怒：我说的二弟是指我的命根子！刘禅从床下爬出：就知道爸爸最疼我了…,窒息丶息你mb,Gender.UNKNOWN,0,0,
老公要国外出差，他刚登机就给老婆发了条短信｛我登机了｝他那二b老婆就回了条”吾皇万岁万岁万万岁”我真心着雷到,南天新人,Gender.MALE,0,0,重庆
"路过看看
顺便捏楼下小咪咪 ",懒洋洋的智慧,Gender.MALE,0,0,北京
美女，这位帅哥是我的。请你管住你的春心和腿！,一届浪子,Gender.UNKNOWN,0,0,
有一次陪同两外国客户坐车，一个男的已经来了半年，各种生活都很习惯，另一个女的来两天，车绿灯过十字路口时，女客户很惊慌的问我，在中国到底是绿灯先走还是红灯先走，没等我开口，那个来了半年的来了句“勇敢的人先走”。,Dear张sir0,Gender.MALE,0,0,
(#啊!),,Gender.UNKNOWN,0,0,
跟着人流走,lalalala222,Gender.UNKNOWN,0,0,
不怕死的想走就走,刘毛华1,Gender.UNKNOWN,0,0,
不怕死的想走就走,刘毛华1,Gender.UNKNOWN,0,0,
同学要去日本，大家都在送行告别，一哥们突然爆出句惊人之语： 老大以后再见到你，估计只能下载啦！,Dear张sir0,Gender.MALE,0,0,
我怎么不懂←_←,叶韵晨,Gender.UNKNOWN,0,0,
求种子,神奇的维C,Gender.UNKNOWN,0,0,
哈哈,曾经狠纯洁丶,Gender.UNKNOWN,0,0,
同学要去泰国，大家都在送行告别，突然一哥们说到:你下次回来的时候，我女朋友就再也不用充气了！,穷二代的近视鱼,Gender.UNKNOWN,0,0,
. 一美女去蔬果市场买黄瓜，挑了很大的，老板细心帮她切了片，那美女say：你当我是存钱罐啊！ 看懂的人很邪恶！！！ 　　　　　　　　　　　　　　　　内涵你懂的,Dear张sir0,Gender.MALE,0,0,
我晕，确实邪恶！！,24岁丶还遗精,Gender.UNKNOWN,0,0,
怎么办，我也想邪恶——看不打懂,杨杨尘墨,Gender.UNKNOWN,0,0,
又懂又不懂←_←,叶韵晨,Gender.UNKNOWN,0,0,
一只蜘蛛爱上一只蝴蝶，可是蝴蝶总是对蜘蛛不理不睬。有一天，蜘蛛实在忍不住了，便问蝴蝶：“你为什么对我那么冷漠？”蝴蝶：“我妈妈说‘常常在网上混的人没一个是好人’”,xn_c1y224c1Lb,Gender.FEMALE,0,0,江苏
摸摸楼下众女咪咪。。。。。/坏笑,定会好年再,Gender.MALE,0,0,广东
留名,Only小冠,Gender.MALE,0,0,内蒙古
日本人,胡一刀92,Gender.UNKNOWN,0,0,
+1,461843114,Gender.UNKNOWN,0,0,
回复 胡一刀92 :你头像真脑残,BA卅,Gender.UNKNOWN,0,0,
儿子不去学校的两个理由 1 学生不喜欢我 2 老师不喜欢我 妈妈让他去学校的两个理由 1 你都52岁了 2 你是校长,众神_覆雨翻云,Gender.MALE,0,0,
今天带2岁儿子第一次吃臭豆腐。 儿子咬了一口：“妈妈，这是谁拉的，这么好吃！” 老公听了后说：“这几天好好看着他，别拉了屎，自己吃了！”,惠东海,Gender.MALE,0,0,北京
哈哈，搞笑,武汉木工06占,Gender.UNKNOWN,0,0,
戳中笑点...,空陨悠,Gender.UNKNOWN,0,0,
曾记否？你穿上了马甲，我还认得你！小样儿，你以为自己有了壳就不是蛇了吗？,凯风网友,Gender.MALE,0,0,河南
我同学是中学英语老师，一次出题答案是：BBBBBBBCCCCCCCCCAAAAAAAAADDDDDDDDD，他说，我就是要让好同学不敢写，差同学不敢抄。牛B啊。,凯风网友,Gender.MALE,0,0,河南
我曾经设想，所有选择题都是a,982419985a,Gender.UNKNOWN,0,0,
强悍的English teacher …,BISHI_,Gender.UNKNOWN,0,0,
我初中时候物理又一次全部是B呢,,Gender.UNKNOWN,0,0,
我们英语老师出过全是A、当时想抄的人那个脸..,丿米歇尔___,Gender.UNKNOWN,0,0,
1，老师在台上讲犀牛，学生不听，老师气急地说，快看我，不看我你们怎么知道犀牛长啥样？2，老师:作者为什么要用自问自答的方式呢？学生:哦，对，为啥呢，可能是想卖萌吧！,陪_绿歌唱,Gender.FEMALE,0,0,
布什 布莱尔 小泉 三人一起做飞机 飞机突然出现了故障 于是三人决定跳伞 三人跳伞之后正好落在了一个野蛮的部落里面 这个部落有个规矩 每个外来人 必须要把屁股里塞上10个圆圆的东西 布什找到了10个枣 塞到第9个时一阵狂笑 全给拉了出来 布莱尔问你笑什么。 布什说 你看小泉那了10个椰子回来,别致的杀猪刀,Gender.UNKNOWN,0,0,
榴莲才好笑,AV一号男主角,Gender.UNKNOWN,0,0,
哈哈，搞笑。。。,不要0爱情了,Gender.UNKNOWN,0,0,
不错，好笑话越来越多了。,全新唯物哲学,Gender.MALE,0,0,辽宁
某学校新建一雕塑---少女左手捧书右手举一白鸽。校领导向校内学生公开召集名字。一时间回复络绎不绝，其中一名呼声最高：读书顶个鸟用！,西域来客2008,Gender.MALE,0,0,
读书顶个球用,982419985a,Gender.UNKNOWN,0,0,
啊,贝眩,Gender.MALE,0,0,北京
如果非要十五个字才能有经验的话，那么好吧，大于等于十五个字总是不会错滴~,兔子ai撒娇,Gender.FEMALE,0,0,重庆
古诗词背串了，老师的点评太精辟,名云中寺,Gender.FEMALE,0,0,山东
收了。。,月夜弓手灬骆驼,Gender.UNKNOWN,0,0,
回复 月夜弓手灬骆驼 :好笑吧，看一次笑一次,名云中寺,Gender.FEMALE,0,0,山东
收了,冬眠De虫虫,Gender.UNKNOWN,0,0,
这家伙考试前肯定听了《自挂东南枝》,左手指甲有绝症,Gender.UNKNOWN,0,0,
"有一次和妹妹还有邻居家的
朋友在家打扑克。场面很安静，我
突然放了个超响的屁。好尴尬啊，
她俩什么都没说。我想缓和一下气
氛，说：“小妹，该你（出牌）了…
…”妹妹来了句：“我放不出来。”",大长敢君,Gender.FEMALE,0,0,
高考成绩出来了，我爸就一句话，考出来的分还没老子血压高,万恶的星期一0,Gender.MALE,0,0,安徽
额,982419985a,Gender.UNKNOWN,0,0,
老爹血压爆表了。。,lalalala222,Gender.UNKNOWN,0,0,
一男到餐馆吃饭，他跟老板娘说：“给我来碗牛肉素面条，稀稀的不带汤。” 老板娘就去给他报饭去了。 等了一会，厨师拎了一把菜刀出来了：“你来给老子说下怎么做，来！”,踏碎这盛世繁宴,Gender.MALE,0,0,安徽
牛逼，哪天试试,,Gender.UNKNOWN,0,0,
笑了,m598826040,Gender.UNKNOWN,0,0,
哈哈哈哈哈哈哈哈哈哈哈稀稀的不要汤,点一笔水墨丹青,Gender.UNKNOWN,0,0,
小手一抖 积分到手 手提酱油 低头猛走,濑亚对毁,Gender.UNKNOWN,0,0,
@李程12,q727114566,Gender.UNKNOWN,0,0,
＠死魂噬魂,死魂噬魂,Gender.FEMALE,0,0,
@死魂噬魂,死魂噬魂,Gender.FEMALE,0,0,
"太久没牵女孩子手了, 拿个泡椒凤爪都觉得温柔纤细, 下不了口…",左手擼啊擼,Gender.UNKNOWN,0,0,
有一次陪同两外国客户坐车，一个男的已经来了半年，各种生活都很习惯，另一个女的来两天，车绿灯过十字路口时，女客户很惊慌的问我，在中国到底是绿灯先走还是红灯先走，没等我开口，那个来了半年的来了句“勇敢的人先走”。,Dear张sir0,Gender.MALE,0,0,
还是外国人啊，应该是敢死的先走,独来独往603,Gender.UNKNOWN,0,0,
求关注啊 关注继续更……,Dear张sir0,Gender.MALE,0,0,
关注,独来独往603,Gender.UNKNOWN,0,0,
这也算？……,Dear张sir0,Gender.MALE,0,0,
@郑思远　　　--我就是传说中宇宙无敌的贴吧小尾巴,J了个C,Gender.UNKNOWN,0,0,
关于百度 50%的人把它当做搜索引擎. . . . . 50%的人用它来检查网络是否连接.,Dear张sir0,Gender.MALE,0,0,
应该是33%的人把它当做搜索引擎.33，。剩下的%的人用它来检查网络是否连接。剩下的是贴吧,独来独往603,Gender.UNKNOWN,0,0,
还有查那啥的嘞(*^_^*),Dear张sir0,Gender.MALE,0,0,
把百度当主页的人挺多的…,liyuxi010305,Gender.UNKNOWN,0,0,
中了,执硪牛耳___,Gender.UNKNOWN,0,0,
高中那会儿，楼主不愿学习，上课就看漫画，当时同桌就是天天睡觉。话说有一次月考，发下试卷看都没看，等到离考试还有半小时交卷的时候，我放下漫画准备蒙一下选择题，一看试卷就纠结了，马上报告，“老师，我两张B卷没A卷。”当时老师挺郁闷，都快交卷了我才说。跑到3L楼给我拿了一张A卷，过了一会儿，还是10分钟交卷的时候，我同桌睡起来了，瞅了瞅自己的试卷，腾的站起来了，“报告，我两张A卷没B卷。”当时全班沸腾。。,Dear张sir0,Gender.MALE,0,0,
一对天才,独来独往603,Gender.UNKNOWN,0,0,
我了个去这对奇葩啊!诶?不够十五字?,点一笔水墨丹青,Gender.UNKNOWN,0,0,
一同学问我：“the king is always lucky”怎么翻 译， 我不假思索就说：“国王总是幸运的” 他摇摇头说出了三个字：“王老吉”——我顿时长跪 不起。,Dear张sir0,Gender.MALE,0,0,
哈哈哈哈哈哈哈哈哈哈哈哈哈哈哈哈哈哈哈哈哈哈哈哈哈哈哈哈哈哈哈哈哈哈哈哈哈哈哈哈哈哈哈哈哈哈哈哈哈哈哈哈哈哈哈哈哈哈哈哈哈哈哈哈哈哈哈哈哈哈哈哈哈哈哈哈哈哈哈哈哈哈哈哈哈哈哈哈哈哈哈哈哈哈哈哈哈哈哈哈哈哈哈哈哈哈哈哈哈哈哈哈哈哈哈哈哈哈哈哈哈哈哈哈哈哈哈哈哈哈哈哈哈哈我来要经验的,点一笔水墨丹青,Gender.UNKNOWN,0,0,
"有些无聊所以手贱了一下,不好意思",点一笔水墨丹青,Gender.UNKNOWN,0,0,
父亲：女儿，请记住这五个人生忠告。1、学会拒 绝。2、不畏挑战。3、勤奋好学。4、从不同角度思考 问题。5、永不言败！女儿：我懂了，就是“雅蠛蝶”、 “大力点”、“不要停”、“换个姿势”、“再来一次吧”！,Dear张sir0,Gender.MALE,0,0,
噗~如今的小盆友伤不起真的伤不起,点一笔水墨丹青,Gender.UNKNOWN,0,0,
得知刘备借了荆州无意归还之后，孙权怒上眉 头，对着鲁肃拍桌子大骂：“刘备那个婊子！竟然玩这些 小人把戏！弄得我们吴国被天下人耻笑！子敬，有什么 妙计可以告知天下人这荆州还在我孙权手里否？”鲁肃听 罢，微微一笑，只吐出四个大字：“天气预报。”,Dear张sir0,Gender.MALE,0,0,
黑的好,小丑ku了,Gender.UNKNOWN,0,0,
神马意思,莫忘丶那星辰,Gender.UNKNOWN,0,0,
不懂,sky沉劫,Gender.UNKNOWN,0,0,
查水表的！！,安布队长,Gender.UNKNOWN,0,0,
小学时上课我埋头在下面玩一个刚摘的葫芦。 玩的正起劲儿呢，老师说：“某某，你给我站起来， 说说刚才我讲的是什么？” 结果我不知道哪根筋抽了，直接把葫芦举起来，口 儿对着老师说：“我叫你名字一声，你敢答应么？” 后来是家长来学校把我领走的……,Dear张sir0,Gender.MALE,0,0,
我叫你一声Sb你敢答应吗,紫炎无痕,Gender.UNKNOWN,0,0,
2B青年欢乐多,_后悔的一生,Gender.UNKNOWN,0,0,
就这个，姐笑抽了～～～,矢泽之爱,Gender.UNKNOWN,0,0,
...,空陨悠,Gender.UNKNOWN,0,0,
某高校录取学生试题：“请描述女孩到女人的变化过程。”一考生用了三个字搞定，并顺利得到保研资格：人、个、八。——批语：太绝了！！！,Dear张sir0,Gender.MALE,0,0,
眯眼撇头斜视，我懂了，够绝……！,BISHI_,Gender.UNKNOWN,0,0,
够色吧！,处男谁来泡,Gender.UNKNOWN,0,0,
片字你看怎么样,处男谁来泡,Gender.UNKNOWN,0,0,
不懂什么意思,dy7632172,Gender.UNKNOWN,0,0,
挺好笑,winona000,Gender.MALE,0,0,
我一直在感慨现在的小孩子早熟，一旁的爷爷禁不住生气地说道：早熟什么，抗日时期七八岁的小孩就能为国站岗放哨，现在的小孩只会提前享乐，何谈早熟？,heart870,Gender.MALE,0,0,河北
性早熟,紫炎无痕,Gender.UNKNOWN,0,0,
我一直在感慨现在的小孩子早熟，一旁的爷爷禁不住生气地说道：早熟什么，抗日时期七八岁的小孩就能为国站岗放哨，现在的小孩只会提前享乐，何谈早熟？,heart870,Gender.MALE,0,0,河北
我一直在感慨现在的小孩子早熟，一旁的爷爷禁不住生气地说道：早熟什么，抗日时期七八岁的小孩就能为国站岗放哨，现在的小孩只会提前享乐，何谈早熟？,heart870,Gender.MALE,0,0,河北
我一直在感慨现在的小孩子早熟，一旁的爷爷禁不住生气地说道：早熟什么，抗日时期七八岁的小孩就能为国站岗放哨，现在的小孩只会提前享乐，何谈早熟？,heart870,Gender.MALE,0,0,河北
我一直在感慨现在的小孩子早熟，一旁的爷爷禁不住生气地说道：早熟什么，抗日时期七八岁的小孩就能为国站岗放哨，现在的小孩只会提前享乐，何谈早熟？,heart870,Gender.MALE,0,0,河北
我一直在感慨现在的小孩子早熟，一旁的爷爷禁不住生气地说道：早熟什么，抗日时期七八岁的小孩就能为国站岗放哨，现在的小孩只会提前享乐，何谈早熟？,heart870,Gender.MALE,0,0,河北
复读机……………,黑色曼陀罗183,Gender.UNKNOWN,0,0,
我一直在感慨现在的小孩子早熟，一旁的爷爷禁不住生气地说道：早熟什么，抗日时期七八岁的小孩就能为国站岗放哨，现在的小孩只会提前享乐，何谈早熟？,heart870,Gender.MALE,0,0,河北
用发这么多次吗,mod_cof,Gender.UNKNOWN,0,0,
一个人吃肯德基，边上另一桌做了四个女的。 一直讲一些老掉牙的恐怖灵异故事，却怕得要死。 到最后我实在烦了，淡定的吃完擦嘴，对着座位边上的空气说：“奶奶，吃完了么？吃完我们就回去了。” 然后一只手假装挽着一个人，在四人恐慌的眼神中走了出去……,0219小清新,Gender.FEMALE,0,0,
(#汗!),,Gender.UNKNOWN,0,0,
然后对着另一桌那四个女的旁边说：“爷爷，别看人家小姑娘了，咱回家吧。”,tntabl1986,Gender.UNKNOWN,0,0,
升级版应该是“真的挽到了一只手！,bdgao5443,Gender.UNKNOWN,0,0,
"好吧,你成功的吓倒了那几个小妞了",点一笔水墨丹青,Gender.UNKNOWN,0,0,
.一天去网吧包夜，大概12点多学校领 导来查夜不归宿的。网吧的人全部往外跑，结果全部被领导逮了。只有一个哥们躲过去了。。。我会告诉你这货在校领 导进网吧的时候，默默的去墙角拿了把扫把在那扫地吗？,小申lula,Gender.FEMALE,0,0,江苏
果断的鼓掌.什么叫做急中生智?学学吧!,点一笔水墨丹青,Gender.UNKNOWN,0,0,
这样是表示可以优雅的留下混经验了麽？,逍遥乐观,Gender.MALE,0,0,
一男子去诊所开了三个剂量的伟哥，医生问他为什么开这么多，男子得意的告诉医生，今晚有三个美女来找他，他要让她们书生不得，求死不能。医生羡慕不已，并嘱咐他一定要在美女来之前服用，效果更好。第二天，男子又来到诊所，原因是肩关节脱臼，医生不解，问昨晚有这么激烈么？男子道：哪里，她们昨晚都没有来…,Dear张sir0,Gender.MALE,0,0,
你要不要每一个都这么犀利。。,我一直爱你yue,Gender.UNKNOWN,0,0,
哈哈哈哈哈,5hanleng,Gender.UNKNOWN,0,0,
没懂,摇篮舒舒,Gender.UNKNOWN,0,0,
回复 摇篮舒舒 :摞管摞到脱臼,Dragon神哥,Gender.UNKNOWN,0,0,
邪恶唐僧。一日，唐僧对孙悟空说：悟空，变成安全，套吧，为师今日要亲自收拾这小妖精。又一日，唐僧：悟空，变成伟哥吧，为师今日要叫这小妖精求饶。再一日，唐僧：今天好无聊啊，悟空，变成小妖精吧…,Dear张sir0,Gender.MALE,0,0,
原创？不错不错，就是这种类型的笑话才有点笑点,xuwenhaodj,Gender.UNKNOWN,0,0,
后来有一日，唐僧：悟空，变成我吧。。。又一日，唐僧：悟空，别变了,月翼猎,Gender.UNKNOWN,0,0,
又一日，唐僧说：悟空把妖精变成我，把我变成妖精吧，我累了，该我享受了,cx202,Gender.UNKNOWN,0,0,
楼上，嘿嘿,昊谂曏,Gender.UNKNOWN,0,0,
小花放学回家说，老师今天教他们，一天就是一日，一日就是一天。不料花婶听后，异常气愤，带着小花来到学校，指着小花的语文老师破口大骂：你一天一日也就算了，你还一日就是一天，叫我闺女怎么受得了！！,Dear张sir0,Gender.MALE,0,0,
@一天一日 @一日一天,点一笔水墨丹青,Gender.UNKNOWN,0,0,
男子去票昌，与小姐谈价，技女说：有缘山里来相会，200块钱不算贵。男：万水千山总是情，50块钱行不行。技：春风不渡玉门关，最少也要130。男怒，道：天涯何处无芳草，七十块钱搞不搞？女见男子发火，默不做声。男子见状，于是回缓局面：人间自由真情在，今天就带90块。技女听了，愤愤道：我拿青春赌明天，少于100算强间…,Dear张sir0,Gender.MALE,0,0,
看过@辛婧柔,点一笔水墨丹青,Gender.UNKNOWN,0,0,
女人都希望他们的男人像金刚，因为，只有金刚会站在世界最高的大楼上，为它心爱的女人——打…飞机……,Dear张sir0,Gender.MALE,0,0,
也不尽然吧,昊谂曏,Gender.UNKNOWN,0,0,
西安邮电大学有一座雕塑，一个女学生左手抱着书本，右手托着个地球仪，寓意是知识改变世界。但在雕像的征名活动中，得分最多的是：读书顶个球用…,Dear张sir0,Gender.MALE,0,0,
围观顺便-出售花生，瓜子，咸瓜子，淡瓜子，沙发、板凳、小马扎、雪碧、可乐、叉烧包、营养快线红、烧鸡翅盖浇饭、牛奶果粒橙、馒头、花卷、牛肉干、望远镜、小喇叭、小手拍、口哨、雨衣、小红旗、砖头、瓦块、米粉、米线、馄饨、水饺、臭豆腐、旺仔牛奶、可口可乐、康师傅矿泉水、爽歪歪、乳娃娃、娃哈哈、方便面、德芙、奥利奥、虾条、薯片、干脆面、话梅、情人梅、海苔、金枪鱼罐头、麦片粥、苹果、榴莲、橘子、香蕉、杏仁、露露、花生、核桃、葡萄、提子、面筋、羊肉串、煎饼、蛋挞、口香糖、怪味豆、曲奇饼干、果冻、蛋糕、妙脆、酸辣粉、葵花籽、大红枣、西酸奶、炸鸡腿、薯条、冰激凌、咖啡、橙汁、奶酪、三明治、巨无霸汉堡、果脯、香蕉、干无花果、西瓜、菠萝、冰棍、雪糕、蚂蚁上树、四个圈、烤地瓜、山楂片、板栗、樱桃、蜂蜜、沙琪玛、荷包蛋、芝士、柠檬奶油、草莓、火龙果、爆米花、搅糖稀、棉花糖、果丹皮、泡泡糖等,津津乐道bug,Gender.FEMALE,0,0,浙江
强,____夜_很静,Gender.UNKNOWN,0,0,
木有葡萄么,盛汉集团,Gender.UNKNOWN,0,0,
回复 盛汉集团 :第73个是葡萄，应该是~_~,神降临天,Gender.UNKNOWN,0,0,
回复 神降临天 :我靠，害我数了半天。,绿学科,Gender.UNKNOWN,0,0,
一般我们在某些地方说脏话的时候，系统都会自动帮我们屏蔽成可爱的“*”号。我很好奇美国国旗上面到底写的是什么~~~~~~,Dear张sir0,Gender.MALE,0,0,
不是一，就是二,昊谂曏,Gender.UNKNOWN,0,0,
王道,处男谁来泡,Gender.UNKNOWN,0,0,
"咦,讨厌拉!不过我喜欢哈哈!太搞笑了!",点一笔水墨丹青,Gender.UNKNOWN,0,0,
我班有个特羞涩的男生，该男生有个青梅竹马的女友在家里。　　一天一起吃饭，一堆女生逗他说：　　“要是你女朋友结婚了，新郎不是你怎么办？”　　那男生特淡定，头也不抬地说：　　“只要孩子他爹是我就够了！”,Dear张sir0,Gender.MALE,0,0,
特羞涩。。,摇篮舒舒,Gender.UNKNOWN,0,0,
这也叫羞涩???????????,黑色曼陀罗183,Gender.UNKNOWN,0,0,
"我喜欢这种男人,我喜欢啊,为什么我没有这样一个男朋友啊?!",点一笔水墨丹青,Gender.UNKNOWN,0,0,
"我是妹纸!我是妹纸!!是的,妹纸!!!是女的!!!!货真价实,如假包换的高中萌妹纸!!!!!你严重伤害了我幼小的心灵555555555555555~",点一笔水墨丹青,Gender.UNKNOWN,0,0,
哥们买了一颗2块钱的戒指，跑到西湖边，选了一个人最多的地方表演高富帅。他左手着钻戒，右手打电话假装歇斯底里地喊：真的不和我结婚吗！真的不愿意和我在一起吗！那分手吧！永远永远都不要在一起了！然后做了一个极度潇洒的动作——把手机扔进了湖里。,摩蝎天昊,Gender.UNKNOWN,0,0,
收起戒指 深藏功与名,嫒HのS,Gender.UNKNOWN,0,0,
扔错了傻比哈哈,点一笔水墨丹青,Gender.UNKNOWN,0,0,
继续继续,赖斯很想西卡丶,Gender.MALE,0,0,广东
孟婆煮孟婆汤：汤煮好了，我尝尝。。（咕咚咕咚）汤煮好了，我尝尝。。（咕咚咕咚）汤煮好了，我尝尝。。＝v＝,爵小妍,Gender.FEMALE,0,0,
这个嘛，还算有点儿意思。,冲浪口,Gender.UNKNOWN,0,0,
忘了自己做什么的了吧？,最拽的孤独,Gender.UNKNOWN,0,0,
喝没了再煮一锅？,黑白阁子像,Gender.UNKNOWN,0,0,
小二，有什么上好的酒菜全部给大爷上来，否 则，看我不取你狗命！”然后？然后小二就被杀了，因为 他就上了一盘上好的韭菜....,小受Love攻,Gender.FEMALE,0,0,
笑倒了,林断,Gender.UNKNOWN,0,0,
噗话说这个名字我喜欢@小受love攻,点一笔水墨丹青,Gender.UNKNOWN,0,0,
把胸罩脱了。」「干嘛啦人家喜欢！嘻嘻！」 「我叫你脱了。」「就不脱呢你来抓我呀嘤嘤 嘤！」「再说一次，脱了。」「你今天怎么了？不觉得 人家这样...「MLGB的离婚！！！！！！！！」 「脱啦 脱啦，别生气嘛老婆！」,小受Love攻,Gender.FEMALE,0,0,
哈哈,昊谂曏,Gender.UNKNOWN,0,0,
回复 下小雨叻 :那个是必须的好嘛,小受Love攻,Gender.FEMALE,0,0,
回复 昊谂曏 :,小受Love攻,Gender.FEMALE,0,0,
节嘈掉一地,最拽的孤独,Gender.UNKNOWN,0,0,
有一天包大人在走斑马线，他不见了，他出现了，他不见了，他出现了，他不见了，他出现了，他不见了，他出现了……,听笨鲸鱼唱歌,Gender.FEMALE,0,0,
笑了。。,小受Love攻,Gender.FEMALE,0,0,
笑晕了,,Gender.UNKNOWN,0,0,
搞笑…,BISHI_,Gender.UNKNOWN,0,0,
神马意思？,tsmz19981027,Gender.UNKNOWN,0,0,
有一天包大人在走斑马线，他不见了，他出现了，他不见了，他出现了，他不见了，他出现了，他不见了，他出现了……,听笨鲸鱼唱歌,Gender.FEMALE,0,0,
厉害,八门破天晓,Gender.UNKNOWN,0,0,
◆◆◆九旬老太为何裸死街头？ 数千头母牛为何半夜惨叫？ 小卖部安全套为何婪招黑手？ 女生宿舍内裤为何频频失窃？连环强奸 母猪案，究竟何人所为？老尼姑门夜夜 被敲，究竟是人是鬼？数百只小母狗意 外身亡的背后又意味着什么？这一切的 背后，是人心的扭曲还是道德的沦丧？ 是性的爆发还是饥渴的无奈？敬请关注 今晚12点CCTV11年度火炬献_《楼主的 不归之路》让我们随着镜头走近变态狂 的内心世界,q1326862904,Gender.MALE,0,0,广西
不对吧，我看到的图片上写着的是CCAV不是CCTV,我爱思密达0,Gender.MALE,0,0,
曾小贤,我一直爱你yue,Gender.UNKNOWN,0,0,
"这个段子看见一次笑一次,真的好搞笑!",点一笔水墨丹青,Gender.UNKNOWN,0,0,
j,我爱思密达0,Gender.MALE,0,0,
爬到我,学生咋了,Gender.MALE,0,0,
女人看韩剧，每年纸巾都要用不少。其实...男人看日剧，又何尝不是呢？,AV一号男主角,Gender.MALE,0,0,
"小强的妈妈教他撒尿的6步骤：1．解开裤子2．拉下裤子；3．把包皮往后推；4．撒尿；5．把包皮往前推；6．提裤子扣好；一天她走过去厕所，听到小强说1,2,3,4,5,6，她觉得自己教得很不错。第二天她走经过厕所，听到小强很快速地喊道：3－5,3－5,3－5",AV一号男主角,Gender.MALE,0,0,
？？？？,摇篮舒舒,Gender.UNKNOWN,0,0,
不懂,卟懂噯0,Gender.UNKNOWN,0,0,
这位小友，老夫看你骨骼惊奇，乃万年难得一 遇的武学奇才喵！~，将来必成大业。不如这样，你把 鼠标移到我头像上，那里有关注二字，你把它点亮，然 后我们一起拯救世界如何？,三国v4,Gender.MALE,0,0,
卧梅又闻花,uvw996655,Gender.MALE,0,0,
留名,转角一哆嗦,Gender.MALE,0,0,
我只是想混点经验而已，有了,_后悔的一生,Gender.MALE,0,0,
男:我开好了房间，等你！ 女:别开玩笑了。 男:真的，都说你技术好，我想试试真假。 女:再这样我就生气了。 男:真的，我不骗你。 他们都发誓了，说你技术真的很好。 女:别听他们乱说。 男:我平时对你怎么样？你忍心看我一个人难受？ 女:别这样，会让我很为难。 男:你今天如果不来，我就一直在房间等你。 女:。。。 男:555 女:那好吧，你先等我，我在家里，先洗个澡，换身衣服吧。 半个小时后 女:你在哪里开房？ I,wode383847609,Gender.MALE,0,0,
没懂,枫香o0,Gender.UNKNOWN,0,0,
回复 枫香o0 :号被盗或中毒了,wode383847609,Gender.MALE,0,0,
不是一起约着斗地主？？,靠谱小小华,Gender.UNKNOWN,0,0,
新手场,工06杠8,Gender.UNKNOWN,0,0,
有一天，曹操抓住了刘关张3人，曹操对他们说你们随便挑1种水果，3人挑完后，曹操让他们把水果塞自己的菊花里，刘备挑的是一个苹果，没塞进去拖出去斩了，关羽挑的是葡萄，刚塞到一般，一下子激动了一下夹破了，也死了，地府里，刘备问关羽 你明明都进去了，为什么还会这样。 关羽说我看到3弟选的是榴莲。,skyLich__King,Gender.MALE,0,0,
。。,skyLich__King,Gender.MALE,0,0,
@榴莲,点一笔水墨丹青,Gender.UNKNOWN,0,0,
海啸过，村里漂来了一腐烂男尸，唯有下身可辩！一村妇看后，说道：“这不是俺男人，也不是村长，也不是会计。”村姑看了看，说：“这不是俺姐夫，也不是妹夫！” 这时，一寡妇走过来，摸了摸说：“都回去吧，不是咱村的。”,夜孤禅,Gender.MALE,0,0,
寡妇和全村男人。。。。。。。,tanzihaohome,Gender.UNKNOWN,0,0,
全国房价又涨了！假如日后房价真能大跌，工薪阶层都买得起，你会点哪首歌？1.张震岳：《放屁》2.梁咏琪：《未来的未来》3.林俊杰：《一千年以后》4.周华健：《别傻了》5.周杰伦：《黑色幽默》6.韩红：《美丽的神话》7.张学友：《我等到花儿也谢了》8.李正：《猪都笑了》。,夕阳依旧zzf,Gender.MALE,0,0,
第一眼就看到后面…,Tanatose_,Gender.UNKNOWN,0,0,
148,尒苛霍离香,Gender.UNKNOWN,0,0,
1 4 8,点一笔水墨丹青,Gender.UNKNOWN,0,0,
看一篇新闻报道：经过多年研究科学家发现企鹅也有同性恋，更有虐待小孩的倾向。 下面一回复亮了：我就知道腾讯不是什么好东西……,夕阳依旧zzf,Gender.MALE,0,0,
顶！！,5hanleng,Gender.UNKNOWN,0,0,
@腾讯,点一笔水墨丹青,Gender.UNKNOWN,0,0,
+1,其实我不傻吧,Gender.UNKNOWN,0,0,
【新浪微博新增单条微博阅读数量统计功能→ →】5分钟内，有2.5万嫖客涌入丽春院，其中17个嫖客竖起了拇指，41个人评头论足，37个嫖客向他的朋友介绍了你,夕阳依旧zzf,Gender.MALE,0,0,
【民生新闻】老大爷溺水，三壮汉袖手旁观； 【时政新闻】某官员温泉泡汤，三保镖旁边陪同； 【娱乐新闻】德云社于谦忙里偷闲，摆大牌随行侍候； 【社会新闻】某地黑社会猖獗，当街洗澡有碍风化； 【国际新闻】朝鲜金正日复活，温泉泡澡身体无恙。,夕阳依旧zzf,Gender.MALE,0,0,
玛呀,水晶瓶里有白酒,Gender.UNKNOWN,0,0,
不是拍戏吗？,Riya荧惑,Gender.UNKNOWN,0,0,
苍井空在新浪贴出手书的”春天“二字，然后问网友看到后想到什么，结果众网友神回复：三人日二人、大二日大一、一夫日二人、二人日一天！,夕阳依旧zzf,Gender.MALE,0,0,
苍老师果然可以启迪思维啊！！！,609798776,Gender.UNKNOWN,0,0,
大清早的赶着去上班，于是兜里拽着两个水煮鸡蛋挤公交了，好不容易挤进去了，兜里的鸡蛋吧唧一声掉了，我承认此时车上的人都在憋着，过来一会儿一个稚嫩小手放在我的裤裆处，说：叔叔叔叔，你的小蛋*蛋掉了……此时周围的人爆笑了。,情缘故里海,Gender.MALE,0,0,广西
男：我吵不过你！你上面一张嘴，下面一张嘴！　　女：我也吵不过你！你上面一张嘴，下面一个麦克风还带俩低音炮！,情缘故里海,Gender.MALE,0,0,广西
噗。。。,学着冷淡,Gender.UNKNOWN,0,0,
"我是一个极其讨厌AV和反感看AV的人，黄色产物，如同洪水猛兽，毒害着年轻一代，这是多么不堪的现状而至于那些什么苍井空,川滨奈美,堤莎也加,町田梨乃,二阶堂仁美,饭岛爱,饭田夏帆,饭冢友子,芳本叶月,冈崎结由,冈田丽奈,高木萌美,高田礼子,高原流美,宫本真美,宫岛司,古都光,光月夜也,河村亚季子,河井梨绪,黑崎扇菜,红月流奈,华歌恋,吉川萌,及川奈央,吉川真奈美,吉崎纱南,吉野莎莉,今井明日香,今木翔子,金泽蓝子,进藤玲菜,井上可奈,久保美希,酒井未希,臼井利奈,菊池丽香,菊池英里,菊池智子,橘真央,具志坚阳子,可爱亚织沙,葵小夏,蓝山南,兰望美,里见奈奈子,里美奈奈子,里美由梨香,立花丽华,立木爱,凉白舞,铃川玲理,铃江纹奈,铃木麻奈美,芦屋瞳,麻川美绪,麻生叶子,美里霞,美崎凉香,美雪沙织,美月莲,明日香,木谷麻耶,奈奈见沙织,内藤花苗,内田理沙,鲇川亚美,片濑亚纪,平山朝香,前原优树,前原佑子,浅见伽椰,浅井理,青木琳,青木玲,青野诗织,青羽未来,青沼知朝,秋本玲子,秋菜里子,秋元优奈,如月可怜,若林树里,若月树里,森下理音,纱月结花,杉浦清香,杉山亚来,山下由美子,杉原凉子,上原留华,神城千佳,神崎麻衣,神崎麻子,矢吹丽,手束桃,树本凉子,水城凛,水野朋美,水野茜,水越丽子,四季彩香寺田弥生,松浦梦,松浦唯,松田千夏,松下爱来,松下可怜,松元静香,速水真保,藤彩香,藤代流花,藤崎秋,藤森智子,天衣美津,田村麻衣,望月瞳,舞岛美织,午后野弥生,西泽友里,夏美舞,相川未希,相户爱,相田由美,小仓杏,小川流果,筱宫知世,小栗杏菜,小森美王,小室优奈,小野由佳,筱原凉,小泽菜穗,小泽玛丽亚,筱冢真树子,星爱丽斯,星崎瞳,星野绫香,星野洋子,星野真弥,徐若樱,雪乃小春,岩下美季,遥优衣,野宫美忧,野原奈津美,叶月千穗,伊东美华,一色丽矢,一色鲇美,一条沙希,乙伊沙也加,樱井沙也加,由树莉莉,有川真生,有吉奈生子,有森玲香,雨宫优衣,原千寻,原史奈,原田春奈,远野麻耶,月野静玖,早纪麻未,早乙女舞,泽舞音,长濑爱,长月亚美,真木亚里沙,真山润,中川珠代,中村理央,中根由真,中山美玖,中原绫,仲井美帆,竹田树理,佐伯美奈,佐佐木,幸田梨纱,北原爱子,成膳任,戴文青木,德永千奈美,笛木优子,福原爱,高见美香,高树玛丽亚,宫崎葵,观月雏乃,海江田纯子,后藤理莎,后藤香南子,矶山沙耶香,矶山沙也加,吉冈美穗,吉泽瞳,加纳则子,加藤小雪,菅谷梨沙子,结城翼,井上和香,井上熏,酒井瑛里,久纱野水萌,铃木爱理,玲木美生,泷泽乃南,美依旗由美,木下亚由美,前田知惠,前原爱,浅田真央,清水佐纪,入江纱绫,三尺真奈美,三宅尚子,森下千里,上原绫,石村舞波,矢田亚希子,市川由衣,市井纱耶香,嗣永桃子,松岛菜菜子,松居彩,松元莉绪,樋口真未,细川直美,夏烧雅,相乐纪子,小川熏,小林惠美,小野奈美,小泽真珠,星野亚希,须藤茉麻,亚纪奈,岩田小百合,伊藤步,优香,友崎玲,中泽裕子,佐藤麻纱,安藤沙耶,奥山唯子,白崎令于,柏木奈纯,板谷佑,滨田翔子,朝雾唯,川崎爱,大和抚子,大西由梨香,岛田百合花,二宫优,绀野舞子,岗原厚子,高鸠阳子,古河由摩,谷田未央,河合绫纯美,和久井辛,和希沙,黑田美礼,横仓里奈,后藤亚维梨,户田惠梨香,吉濑美智子,加藤麻依,江纱绫,井上诗织,井上优香,井真理绘,堀井美月,莲沼民子,柳明日,落合玲奈,牧濑奈美,木下亚由,奈良沙绪理,浅丘南,秋本那夜,秋山玲子,秋庭比吕子,三尺真奈,三井保奈美,森下真理,山吹美花,山口纱弥加,杉里香,神代弓子,树梨沙,水谷利加,松鸠永里奈,松山麻美,松屿初音,塔山直美,藤香南子,天使美树,天野理惠,田崎由希,桐岛淳子,尾崎美果,西野美绪,相泽优香,小林里实,小早川洋子,叶山小姬,樱树露衣,樱田佳子,永井绘理香,远藤真纪,早川美波,早川桃香,折原琴,中鸠广香,中泽夏木,竹野内丰,佐藤江梨花,爱内萌,爱田露美,爱田毛毛,安倍夏实,安原真美,奥山香,八木泽,白川美奈美,白鸟智惠子,白亚朱里,北山静香,北原步,北原真裕,仓本安奈,仓田杏里,朝比奈真理,朝仓加穗里,朝仓玛丽亚,持田茜,冲田由加里,川奈由依,大友梨奈,岛田香奈,堤沙也加,渡边香,风间舞,风见京子,福山洋子,冈本夏生,高仓梨奈,高野瞳,宫本瞳,宫本阳子,宫地奈,宫间沙布子,工藤瞳,宫下杏菜,河田纯子,和希结衣,横山千枝,华美月,姬野莉梦,吉田友里,吉野碧,菅野美寿纪,江口美贵,结衣美沙,金城美丽,井上彩菜,井上雅,鸠村熏,酒井美幸,菊池则江,君岛美香,可爱亚芝莎,来栖敦子,蓝原夕妃,蛯原舞,立花优,立原贵美,恋野恋,铃木由美,麻生岬,麻生真美子,麻田子,茂森亚弓,美波志保,木内亚吉拉,内田京香,品田由依,平山绫,前岛美步,前田亚纪,浅见怜,浅野子,青木美里,清木裕子,青山遥,青山叶子,三濑真美子,三崎真绪,三上夕希,三尾安齐,森宏子,森山子,森野雫,山口理惠,山口美纪,山口萌,杉山圭,杉田惠美,山田誉子,杉原爱砂,上原亚也加,神崎美树,神田美沙纪,圣瑛麻,石川恩惠,石川瞳,石川优季奈,矢吹凉子,矢吹麻理奈,矢择优子,水城梓,水希遥,松岛奈奈子,松纱良,速水怜,藤井彩,藤崎弭代,田山真美子,田中梨子,田中美久,瞳理欧,望月七,望月沙香,望月英子,武田真治,夏结玲,相纪美,相乐晴子,相仁泽美,相原里奈,翔巴辉,小池亚弭,小峰由衣,筱宫庆子,小田凉子,小向杏奈,小野濑,幸田李梨,岩崎千鹤,野宫凛子,野野由利加,叶山路易,一宫理绘,伊藤美沙纪,一条小百合,樱庭凉子,永井流奈,优木里绪奈,优木美纱,羽田夕夏,原惠美子,远山雪乃,远藤梨奈,早濑理沙,早乙女香织,长谷川,真纯麻子,织原奈美,柊丽子,中条佳奈子,中野美奈,仲村桃,足立美。。。。等等像以上这些女AV明星，我更是一个都不认识，听都没听说过。我也很反感",专业的备胎,Gender.MALE,0,0,
这不我对象么？你怎么会有她照片的。,枫靛紫,Gender.UNKNOWN,0,0,
其实她是我……算了还是不伤你了回复 枫靛紫 :,专业的备胎,Gender.MALE,0,0,
强,____夜_很静,Gender.UNKNOWN,0,0,
你确定这些都是av女优？？？,q619421480,Gender.UNKNOWN,0,0,
"飞机坠毁,一美国人,一法国人,一日本人幸存。却被食人族抓住。三人求饶,酋长说,你们只要有一个人jj不超过10cm,就把你们全吃了。美国人哈哈大笑,你们看吧,一量23cm。法国人羞涩的脱了裤子,一量18cm。日本人死活不脱裤子,被人强行扒了,一量10.1cm!酋长没办法把他们放了。
走在路上,美国人法国人抱怨日本人:""都是你,那么短,害我们差点就没命了!""日本人说:""我要是不勃起,你们都得玩儿完!""",shyilpopo,Gender.FEMALE,0,0,
唔啦啦啦啦啦啦啦啦啦啦啦啦啦啦啦啦啦。,在走动中哭泣,Gender.FEMALE,0,0,
是不是必须要十五个字才会有经验呢,寂寞x沙x洲冷,Gender.MALE,0,0,广东
留名,七天把你忘记,Gender.MALE,0,0,
.鱼香肉丝里面是没有鱼的！老婆饼是不送老婆的！ 冰糖葫芦里也没有冰糖和葫芦！为什么我喝雪碧没有水从我背后淋下来啊！为什么我喝伊利奶没有变帅阿，坑爹呢？为什么我吃德芙没有黑丝飘来飘去阿。为什么我吃泡泡糖从来没有召唤出超人呢。为什么我喝王老吉的时候人都没有涌来广场啊，骗子啊。为什么我七喜掉了也没有妹纸和我邂逅啊。,100氵纯牛奶,Gender.FEMALE,0,0,广东
没葫芦..,杀戮⑤是罪,Gender.UNKNOWN,0,0,
.鱼香肉丝里面是没有鱼的！老婆饼是不送老婆的！ 冰糖葫芦里也没有冰糖和葫芦！为什么我喝雪碧没有水从我背后淋下来啊！为什么我喝伊利奶没有变帅阿，坑爹呢？为什么我吃德芙没有黑丝飘来飘去阿。为什么我吃泡泡糖从来没有召唤出超人呢。为什么我喝王老吉的时候人都没有涌来广场啊，骗子啊。为什么我七喜掉了也没有妹纸和我邂逅啊。,100氵纯牛奶,Gender.FEMALE,0,0,广东
这就是一个笑话。。。。很久很久以前，有个人，他死了,100氵纯牛奶,Gender.FEMALE,0,0,广东
"人,会谈恋爱,不特殊;牛,会吃青草,不特殊;猪,会按电话,才特殊;还按!真是神猪! 哇...还会笑!真是酷呆了的猪飞机上，乌鸦对乘务员说：给爷来杯水！狗听后也学道：给爷也来杯水！乘务员把狗和乌鸦扔出机舱，乌鸦笑着对猪说：傻了吧？爷会飞！/偷笑",陌篠籞,Gender.FEMALE,0,0,
"你用五笔吧,要不是那你就是老外,为什么呢.........尼玛啊连猪和狗你都分不清",恶人谷飞刀,Gender.UNKNOWN,0,0,
还有么？各位大神，求一笑！,鸡哥不知道,Gender.UNKNOWN,0,0,
留名,不吃西红柿sky,Gender.MALE,0,0,安徽
好冷的坑爹笑话,唯爱真相,Gender.MALE,0,0,广东
期末考试都这么多年了，你就不能搞个周年庆神马的么？考四十送二十。过两科送一科。任选两科免考优惠活动。,982419985a,Gender.MALE,0,0,广东
好哇。米糖对你感激不尽。。。。。。。,嗄吷尛怡雪,Gender.UNKNOWN,0,0,
回复 嗄吷尛怡雪 :。。。。。。　　　--来自助手版贴吧客户端,982419985a,Gender.MALE,0,0,广东
那啥，一人买回一个测谎机器人，谁说谎就给他一犀利的耳光，那人正想试试这机器人是否管用，正巧他读小学晚归回家了，于是他问到：去哪了？他儿子低着头：在同学家做作业。“啪”机器人一巴掌扇了过来。那人气极：到底去哪啦？儿子：在同学家看片。那人：哼，不成器，老子象你这么大时从不干这勾当。这时只听“啪”一声，机器人一巴掌打在那人脸上。那人的妻子在厨房工干，听到声响，跑了出来，说到：你怎么又打孩子，他毕竟是你的亲生儿子。诶～她话刚完就悲剧了，机器人一巴掌打在她脸上了……（一个测谎机器人毁了一个家庭，犀利不？）,镇狱眼,Gender.MALE,0,0,
真给力,9621xiao,Gender.MALE,0,0,
和同事等公交，旁边站一喝豆浆漂亮MM。同事开玩笑说：哥，你的车呢？我说：送去修了；MM往我身边靠了点，同事顺势继续说：咋回事？我接着编：和个大奔追尾了。同事继续装：哎呀，那得多少钱！要不我给你去找找朋友；我说：不用，一个脚蹬子能值几个钱！然后MM的豆浆喷了一地.,982419985a,Gender.MALE,0,0,广东
非诚勿扰》现场，一男嘉宾说：“大家好，今天我想找一个能和我牵手一生的人。我整天和土地打交道（灯灭一半），没有高工资（灯再灭了一半），我不买房（全灭）。”孟非说：“很多人看不起农民，嫌他们收入低、买不起房，这是不理性！”男嘉宾打断说：“我不是农民，我是房地产开发商。,982419985a,Gender.MALE,0,0,广东
这个我看过,J依然饭特稠,Gender.UNKNOWN,0,0,
回复 J依然饭特稠 :不知道是不是真的。,982419985a,Gender.MALE,0,0,广东
这集我知道，后来那些女的再没有和别的男人牵手,烈焰里的灰烬,Gender.UNKNOWN,0,0,
回复 ysgm1 :额。。。。　　　--来自助手版贴吧客户端,982419985a,Gender.MALE,0,0,广东
断剑重铸之日，即是归来之时。,北方柳南方桥丶,Gender.MALE,0,0,重庆
瑞雯,地上一只鹅丶,Gender.UNKNOWN,0,0,
回复@地上一只鹅丶 :呵呵。,北方柳南方桥丶,Gender.MALE,0,0,重庆
雯雯,QQ783866875,Gender.UNKNOWN,0,0,
一论新月正在冉冉升起！,,Gender.UNKNOWN,0,0,
和同桌在校园路上遇到英语老师，老师就用英语和我们问好：hello! 同桌回了句：酷狗！,天雨79世,Gender.MALE,0,0,
"你的菊花 柔弱中带伤
惨淡的烟疤烫 勾起过往
那夜太漫长 攻受被混淆
是谁在滞留到温度变冰凉..
泪清清扬 朱红色一方
节奏慢慢的变强 嘶泣激昂
声传边疆 化成一缕嚎
随风飘洒 你的凄凉
菊花残 满腚伤
你的菊花已外翻
肛缩人断肠，你心事记心上
人已睡 液未干
你的J液射不完
徒留我孤单在这洗床单
菊 已撕裂 你竟剩气喘
冰冷的手镣铐 命运不堪
斑驳的床单 见证杯具惨
最终只能 一辈子吃牢饭
谁的劳改 马达声狂乱
你一身的囚装 呼啸沧桑
天微微亮你轻声地叹
一夜惆怅回忆垂泪
菊花残满腚伤
你的菊花已外翻
肛缩人断肠，你心事记心上
人已睡 液未干
你的J液射不完
徒留我孤单在这洗床单",我滴个肾呀,Gender.MALE,0,0,河南
我居然唱了一遍！！！！,次奥_贝萨流士,Gender.UNKNOWN,0,0,
我居然看完了,Tanatose_,Gender.UNKNOWN,0,0,
回复 次奥_贝萨流士 :唱完了…,无奈永远无奈,Gender.UNKNOWN,0,0,
"“你总是肾太虚肾太虚，独自一个人阳萎到天亮，你无怨无悔的嘿咻着那个人，我知道你根本没有那么坚挺，你总是肾太虚肾太虚，把所有的问题都自己扛，嘿咻总是简单持久太难，实在不行就别再勉强，夜深的你还不想睡，你还在想着她吗?你这样坚持倒底累不累，明知不能给她足够安慰，只不过想好好爱一个人，可惜她只能给你零分，多余的伟哥她不懂心疼，你应该不会只想做个好人，喔,算了吧，就这样泄了吧，该萎就萎，再干也没有用，傻傻呆，她也不会再来，你总该为弟弟想想未来……”",我滴个肾呀,Gender.MALE,0,0,河南
好搞笑的歌,卟懂噯0,Gender.UNKNOWN,0,0,
留名,1007273508,Gender.MALE,0,0,四川
精子先生说：“oh…shit!!”,哎已留莲,Gender.MALE,0,0,
内涵。,学着冷淡,Gender.UNKNOWN,0,0,
喜欢你的id,哎已留莲,Gender.MALE,0,0,
ID名,哎已留莲,Gender.MALE,0,0,
这卧槽，碉堡了,戒撸30年,Gender.UNKNOWN,0,0,
"自我介绍
新学期开始，一同学站在讲台上介绍自己，也许是由于紧张，结结巴巴道：“大家…家…好，我..我叫….奥巴马。哦..不..不….不，我姓马，叫马房明。马是奥巴马的马，房是楼房的楼，不不不，是楼房的房，明是前途一片光明的片，全名叫马楼片，不对不对！”接着经典的一幕出现了，同学一拍后脑勺，道：“妈的，我叫什么来着？
如果好笑的话，就回复个呗，",规则是无,Gender.MALE,0,0,
好一个马楼片儿,枫靛紫,Gender.UNKNOWN,0,0,
可乐,暗藏冷锋,Gender.UNKNOWN,0,0,
赞个,_后悔的一生,Gender.UNKNOWN,0,0,
戳中笑点,￡普京,Gender.UNKNOWN,0,0,
"我是一根葱，站在风雨中，谁敢拿我去蘸酱，K他老祖宗。走过南，闯过北，厕所后边喝过水，火车道上轧过腿，还和小猪亲过嘴。看啥看，亲你咋地！
　　2、丘比特传说：一箭穿心代表一见钟情；两箭穿心代表两厢情愿；三箭代表三生有幸。。。我向你万箭齐发。。。。。小样，你就等着变刺猬吧！
　　3、不要跟我狂，我大哥秦始皇，不要跟我装，我后台党中央，不信你不服，拉登是我叔，先轰炸后下毒；你要再不服，户籍**是我姑，把你户口改成猪！",我滴个肾呀,Gender.MALE,0,0,河南
噗。。这。。。你牛逼。。太牛逼。。,嗄吷尛怡雪,Gender.UNKNOWN,0,0,
"4、善良的人就是别人挨饿的时候我不bia ji嘴…
　　5、我的世界开始下雪。天啊！请不要在我旁边梳头发了
　　6、再丑也要谈恋爱，谈到世界充满爱
　　7、你说你会等我回来，你确实等了，还找了一个人一起等
　　8、我和脂肪作斗争，差点没牺牲
　　9、将薪比薪，想一下，算了，不活了..
　　10、当魔鬼在你窗前拍打着玻璃，蛤蟆正钻进你的被窝，毒蛇在你头顶荡漾，蚯蚓在你脚趾穿梭，蜈蚣已爬进你的鼻孔，别怕！我正骑着蜗牛来救你！驾！驾！
　　11、这可能是我最后几天给你发短信了，我在犹豫要不要告诉你，我要去日本了，手续也办好了。我不会忘记你，真的！……我得了禽流感，党派我去传染。。。
　　",我滴个肾呀,Gender.MALE,0,0,河南
"11、这可能是我最后几天给你发短信了，我在犹豫要不要告诉你，我要去日本了，手续也办好了。我不会忘记你，真的！……我得了禽流感，党派我去传染。。。
　　12、神啊！替我祝福吧！祝福那些忘了我，不跟我联系，不给我打电话，不发短信给我，不想念我，不惦记我的人手机都掉进马桶吧！阿门！顺便放水冲一下！
　　13、船撞桥头自然沉
　　14、爱我就大声说出来吧！恨我就一辈子藏在心里吧！
　　15、我在春天种下一堆女朋友，现在秋天到了，啧啧、居然颗粒无收
　　16、你曾经对我说，会永远爱着我，爱情这东西我明白，但永远是什么？
　　17、我虽然相信海誓山盟，但是未必相信你啊
　　18、希望似火，失望如烟，人生就是七处起火，八处冒烟
　　19、孔子不能解决的问题，老子帮你解决",我滴个肾呀,Gender.MALE,0,0,河南
"15、我在春天种下一堆女朋友，现在秋天到了，啧啧、居然颗粒无收
　　16、你曾经对我说，会永远爱着我，爱情这东西我明白，但永远是什么？
　　17、我虽然相信海誓山盟，但是未必相信你啊
　　18、希望似火，失望如烟，人生就是七处起火，八处冒烟
　　19、孔子不能解决的问题，老子帮你解决
　　20、趁着年轻把能干的坏事都干了吧！没几年了…
　　21、人贵在言而有信--------
　　我说不还钱就不还钱！..
　　22、我放不下的必是因为我拥有不了的,
　　22、我放不下的必是因为我拥有不了的…
　　23、解释就是掩饰，掩饰就是讲故事
　　24、一日问你是不是猪，你回答不是，别扁---不诚实！ 翌日问你是不是猪，你回答是，被痛扁---不谦虚！三日问你是不",我滴个肾呀,Gender.MALE,0,0,河南
我在春天种下一堆女朋友，秋天到了，却收获了漫山遍野的绿帽子。,Sonmia丶困兽,Gender.UNKNOWN,0,0,
一对夫妻，生活美满，丈夫得了糖尿病，试问妻子得了什么病？,规则是无,Gender.MALE,0,0,
蛀牙？,会轻功的胖纸丶,Gender.UNKNOWN,0,0,
回复 会轻功的胖纸丶 :聪明，答对了，看来你在这方面的造诣不浅啊。,规则是无,Gender.MALE,0,0,
太邪恶了，太邪恶了，太邪恶了。,baby11355077,Gender.UNKNOWN,0,0,
节操碎了一地，,拽拽DamnDuke,Gender.UNKNOWN,0,0,
"1、小黑上街买菜，碰见他二舅了，张口就喊：“买舅啊，二菜！”街上人差点笑翻，没想到他二舅又来一句：“看你怎么大的话，连个人都不会说！！”
　　2、和同学吵架，急了，于是拍案而起：“你以为我是吃饭长大的啊！？”（那你是吃什么长大的？）
　　3、原来想说：“我是铁打的！”结果说了一句：“我是打铁的！”一想不对，纠正说：“铁是我打的！”
　　4、我妈逛商城，在鞋柜看中一双鞋，脱口就问服务员：“这鞋多少钱一斤？？”",我滴个肾呀,Gender.MALE,0,0,河南
"5、夏天疯玩之后，满头大汗，哥哥买了冰棍给了我一根，我咬了一大口，大叫：“呼呼，烫死我了！”
　　6、一卖冰棍的：“买冰棍喽！热乎的！”
　　7、有一次寝室里同学的老妈打电话来，我习惯说“他不在”。但这次我想说“他已经出去了”。结果说成“他已经...不在了”
　　8、一次领导视察课间操，结束后，本应由体育老师宣布“解散”。但体育老师一紧张，忘词了，憋了半天，大喊：“撤退！”
　　9、我和爸妈一起看电视，我本来想说后天我过生日。结果电视里正好一女对一男说：“我们结婚吧”于是我脱口而出：“妈，我后天结婚！”（那时我上高中）
　　10、小时侯，一朋友找我们玩，说：“咱们玩老鸡捉小鹰吧！”
　　11、某日在米线店吃饭上得很慢很饿。终于按耐不住拍桌咆哮之，本来是想说再不上米线我就把桌子掀了！结果说成:""老板!!!!再不上米线我就把桌子吃了!!!!""全店沉默3秒后爆笑到桌子下面……丢人……",我滴个肾呀,Gender.MALE,0,0,河南
"12、我有次去买羊肉串伸出4个手指对老板说“来3根羊肉串”
　　老板蒙了“几根？”
　　我又伸出3个手指说“4根”……
　　13、我们的总经理姓周，一次他打电话来，我正开车，一紧张张口就说：""周总理……""",我滴个肾呀,Gender.MALE,0,0,河南
"小x去逛鸟市。发现一只鹦鹉标价3元钱。于是他就问卖主：您这只鹦鹉怎么这么便宜呀？
　　卖主：我这只鹦鹉笨！妈的我教了它好长时间了。到现在为止就只会说一句话：谁呀？
　　小x一想反正也便宜，于是就买下来了。
　　晚上到了家，他想我就不信教不会你！于是小x教了它一夜说别的话。
　　可是到了早晨，那只鹦鹉a还是只会说;谁呀？,于是小x一生气，锁上门去上班了。过了一会，来了一个查收煤气费的（简称小z）。
　　小z：咚咚咚……（敲门声）
　　鹦鹉：谁呀？
　　小z：查煤气的。
　　鹦鹉：谁呀？
　　小z：查煤气的。
　　鹦鹉：谁呀？
　　小z：查煤气的
　　……
　　到了晚上，小x回来了。看见家门口有个人躺在地上，口吐白沫。
　　小x：呦~！这是谁呀？
　　就听见屋里说：查煤气的。",我滴个肾呀,Gender.MALE,0,0,河南
鹦鹉总算遇到名师了，能教会它说第二句话了。,tntabl1986,Gender.UNKNOWN,0,0,
"2. 小x特别喜欢鹦鹉。一天他去溜鸟市，发现一只鹦鹉卖3万元。
　　他很好奇，于是就问买主：您的鹦鹉怎么这么贵呀？买主：我这只鹦鹉聪明！什么都会说。
　　小x一听这么聪明就一狠心买下来了。
　　晚上到了家，他特别的高兴。就摆弄这只鹦鹉。
　　小x:我会走
　　鹦鹉：我会走
　　小x：我会跑
　　鹦鹉：我会跑
　　小x：我会飞
　　鹦鹉：你吹牛B呢！",我滴个肾呀,Gender.MALE,0,0,河南
你大爷的！！我打个酱油怎么了我？好心帮你顶一下贴子怎么了我？我骗点经验伪回复我怎么了我？我连主题都没看就给你回复先我容易么我？酱油党的责任我脱得了么我？我膜拜东方不败我喜欢俞承浩同时深爱文章我怎么了我？我酱油帝国千秋万代，一统江湖！！！ LZ走吧。别傻了。帽吧一直就我一个 人，不信我换个ID给你说同样...,那夜你说讨厌,Gender.MALE,0,0,
有一次下了火车，看到前面有个患了小儿麻痹的大哥走起路来很是奇特。这时走来一哥们看到很是好奇就跟在后面学了起来。走了一会儿他嫌人家走得太慢索性超过了他。自故自的走了起来。没过多久几个穿西装戴墨镜的大哥看到（类似黑社会的），走上去就把小儿麻痹的按地狂打，并说草你妈的人家得了小儿麻痹本来很可怜了你奶奶的还学人家。前面那哥们看到迟迟不敢换回正常姿势一路前行不敢回头…（你笑了吗？）,处男谁来泡,Gender.MALE,0,0,
笑了…真心的笑了……,BISHI_,Gender.UNKNOWN,0,0,
哈哈,Tanatose_,Gender.UNKNOWN,0,0,
冤枉呀大人,褚叔,Gender.UNKNOWN,0,0,
有爱，但搞错对像了,褚叔,Gender.UNKNOWN,0,0,
"老员外过大寿,热闹之余就想来点诗词助兴。他对三个女婿说:""今天正好是八月十五,你们就做个四句诗,每句以圆又圆,缺半边,乱糟糟,静悄悄结尾。""大女婿想了想说:""十五的月亮圆又圆,乌云一遮缺半边,星星一闪乱糟糟,太阳出来静悄悄。""二女婿说:""十五的月饼圆又圆,咬了一口缺半边,嚼在嘴里乱糟糟,咽进肚里静悄悄。""三女婿有点傻乎乎的,嘿嘿一笑说:""老丈人老丈母娘站一起圆又圆,死了一个缺半边,全家人哭得乱糟糟,全都死了静悄悄!""",shyilpopo,Gender.FEMALE,0,0,
今天坐公交回家，刚坐下不一会上来一个奶奶领个四五岁的小正太，我就起来让他坐了，他奶奶就说：“快谢谢阿姨。”小正太看了我一眼，说了句“谢谢姐姐”。我只想说，孩子，你很有眼光，以后必成大器！,星期六没有早晨,Gender.MALE,0,0,安徽
…我今天就被叫阿姨，擦，,独爱纯粹小V,Gender.UNKNOWN,0,0,
宿舍的一朋友正在聊QQ，看见他爹上线，他思索半天发了个可爱的表情过去，不到3秒他爹回了2个字，傻B,捡到人生,Gender.MALE,0,0,福建
笑,婚礼与行走,Gender.UNKNOWN,0,0,
发生在我同学身上的真实的故事，初中时候，我同学没等到放学就提前走了，然后被藏在门后面的老师抓住了，老师找了家长谈话，我同学到家心惊胆战的看到父亲，父亲说了一句让他一辈子忘掉不了的话：“废物，逃课还能让老师抓住！”,捡到人生,Gender.MALE,0,0,福建
这几天身体不舒服............哥哥...........“妈，我这几天怎么老胸闷气短的啊？”我妈回答“多半是装的，给两张就好”，于是给了我两百块，让我哪凉快哪呆着去......这......我去......,捡到人生,Gender.MALE,0,0,福建
晚上回家时有对年轻男女在桥边扯扯攘攘的，走近了才知道是那女的要投河，看了看旁边除我之外没有第四个人了，那男的又拉的那么情真意切，哥哥默默地拉上衣服上的帽子盖好，走到河边撒了泡尿，然后，那女的就没要跳了，甩了那男的一耳光，跑了…,捡到人生,Gender.MALE,0,0,福建
牛逼,凛冽石头,Gender.UNKNOWN,0,0,
你后面该加一句: 深藏功与名,沐燃零雪,Gender.UNKNOWN,0,0,
这样是表示可以优雅的留下混经验了麽？,张111104,Gender.MALE,0,0,
难道我会告诉你这是标准的十五字吗？,春秋庆父,Gender.MALE,0,0,
有多少孩子，因为清明节缅怀死者太过悲伤，内心久久难以平静，以致于现在作业连一笔都没动………,嘴角丿丨带着孤,Gender.MALE,0,0,
这。。伤的是有多深哪？！孩子，姐祝福你,摇篮舒舒,Gender.UNKNOWN,0,0,
"生物课，老师要学生们做实验，将蚯蚓切成两半。
切完之后，大家的蚯蚓都还活着，可是有一个人的切完立马死了。老师过去一看，惊呼道:“谁叫你纵着切的！”",BISHI_,Gender.FEMALE,0,0,
好刀工，敢问阁下练得什么刀法。,tntabl1986,Gender.UNKNOWN,0,0,
可是我刚才想的就是纵切的……,黑白阁子像,Gender.UNKNOWN,0,0,
回复 tntabl1986 :呵呵，俺练得可是传说中，天下一绝的降龙十八刀！,BISHI_,Gender.FEMALE,0,0,
回复 BISHI_ :果然啊，，还是专降地龙的。。,tntabl1986,Gender.UNKNOWN,0,0,
孩子：“爸爸，小华的爸爸游泳游的可好了，你怎么不会呢？”爸爸：“小华的爸爸总是吃鱼，所以就会游泳，爸爸我不常吃鱼，怎么会游泳呢？”孩子：“可是，爸爸你总是吃鸡，我怎么从来都没看过你下蛋呢,柠檬绿茶103,Gender.FEMALE,0,0,
孩子：“爸爸，小华的爸爸游泳游的可好了，你怎么不会呢？”爸爸：“小华的爸爸总是吃鱼，所以就会游泳，爸爸我不常吃鱼，怎么会游泳呢？”孩子：“可是，爸爸你总是吃鸡，我怎么从来都没看过你下蛋呢,柠檬绿茶103,Gender.FEMALE,0,0,
留名,浅吟莫相依,Gender.MALE,0,0,
不要乱插啊,___room,Gender.MALE,0,0,
一胖子终于下定决心要减肥，同桌问他咋了。他回答说，早上升国旗的时候，站他旁边一正在打手机的同学对他说，哥们，站旁边去点儿成吗，挡着我手机信号了,怜儿想叮当,Gender.MALE,0,0,江苏
在战场上花木兰照例装死，一不小心睡着了。醒来之后，发现自己躺在军医的帐篷里。军医看她醒了，对她说，你没受啥重伤，就是小jj没了，失血过多昏过去了，我帮你缝了两针，已经没事了,怜儿想叮当,Gender.MALE,0,0,江苏
丈夫知道妻子终于怀孕后，喜出望外，他想把好消息告诉所有人。于是用妻子的手机群发了一条短信----“我怀孕了！”。不一会妻子的妈妈回信“你丈夫不是不孕吗？你和小李又联系上了？”；过了一会儿姐夫回信“你打算怎么处理？”接着老同学回信“咱俩都半年没见了，你可别赖我身上。”同事回信“不是吧，这才两天呐！”领导回信“我给你一万，你休息一段时间吧！”客户回信“行啦，别吓唬我了，你明天再来我家一趟，我跟你签合同！”一陌生人回信“你离婚，咱们就把这孩子要了。”另一个陌生人回信“那天还有赵总呢，你不会说是我的吧？”还有一陌生人回信“别开玩笑啊，我早结扎了！”,萌萌萌萌美丶,Gender.FEMALE,0,0,
目测要当环保影响大使,天雷滚滚2013,Gender.UNKNOWN,0,0,
这个不知道有人发了没。。“老师，为什么两点之间直线最短？”“你扔一块骨头，狗是直接跑去捡还是绕个弯再去捡？”“当然是直接跑去捡啊。”“狗都知道的问题你还问？”……爪机无力。,打靶鬼的伤,Gender.MALE,0,0,广东
其实我只是无业游民，在国内跑来跑去打酱油。朋友问我在哪高就。我淡定地说到：“我在中国移动。。”在。。中国。。移动。。。,打靶鬼的伤,Gender.MALE,0,0,广东
"水了，回错了。我也来个丧失，原创。甲：“上星期骨折去看医生，医生说我缺钙。”乙：“医生说的不对吗？”甲：“我亲身实践了一下，现在骨折没好，屁股也好疼。”
钙，gay。",我不是他o对吧,Gender.MALE,0,0,江苏
不懂耶,,Gender.UNKNOWN,0,0,
哈哈,utyyyreee,Gender.MALE,0,0,浙江
甲说：妈的！这破电脑我真不想要了，丢了又可惜。乙听到了就说，甲你不要就给我吗，丢了多浪费啊！甲很淡定的说：哥们难道你不知道己所不欲勿施于人啊！乙当场晕倒！,美的妖娆1,Gender.FEMALE,0,0,
必须顶！！！！！！！！！！,剑听风雨,Gender.MALE,0,0,
路过,小新去一边罚站,Gender.UNKNOWN,0,0,
老师问：”为什么大部分男的得和女的求婚？因为这是根深蒂固的潜意识吗？”学生道：”是因为女人下跪时，男人下意识就解裤带了。” 老师：”滚出去！”,为兽痴狂,Gender.MALE,0,0,山东
这个我看过,难还借你的孤单,Gender.FEMALE,0,0,
长的帅,sky明天说再见,Gender.MALE,0,0,江苏
谈了个对象，我把所有的群都屏蔽了，以为会和对象忙着聊天，顾不上别的。尼玛，现在才发现，原来是我想多了！,disaster_sad,Gender.MALE,0,0,甘肃
不好笑,沐燃零雪,Gender.UNKNOWN,0,0,
有一对夫妻新婚不久。丈夫被公司派到外国常驻了。一年之后，丈夫休回家。当晚一阵云雨之后，夫妻俩鼾然入睡。半夜突然响起敲门声。丈夫从睡梦中一跃而起，惊呼：“不好！你丈夫回来了！”妻子嘟哝了一声：“不可能，他在外国呢。”,Mr習,Gender.UNKNOWN,0,0,
这个我笑了,,Gender.UNKNOWN,0,0,
丈夫知道妻子终于怀孕后，喜出望外，他想把好消息告诉所有人。于是用妻子的手机群发了一条短信----“我怀孕了！”。不一会妻子的妈妈回信“你丈夫不是不孕吗？你和小李又联系上了？”；过了一会儿姐夫回信“你打算怎么处理？”接着老同学回信“咱俩都半年没见了，你可别赖我身上。”同事回信“不是吧，这才两天呐！”领导回信“我给你一万，你休息一段时间吧！”客户回信“行啦，别吓唬我了，你明天再来我家一趟，我跟你签合同！”一陌生人回信“你离婚，咱们就把这孩子要了。”另一个陌生人回信“那天还有赵总呢，你不会说是我的吧？”还有一陌生人回信“别开玩笑啊，我早结扎了！”,萌萌萌萌美丶,Gender.FEMALE,0,0,
度娘娘歧视警查叔叔~~~嘤嘤嘤嘤~~~,老_______妖,Gender.FEMALE,0,0,
警察,落叶随风Herou,Gender.UNKNOWN,0,0,
"身边有一个大姐做过很好笑的事情。
她有一个手机和一个小灵通，有一天改了个新手机卡，有同事问她新买的号码是多少，她说忘记了，就用换过卡的手机拨自己的小灵通。
拨号的时候继续和同事聊天，小灵通响了之后，她拿起来问：“喂？……喂？……你说话啊，不说话我挂了！”
在场的同事全部石化。
之后她按了挂断，然后说：“神经病，打过来又不说话”。",维尼熊的麦芽糖,Gender.FEMALE,0,0,
石化……,挖丶墙脚,Gender.UNKNOWN,0,0,
笑点太低，还是我来。有一个白天使和黑天使。一天，黑天使在打桌球，老是打歪。黑天使就说：“它妈的又打歪了！”白天使说：“你说脏话，被上帝听见了会惩罚你的。”到了第二三四天黑天使还是这样。第五天，天上发出雷声，上帝来惩罚黑天使了，你猜怎么地，上帝说了我一句，：“它妈的又打歪了，把白天使打死了。”,醉梦9海棠,Gender.UNKNOWN,0,0,
好贴必顶，马克飘过。刘明明明明明明明！！,梦中昨夜扁舟去,Gender.MALE,0,0,
"27的水贴太厉害
我来个，不好笑别怪我
一女人到金店买戒指，一男人尾随进入。
当女人挑中东西准备买单时，那个男的抢过戒指和钱打了一巴掌女人并大骂：“你这个不要脸的女人，家里孩子哭天喊地你不看，就知道拿钱出来花天酒地，把钱还给我，孩子你不要我要。”
说完堂堂正正的走出金店，无一人阻挡……
那女的一脸迷茫，五分钟后，那女人大喊：“抢劫！我不认识他。”",光明美容师,Gender.FEMALE,0,0,
"
大清早，一哥们对我说：“看新闻了吗？出六级试卷那专家被劫匪绑架了，劫匪让拿一千万赎人，要不然就用汽油烧死。现在正募捐着呢，咱也捐点吧。”
我说：“好，大家伙儿一般都捐多少？”
那哥们说：“看情况吧，有捐2升的，也有捐10升的。”",光明美容师,Gender.FEMALE,0,0,
干得好！！,摇篮舒舒,Gender.UNKNOWN,0,0,
"
“医生，我恢复健康有多少把握呀？”卧床不起的病人问道。“百分之百，”内科医生肯定地说，“病例记录表明，你患的这种病十有九亡。你是我治疗的第10个病人，前9人都死了。统计数字是不会出差错的，你一定会恢复健康。”",光明美容师,Gender.FEMALE,0,0,
"
女儿上一年级了，一天妈妈指着作业本上的“木”字问女儿，女儿无奈地摇摇头说不认识。
妈妈指着家里的板凳问女儿：“板凳是什么做的？”
女儿想了想回答说：“板凳是屁股坐的。”",光明美容师,Gender.FEMALE,0,0,
继续啊,鸡哥不知道,Gender.UNKNOWN,0,0,
同桌是个呆逼，有次上着课记笔记，她突然想不起来“耿直”的“耿”怎么写了，就问我，我说“耳火”，她突然气得脸通红，然后低头咬着牙小声儿对我说：“你…你特么才二货呢，你们全家都二货………”,y等你回来c,Gender.FEMALE,0,0,
呵呵,鸡哥不知道,Gender.UNKNOWN,0,0,
皇上曰:小李子，用一个字来形容朕。小李曰:喳。,笑看蛋疼人生,Gender.MALE,0,0,福建
小李子 卒,神奇的维C,Gender.UNKNOWN,0,0,
"“粑粑我是从哪里来的？”
“网上下载的。”
“骗人，我们家去年才有网，那时我都六岁了！”
…一旁的麻麻听不下去了，搭腔道：“傻孩子，是蹭了隔壁王叔叔家的wifi！”",小女子_crystal,Gender.FEMALE,0,0,
CF体验服怎么玩战场模式,一派胡言360,Gender.UNKNOWN,0,0,
围观顺便-出售花生，瓜子，咸瓜子，淡瓜子，沙发、板凳、小马扎、雪碧、可乐、叉烧包、营养快线红、烧鸡翅盖浇饭、牛奶果粒橙、馒头、花卷、牛肉干、望远镜、小喇叭、小手拍、口哨、雨衣、小红旗、砖头、瓦块、米粉、米线、馄饨、水饺、臭豆腐、旺仔牛奶、可口可乐、康师傅矿泉水、爽歪歪、乳娃娃、娃哈哈、方便面、德芙、奥利奥、虾条、薯片、干脆面、话梅、情人梅、海苔、金枪鱼罐头、麦片粥、苹果、榴莲、橘子、香蕉、杏仁、露露、花生、核桃、葡萄、提子、面筋、羊肉串、煎饼、蛋挞、口香糖、怪味豆、曲奇饼干、果冻、蛋糕、妙脆、酸辣粉、葵花籽、大红枣、西酸奶、炸鸡腿、薯条、冰激凌、咖啡、橙汁、奶酪、三明治、巨无霸汉堡、果脯、香蕉、干无花果、西瓜、菠萝、冰棍、雪糕、蚂蚁上树、四个圈、烤地瓜、山楂片、板栗、樱桃、蜂蜜、沙琪玛、荷包蛋、芝士、柠檬奶油、草莓、火龙果、爆米花、搅糖稀、棉花糖、果丹皮、泡泡糖等,盲僧伽罗语,Gender.MALE,0,0,
"魔王 ：「你尽管叫破喉咙吧...没有人会来救你的....」
　　公主 ：「破喉咙..破喉咙..」
　　没有人：「公主..我来救你了...」
　　魔王 ：「说曹操曹操就到...」
　　曹操 ：「魔王..你叫我干嘛..」
　　魔王 ：「哇勒..看到鬼」
　　鬼 ：「靠!被发现了..」
　　靠 ：「阿鬼,你看的到我喔...」
　　魔王 ：「oh,my god!」
　　上帝 ：「谁叫我?」
　　谁 ：「没有人叫你阿...」
　　没有人：「我哪有？装蒜啊！」
　　蒜 ：「谁在装我？」
　　谁 ：「又说我？你们找麻烦啊？」
　　烦 ：「哪一个找我？」
　　哪一个：「找你？我才没有...咦，这儿有好多人。」
　　好多人：「我才刚到耶……你是谁？」
　　哪一个：「我才不是谁。」
　　谁 ：「他才不是我。」
　　公主 ：「大家都是来救我的吗？」
　　大家都：「我不是来救你的，是来看热闹的。」
　　热闹 ：「我有什麽好看的？」
　　上帝 ：「不关我的事，先走了。」
　　魔王 ：「你回答一个问题再走，为什麽这麽多人救公主？我这个魔
　　王怎麽演下去？」
　　下去 ：「你好好的魔王不干，演我做什麽？」
　　公主 ：「魔王若是没有人演，我就可以走了。」
　　没有人：「若是我演魔王，怎麽会让你走...」
　　怎麽会：「我才不让公主走，我要看热闹。」
　　热闹 ：「看我干什麽？」
　　什麽 ：「你居然要『干』我？流氓！」
　　你居然 :「我哪有？」
　　我 :「关我什麽事ㄚ?」
　　魔王 :「靠!我要疯了......。」
　　靠:「喊我干什么!...」
　　疯了 :「你要我干啥？」
　　你要我 :「我什麽都不知道ㄚ!」
　　我什麽都不 :「我哪知啊!」
　　我哪知 :「我在这里ㄚ!有人在叫我吗?」
　　有人：「我没有叫你啊!」
　　我没有：「谁叫他了啊?」
　　谁：「冤枉啊...我没有...」
　　我没有：「我可没冤枉你啊...」
　　你：「谅你也不敢。」
　　谅你：「谁说我不敢!?」
　　谁：「拜托啊...我什麽都没说啦」
　　我什麽都没：「你要我说什麽?」
　　我什麽都不：「...你...你不就是我那失散多年的兄弟吗?」
　　我那失散多年的兄弟：「拷...我名字取这麽长...也会被叫到
　　啊...」
　　谁：「...我要赶快离开这个是非之地」
　　是非：「原来这里是我的地盘啊...」
　　我什麽都不&没：「你们别吵我们在讲话啦...」
　　你们别吵我们：「我没有在讲话啊...」
　　我没有：「我才没有讲话咧!...」
　　我什麽都不：「-_-\“...走...我们到外面去聊...」
　　走：「人家不好意思啦...(扭)」
　　我什麽都没：「关你屁事啊...闪啦...」(两兄弟生气的走出去)
　　关你屁事：「呜...为什麽赶我走...」
　　为什麽：「我没有要赶你走啦...乖...不要哭」
　　我没有：「喔...又关我啥事了」
　　关我啥事：「啥?有人叫我吗?」
　　有人：「谁要叫你啊...」
　　谁：「我真的要走了...t.t」
　　走：「人家真的不好意思啦...*v.v*」(\“谁\“不支倒地)
　　关你屁事：「...你不是我表妹吗?」
　　关我啥事：「...表哥...好久不见啦...」
　　好久：「我不是在这里嘛...」
　　魔王：「你们有完没完？」
　　完没完：「他才没有我」
　　你们：「我才没有他」
　　我才：「谁说的？」
　　谁：「叫我干吗？」
　　吗：「你居然要干我？」
　　你：「我才不会干他」
　　我才：「谁说我不会？」
　　谁：「冤枉！我没说……」
　　说：「叫我干吗？」
　　吗：「你们俩真不要脸！」
　　你们俩：「我要！我要！」
　　脸：「谁要我？」
　　谁：「我不要啊」
　　魔王：「快一点，再说我可要撵人啦」
　　人啦：「赶撵我？找k」
　　k：「谁找我？」
　　谁：「aaaaaaa！别提我的名字，再提我也k他！」
　　他：「别k我」
　　我：「谁要k我？」
　　谁：「终于让我逮找一个啦，杀呀…………」
　　一个啦：「别逮我」
　　我：「我也受够啦，谁再提我的名字，我决不放过你！」
　　谁：「看我的降龙十八掌！」
　　我：「看我的九阴白骨爪！」
　　降龙十八掌：「我有什么好看的？」
　　九阴白骨爪：「我有啥好看的？」
　　什么好看的：「兄弟，我终于找着你啦！」
　　啥好看的：「哥，咱出去聊。」
　　魔王：「妈的...这是认亲大会啊...」
　　从此以后，魔王真的得了精神分裂症……",杨柳柳岸岸岸,Gender.MALE,0,0,
我去，太长了,蜗牛_透心凉,Gender.UNKNOWN,0,0,
有一个天大的漏洞，魔王没有发现，为什么最早叫我的时候，我没有出现，而后面又出现了，而且前面好多该出现的都不出现，后面却出现了。所以说没文化真可怕！,坐着火车喝着酒,Gender.UNKNOWN,0,0,
回复 坐着火车喝着酒 :他们在睡觉，喊了多次后终于醒了。,樱桃树墩,Gender.UNKNOWN,0,0,
真心纠结,x061025x,Gender.UNKNOWN,0,0,
路过,love行走天涯路,Gender.MALE,0,0,
"小白兔蹦蹦跳跳到面包房，问：“老板，你们有没有一百个小面包啊？”
老板：“啊，真抱歉，没有那么多。”
“这样啊……”小白兔垂头丧气地走了。
第二天，小白兔蹦蹦跳跳到面包房，“老板，有没有一百个小面包啊？”
老板：“对不起，还是没有啊。”
“这样啊……”小白兔又垂头丧气地走了。
第三天，小白兔蹦蹦跳跳到面包房，“老板，有没有一百个小面包啊？”
老板高兴的说：“有了，有了，今天我们有一百个小面包了！！”
小白兔掏出钱：“太好了，我买两个！”第一天，小白兔去河边钓鱼，什么也没钓到，回家了。
第二天，小白兔又去河边钓鱼，还是什么也没钓到，回家了。
第三天，小白兔刚到河边，一条大鱼从河里跳出来，冲着小白兔大叫：
你他妈的要是再敢用胡箩卜当鱼饵，我就扁死你！",中国裁判的希望,Gender.UNKNOWN,0,0,天津
小白兔来到一家五金店问 有没有胡萝卜啊？没有 这里不卖胡萝卜 第二天小白兔又来了问 有没有胡萝卜啊？都说了这里不卖胡萝卜的 第三天小白兔还是来了问 有胡萝卜吗？老板怒了 都说了没有 你敢再来就用老虎钳拔掉你的牙 第四天，小白兔依旧来了问,丿Ispure,Gender.UNKNOWN,0,0,
有老虎钳吗？刚刚卖完了 那有胡萝卜吗？ 老板怒了拿出自己用的老虎钳拔掉了小白兔的牙 第五天小白兔还是来了问 老板有胡萝卜汁吗？,丿Ispure,Gender.UNKNOWN,0,0,
很好的帖子，已收藏夹了，希望楼主多发好笑的笑话！,风行者17,Gender.MALE,0,0,
小手一抖 积分到手 手提酱油 低头猛走,诺言后寂寞,Gender.MALE,0,0,山东
小狗小猫小羊小猪四个去划船，划到一半船超载要沉了，必须有一个动物要跳下去；于是它们约定每个人说个笑话，谁笑了谁就跳下去，小狗小猫小羊都说完了，大家都忍着不笑出来，轮到小猪了，它扑哧一下笑了，其它三个动物都笑了，没办法，它们就跳下去了，小猪在船上说：我反应迟钝…,吴高僧,Gender.MALE,0,0,
原版不是这样的。。,x061025x,Gender.UNKNOWN,0,0,
回复 x061025x :...,吴高僧,Gender.MALE,0,0,
俺也混个～楼猪楼猪偶爱你,先森爱爱爱腻勒,Gender.FEMALE,0,0,
你大爷的！！我打个酱油怎么了我？好心帮你顶一下贴子怎么了我？我骗点经验伪回复我怎么了我？我连主题都没看就给你回复先我容易么我？酱油党的责任我脱得了么我？我膜拜东方不败我喜欢俞承浩同时深爱文章我怎么了我？我酱油帝国千秋万代，一统江湖！！！ LZ走吧。别傻了。帽吧一直就我一个 人，不信我换个ID给你说同样...,li137734151,Gender.MALE,0,0,
幸苦了！ 还好吧！,九月少年非凡蓝,Gender.MALE,0,0,
接下去吧。,鸡哥不知道,Gender.UNKNOWN,0,0,
夫妻离婚争孩子 老婆说孩子是从我肚子里出来的当然归我 老公说 笑话 简直胡说八道 钱是从取款机出来的是不是归取款机 还不是谁查卡归谁,xiaoma641,Gender.UNKNOWN,0,0,
长颈鹿头上那两个“啾啾”拿来干嘛用的？——这就是所谓的“路由器”，动物园里的wifi全靠它拉。。,__哦哦Oo,Gender.FEMALE,0,0,
某君骑自行车巨烂，一日骑车，忽见前面有一大爷，此君连忙喊，不要动，不要动，但最终还是撞上了，大爷没好气的说:你让我不要动，是好瞄准了撞是么,矫情老爷们,Gender.FEMALE,0,0,
马克,xkf10000,Gender.MALE,0,0,湖北
路过~打酱油～混眼熟＋围观＋捞经验～,这里的孤单,Gender.FEMALE,0,0,
很好的帖、希望楼主继续加油、找更多的笑话发表上来、,djb545174983,Gender.MALE,0,0,
"《选村长》
某村选村长，一农妇愤然道：谁干我都同意，我就是不让我老公干。",诚德总统,Gender.MALE,0,0,
"【主婚多少钱】
婚礼前新郎问主婚人：主持一场婚礼多少钱？
主婚人说：老婆越美钱越多。
新郎不好意思的给了一块钱。
主婚人一愣，回头看了一眼新娘，然后找了5毛……",诚德总统,Gender.MALE,0,0,
不晓得我写的够不够刚好十五个字,adi0love2,Gender.FEMALE,0,0,
够了,tanzihaohome,Gender.UNKNOWN,0,0,
九旬老太为何裸死街头？ 数千头母牛为何半夜惨叫？ 小卖部安 全套为何婪招黑手？ 女生宿舍内裤为何频频失窃？连环强奸 母猪案，究竟何 人所为？老尼姑门夜夜 被敲，究竟是人是鬼？数百只小母狗意 外身亡的背后 又意味着什么？这一切的 背后，是人心的扭曲还是道德的沦丧？ 是性的爆发 还是饥渴的无奈？敬请关注 今晚12点CCTV11年度火炬献_《楼主的 不归之 路》让我们随着镜头走近变态狂 的内心世界,smile____情愫,Gender.UNKNOWN,0,0,
从前有个人，他死了…,sun153719037,Gender.UNKNOWN,0,0,
昨晚去吃烧烤的时候，老板说鸡腿7块钱一根 我摸了摸口袋发现15块，脑子抽了一下以为不够，就和老板说，老板买两根鸡腿便宜一点15块吧，哪知老板也犯2 说了一句：这个不能便宜了，你知道哇现在都这个价格，“哦，那算了”，于是乎我走向了另一家。。。。。。,祗暧dream,Gender.MALE,0,0,广东
"...飘过
....飘过
.....飘过
......飘过
.......飘过
........飘过
........飘过
........飘过
........飘过
.......飘过
......飘过
.....飘过
....飘过
...飘过
..飘过
.飘过
.飘过
.飘过
..飘过
...飘过
....飘过
.....飘过
......飘过
.......飘过
........飘过
........飘过
........飘过
........飘过
.......飘过
......飘过
.....飘过
....飘过
...飘过
..飘过
.飘过
.飘过
.飘过
..飘过
...飘过
....飘过
.....飘过
......飘过
.......飘过
........飘过
........飘过
........飘过
........飘过
.......飘过
......飘过
.....飘过
....飘过
...飘过
..飘过
.飘过
.飘过
.飘过
..飘过
...飘过
....飘过
.....飘过
......飘过
.......飘过
........飘过
........飘过
........飘过
........飘过
.......飘过
......飘过
.....飘过
....飘过
...飘过
..飘过
.飘
..飘过
.飘过
.飘过
..飘过
...飘过
....飘过
.....飘过
......飘过
.......飘过
........飘过
........飘过
........飘过
........飘过
.......飘过
......飘过
.....飘过
....飘过
...飘过
..飘过
.飘过
.飘过
..飘过
...飘过
....飘过
.....飘过
......飘过
.......飘过
........飘过
........飘过
........飘过
........飘过
.......飘过
......飘过
.....飘过
....飘过
...飘过
..飘过
.飘过
.飘过
..飘过
...飘过
....飘过
.....飘过
......飘过
.......飘过
........飘过
........飘过
........飘过
........飘过
.......飘过
......飘过
.....飘过
....飘过
...飘过
..飘过
.飘过
.飘过
..飘过
...飘过
....飘过
.....飘过
......飘过
.......飘过
........飘过
........飘过
........飘过
........飘过
.......飘过
......飘过
.....飘过
....飘过
...飘过
..飘过
.飘过
.飘过
..飘过
...飘过
....飘过
.....飘过
......飘过
.......飘过
........飘过
........飘过
........飘过
........飘过
.......飘过
......飘过
.....飘过
....飘过
...飘过
..飘过
.飘过
.飘过
..飘过
...飘过
....飘过
.....飘过
......飘过
.......飘过
........飘过
........飘过
........飘过
........飘过
.......飘过
......飘过
.....飘过
....飘过
...飘过
..飘过
.飘过
.飘过
..飘过
...飘过
....飘过
.....飘过
......飘过
.......飘过
........飘过
........飘过
........飘过
........飘过
.......飘过
......飘过
.....飘过
....飘过
...飘过
..飘过
.飘过
.飘过
..飘过
...飘过
....飘过
.....飘过
......飘过
.......飘过
........飘过
........飘过
........飘过
........飘过
.......飘过
......飘过
.....飘过
....飘过
...飘过
..飘过
.飘过
.飘过
..飘过
...飘过
....飘过
.....飘过
......飘过
.......飘过
........飘过
........飘过
........飘过
........飘过
.......飘过
......飘过
.....飘过
....飘过
...飘过
..飘过
.飘过
.飘过
..飘过
...飘过
....飘过
.....飘过
......飘过
.......飘过
........飘过
........飘过
........飘过
........飘过
.......飘过
......飘过
.....飘过
....飘过
...飘过
..飘过
.飘过
.飘过
..飘过
...飘过
....飘过
.....飘过
......飘过
.......飘过
........飘过
........飘过
........飘过
........飘过
.......飘过
......飘过
.....飘过
....飘过
...飘过
..飘过
.飘过
.飘过
..飘过
...飘过
....飘过
.....飘过
......飘过
.......飘过
........飘过
........飘过
........飘过
........飘过
.......飘过
......飘过
.....飘过
....飘过
...飘过
..飘过
.飘过
.飘过
.飘过
..飘过
...飘过
....飘过
.....飘过
......飘过
.......飘过
........飘过
就知道你会拉回来看的
........飘过
........飘过
.......飘过
......飘过
.....飘过
....飘过
...飘过
..飘过
.飘过
.飘过
.飘过
..飘过
...飘过
....飘过
.....飘过
......飘过
.......飘过
........飘过
........飘过
........飘过
........飘过
.......飘过
......飘过
.....飘过
....飘过
...飘过
..飘过
.飘过
.飘过
.飘过
..飘过
...飘过
....飘过
.....飘过
......飘过
.......飘过
........飘过
........飘过
........飘过
........飘过
.......飘过
......飘过
.....飘过
....飘过
...飘过
..飘过
.飘过
.飘过
.飘过
..飘过
...飘过
....飘过
.....飘过
......飘过
.......飘过
........飘过
........飘过
........飘过
........飘过
.......飘过
......飘过
.....飘过
....飘过
...飘过
..飘过
.飘过
.飘过
.飘过
..飘过
...飘过
....飘过
.....飘过
......飘过
.......飘过
........飘过
........飘过
........飘过
........飘过
.......飘过
......飘过
.....飘过
....飘过
...飘过
..飘过
.飘过",萌萌萌萌美丶,Gender.FEMALE,0,0,
很有创意,为了要保护的人,Gender.UNKNOWN,0,0,
大神,宋锦程love,Gender.UNKNOWN,0,0,
很有动感～,黑白阁子像,Gender.UNKNOWN,0,0,
看见这种就烦。。,沐燃零雪,Gender.UNKNOWN,0,0,
看完了顶！刘明是来打酱油的，应该了吧？！,梦中昨夜扁舟去,Gender.MALE,0,0,
英语考试完发试卷，有个同学人品爆F，就对了一个选择题，…三分…英语老师在上面咆哮:你告诉我三分能干什么？？？该同学弱弱地回答:抢地主…,无言无语2000,Gender.MALE,0,0,
搞笑…哈哈,devil承诺5,Gender.UNKNOWN,0,0,
次奥,喔喔奶茶WL,Gender.FEMALE,0,0,
美女第一次蒸馒头，做好后问同伴，你要不要尝尝我的处女馍……,神祀的豆豆,Gender.MALE,0,0,
刚发生的事，点错了打了电话给老师，过了一会老师打电话回来，我拒绝发现消息说没事，我点错了，老师回我我也点错了。。。,∞゛mm_,Gender.FEMALE,0,0,上海
同桌是个呆货，有次上着课记笔记，她突然想不起来“耿直”的“耿”怎么写了。就问我，我说“耳火” 她突然气得脸通红，然后低头咬着牙小声儿对我说：“你…你特么才二货呢，你们全家都二货………”,90微笑宝贝,Gender.FEMALE,0,0,
不好意思。。。我姓耿，可我不是二货。不过你很二啦。哈哈,焰nice,Gender.UNKNOWN,0,0,
第一次离楼主那么近，好紧张啊，该怎么评论啊，打多少字才显的有文采啊，这样说好不好啊，会不会成热贴啊，我写的这么好会不会太招遥，写的这么深奥别人会不会看不懂啊，怎样才能写出我博士后的水平呢，半年写了这么多会不会太快啊，好激动啊，大家帮帮我啊！,菜單男,Gender.MALE,0,0,
噗……,黑白阁子像,Gender.UNKNOWN,0,0,
这样是表示可以优雅的留下十五字混经验 了麽？,V破城依旧V,Gender.MALE,0,0,
这样是表示可以优雅的留下十五字混经验 了麽？,V破城依旧V,Gender.MALE,0,0,
有没有小白兔的多一些,赤狼大佬,Gender.UNKNOWN,0,0,
"话说有一天避孕套碰到了卫生巾，之后避孕套说 你抽你丫那样。。。一tm上班 我就得下岗,卫生巾说 。。。你tm一失职。。。。我就得失业",90微笑宝贝,Gender.FEMALE,0,0,
唐僧师徒遇到妖怪袭击，唐僧问孙悟空：“降妖问问你敢不敢！”“…像你说过那样的爱我？” 黄蓉受到重伤，全身奇痒无比、洪七公为她治疗后对郭靖说：“虽然我只是抑制痒…”“绿草因为你变得更香？” 误会系列,寂路の猫脚印,Gender.MALE,0,0,
肚子疼啊！我了个去，笑死,xie5682825,Gender.MALE,0,0,陕西
额,万人敬仰雷纳纳,Gender.UNKNOWN,0,0,
你知道水桶为什么是圆的么？…因为它是用滚的。,焰nice,Gender.UNKNOWN,0,0,
"I thought that I could love no other _ _
that is until I met your brother",BISHI_,Gender.FEMALE,0,0,
"曾以为一生只爱你一个_ _
直到遇到你二表哥",BISHI_,Gender.FEMALE,0,0,
昨天看报纸说“房事过多导致折寿”吓的我心里一哆嗦！我咬牙跺脚下决心半天，才想起我特么还单身,minzhijiao,Gender.MALE,0,0,河北
啊哈哈大笑…,子乐1456898990,Gender.UNKNOWN,0,0,
有个小男孩，到宾馆里问前台，有没有小姐。前台说没有，小男孩把经理叫出来问有没有？经理说没有，男孩掏出钱，经理说有。问有没有带病的？答没有。于是拿钱，经理答有。于是男孩说，如果我和她搞，我会不会带病？经理答不会。拿钱，经理答会。又问我和家里保姆搞，她会不会带病？答会。那么她和我爸搞，我爸呢？答会。我爸和我妈搞呢？会。我妈和司机搞呢？会。于是男孩大叫，操，司机你完蛋了，谁让你开车撞死了我的小乌龟！,季忘生,Gender.FEMALE,0,0,
有一段公路经常发生交通事故、于是井茶在那公路旁边立了一个牌子、上面写着：事故多发点。刚立上去没几天就有一个老大爷来把那个牌子给弄倒了、非常气愤的说：“本来事故发生得就已经够多了、你还让事故多发点”。,YY15270989017,Gender.FEMALE,0,0,浙江
:一日数学老师讲课正High，突然一挥手说“那个谁，去那个哪儿，把我那个啥给拿过来”。台下都愣了，只见课代表立刻弹起飞出教室搬来了一摞数学卷子。。。从此大家都夸他是数学老师的骨灰级走狗。。,时光荏苒smile,Gender.MALE,0,0,山东
上学时周末回家，晚饭后烟瘾犯了，打算借口去散步。在门口换鞋时，老爸问我干吗去？我随口说了句：“去散个烟！”结果老爸从我身上搜出一包555，狠狠K了我一顿。,我滴个肾呀,Gender.MALE,0,0,河南
"生儿子：
愚公家门口有两座山，他决心把山移走。智叟笑他：人的生命就那么长，怎么可能呢？愚公正色道：我死了以后，还有儿子，儿子死了，还有孙子，子子孙孙无穷匮也，总会把山移走的。玉帝听到这番话很感动，派了两个精壮威猛的大力士，来帮他们家……生儿子......",我滴个肾呀,Gender.MALE,0,0,河南
"不是城管 ：
和朋友一起吃过晚饭，溜达到夜市，正好一辆***的巡逻车经过。远远的警灯一闪一闪。小贩们看到了，纷纷收拾东西，眼看就是要准备跑路嘛。这时，亲民的**叔叔在车里用扩音器喊：不要跑，不是城管。。。",我滴个肾呀,Gender.MALE,0,0,河南
那年夏天我总感到自己头昏眼花，浑身没劲。我到了医院，大夫龙飞凤舞很快开好了药方。我算了药价，竟有三百多元。取药的大夫叮嘱我说：“这药白天每隔两个小时吃一次，每次吃三片，一共是两周的药。”我还从没见过这样吃法的药，忙问他：“大夫，我到底得了什么病，这药到底治什么病？”那位大夫就很实在的告诉我：“其实这药什么病都不治，你现在最需要的只是多喝水。”,我滴个肾呀,Gender.MALE,0,0,河南
"初中的时候，一个晚自习，前桌的 一个心仪的男生突然转身对我 说，“十年后，我一定回来娶你”我一听 脸暴红，跟他玩的比较好，但没想 到他会这么说，然后他接着说，“回来取你狗命!哈哈…""",他是命不是梦_L,Gender.FEMALE,0,0,
: 嘎嘎,f日诚,Gender.FEMALE,0,0,
女朋友无精打采回到家，我：你怎么了呀。女朋友：我又饥又渴。我：那我下面给你吃。说完，女朋友蹲了下来。幸福开始了～,小凉少,Gender.UNKNOWN,0,0,
好贴。mark,huangjiajian,Gender.MALE,0,0,江苏
一网友自恋发图，我的头像牛逼吗？各网友回答：非常像！,小凉少,Gender.UNKNOWN,0,0,
某男上厕所 ，听到里面两个男的在说话。对话如下”看见你，我尿不出来。””为什么””硬了” 硬了。。,小麦的笑笑,Gender.FEMALE,0,0,湖北
不错,晚上不睡觉祝爷,Gender.UNKNOWN,0,0,
一点不好笑，别把可笑当好笑,这轻浮的汉子,Gender.MALE,0,0,湖北
留名再看,火现,Gender.MALE,0,0,
女：**叔叔，我的包丢了，你能帮我找么？**：没问题，包在我身。女说：那你能还给我吗？,好朋友pyy,Gender.UNKNOWN,0,0,
你就是个笑话,神奇的维C,Gender.MALE,0,0,山西
一男生上课忘带笔，一女生说削笔不带刀，男生说怎么象棋少了两个炮。……,loveycc8,Gender.UNKNOWN,0,0,
没看懂,火星哥mars,Gender.UNKNOWN,0,0,
回复 火星哥mars :削比不带刀，做爱不带鸡巴？？象棋少两炮，缺炮。。。。约会暗号啊。。。,gdf211,Gender.UNKNOWN,0,0,
回复 gdf211 :,火星哥mars,Gender.UNKNOWN,0,0,
"真人真事...A“哪天比一比骑自行车啊,我让你一个轮“........B“行...我让你一条腿......“当时笑尿了...",空陨悠,Gender.FEMALE,0,0,
一群女同事到我家玩，看见一小男孩穿着半挡裤，就调戏：小弟弟，你的小j j 露出来了。小男孩：我爸那是*** ，厉害吧,小凉少,Gender.UNKNOWN,0,0,
我来看看~~~~~~,m倚楼听春雨m,Gender.MALE,0,0,
"楼上的人听着，你们已经被包围了，马上缴械投降吧！
飞虎队准备突破 ： “发么勒哄，闪光弹”
我去，怎么就闪这么一下？！
报告队长！made in china！
WQNMLGB!",无知的骚年go,Gender.MALE,0,0,
马,天空明响,Gender.MALE,0,0,北京
挺好的。,PY_小孟,Gender.MALE,0,0,
他们说留有经验我不晓得也不晓得说什么……,簡單依褪去,Gender.MALE,0,0,
个人觉得没一点好笑的东西可以看,小凉少,Gender.UNKNOWN,0,0,
插一下,无奈的阿毛,Gender.MALE,0,0,
小时候，一天爸妈接我回家，走路上，他们把我牵中间…我不知道哪根神经搭错线开口唱了一句找抽的歌“左手一只鸡，右手一只鸭…”我爸瞪着我，就差扇我嘴巴了…谁知俺娘接着唱了一句我让我立刻吐血…“中间还有一只癞蛤蟆呀，咦呀咦德儿喂～” ,苍白遗忘的熟悉,Gender.FEMALE,0,0,
小猫对小狗说 听说你会吃自己的便便？是真的么？,87年,Gender.MALE,0,0,山东
司机师傅说的很有道理 一天，在上海打一出租车，上车后出租车司机正开着收音机听体育新闻。 播到足球消息时，的士司机说道：“如果找十几个20岁左右的死刑犯，让他们练四年足球，然后组队让他们踢世界杯，出线了就出狱，出不了拉回来枪毙，中国足球一准儿出线。” 我惊异于他的想法，问道：“那么如何解决现在离婚越来越厉害的现象呢？” 司机掐断烟头狠心的说道：“真正能阻止离婚的婚姻法是，离婚后房子归国家。” 我开始佩服他了，于是又问：“现在情人节和清明节的区别是什么？” 司机想了想说：“情人节和清明节是一样的，都是送花送吃的，区别在于：情人节烧真钱，说一堆鬼话给人听；清明节烧假钱，说一堆人话给鬼听！,兵岛的心,Gender.MALE,0,0,
厉害,为了要保护的人,Gender.UNKNOWN,0,0,
绝了,啊呀哇哦,Gender.UNKNOWN,0,0,
机智的司机大叔,Mincie°,Gender.UNKNOWN,0,0,
屎壳郎儿子问妈妈：妈妈妈妈 我们为什么要吃屎啊？屎壳郎妈妈说：吃饭呢！别说那么恶心的东西。,火妖灬龙,Gender.MALE,0,0,四川
我夜班，机器坏了，没事干等你更新,心老而未老,Gender.UNKNOWN,0,0,
刘明,旧人空城梦,Gender.MALE,0,0,
"问一朋友""泥觉的清明节和情人节都是送花送吃的，有什么不同了”答”清明节烧假千，情人节真烧人民币呀！”",夜夜末雨,Gender.MALE,0,0,
"文言文：夫图之缺如，岂不若言之大屌
中： 没图你说个JB
英：You say a JB without pictures
日：JBはありがとうございました理解しなかった
法：JB ne vous ai pas la figure d'un
俄：JB не показатель за
德：Ohne Bilder sagst du JB
意：JB non ha figura di un
拉丁：JB non vobis ad figuram
瑞典：JB inte siffra dig fr en
芬兰：JB ei hahmon varten
荷兰：JB geen cijfer u voor een
西班牙：JB no te diste cuenta de un
希腊：JB δεν σα ριο για το
韩语：旺旺旺旺旺旺旺！",這不是極限,Gender.UNKNOWN,0,0,
从前有一算命先生，每算必准，名声在外。一次，他算到自己某日必死。到了那一天，他做好了一切准备，等到深夜，眼看这一天就结束了，还不死。他想，我一世英名不能坏在这一次，于是，他自杀了，他果然算准了。这叫“自我实现”。当一个人预设了某种结果，他就会创造一切条件去实现它,這不是極限,Gender.UNKNOWN,0,0,
上学时周末回家，晚饭后烟瘾犯了，打算借口去散步。在门口换鞋时，老爸问我干吗去？我随口说了句：“去散个烟！”结果老爸从我身上搜出一包555，狠狠K了我一顿。,我滴个肾呀,Gender.MALE,0,0,河南
"生儿子：
愚公家门口有两座山，他决心把山移走。智叟笑他：人的生命就那么长，怎么可能呢？愚公正色道：我死了以后，还有儿子，儿子死了，还有孙子，子子孙孙无穷匮也，总会把山移走的。玉帝听到这番话很感动，派了两个精壮威猛的大力士，来帮他们家……生儿子......",我滴个肾呀,Gender.MALE,0,0,河南
"不是城管 ：
和朋友一起吃过晚饭，溜达到夜市，正好一辆***的巡逻车经过。远远的警灯一闪一闪。小贩们看到了，纷纷收拾东西，眼看就是要准备跑路嘛。这时，亲民的**叔叔在车里用扩音器喊：不要跑，不是城管。。。",我滴个肾呀,Gender.MALE,0,0,河南
那年夏天我总感到自己头昏眼花，浑身没劲。我到了医院，大夫龙飞凤舞很快开好了药方。我算了药价，竟有三百多元。取药的大夫叮嘱我说：“这药白天每隔两个小时吃一次，每次吃三片，一共是两周的药。”我还从没见过这样吃法的药，忙问他：“大夫，我到底得了什么病，这药到底治什么病？”那位大夫就很实在的告诉我：“其实这药什么病都不治，你现在最需要的只是多喝水。”,我滴个肾呀,Gender.MALE,0,0,河南
火钳,憬然丶,Gender.MALE,0,0,文莱
"既然你诚心诚意地发贴了，我就大发慈悲地回复你
为了防止没有，为了守护贴子不秒沉
贯彻顶与的时刻，可爱又迷人的围观角色
在传说中：
我们徘徊在道德与法律的边缘，穿梭于人性与兽性的世界
在现实中：
我们喜欢低调与沉默，游走于花花世界
在这个冷漠的时代，给予楼主温暖
————就是这样的路过。",Mo你若盛开,Gender.MALE,0,0,
女朋友说她在日本找到工作了，叫我在国内好好工作，不要看A V,丶丨文丨丶,Gender.MALE,0,0,湖北
说了多少遍了，板蓝根没用，它对于病毒的防治机理一直没有得到科学的证明，只是古书上有清热解毒的记载而已，事实上，它还会对人体造成不可预知的毒性，所以那些疯抢板蓝根的人，是多么可笑！真正有效的防治方法，是用朱砂笔，在黄纸上写“我才不会生病呢~”，然后烧成灰，冲进水里喝下去,落花流水声声慢,Gender.MALE,0,0,浙江
"从前有个馒头, 有一天、他走着走着 。饿了, 就把自己给吃了。 。",傻瓜我爱你呢2,Gender.UNKNOWN,0,0,
有一个人，有两栋挨着房子，他从一栋房子的房顶跳到另一栋房子的房顶，结果人跳过去了，却死了，请问他是怎么死的？什么原因？,W卜上妆的睫毛,Gender.UNKNOWN,0,0,
一栋高……一栋矮,爱笑的千度,Gender.UNKNOWN,0,0,
你以为我i就不会发混经验了～,放开小爷丶,Gender.FEMALE,0,0,
老婆在银行上班！我去送吃的！走到她窗口！我说，麻烦帮我存一下！老婆很配合的说：好的！在场的顾客惊讶！银行这也存,好香烟还是中华,Gender.MALE,0,0,江苏
现在的男生，比女生瘦，比女生白，比女生好 看，还要跟女生抢男生。哎。。。,青情花,Gender.MALE,0,0,
新人,412029045,Gender.MALE,0,0,广东
"花木兰和将军去打仗，不巧木兰来大姨妈了。打完仗后，将军问木兰有没有受伤，木兰说没有。将军看见木兰裤子红了，就脱了下来，看见裤裆下的那团血后，说:""尼玛，jj都炸了还说没受伤？！""",她的他会,Gender.MALE,0,0,湖南
从前有个鬼，它放个屁，然后就死了！,彼此远方思念,Gender.UNKNOWN,0,0,
我是酱油，十五123456789,凡雪依旧,Gender.MALE,0,0,
——你知道为什么有处女座却没有处男座么——谁说的没有处男座——嗯？——只是后来改名了，射手座^V^——。。。。,小傻纸亲,Gender.FEMALE,0,0,
——你知道为什么有处女座却没有处男座么——谁说的没有处男座——嗯？——只是后来改名了，射手座^V^——。。。。,小傻纸亲,Gender.FEMALE,0,0,
你们谁见过这样标准的十五个字吗,守候者kdp,Gender.MALE,0,0,
真事、有一次、姐和一男性朋友在一起打牌、当时姐还戴着耳机、耳机线从衣服里面串出来的、当时是夏天、穿得薄、那货突然拿着牌不出、盯着姐看、姐问他看什么、那货说我在想如果我是那根耳机线该多好啊！我去、姐知道你看到沟了～,YY15270989017,Gender.FEMALE,0,0,浙江
求勾搭,晚安丶梦,Gender.UNKNOWN,0,0,
我是爸爸,Feel寂寞的感觉,Gender.MALE,0,0,
你大爷的！！我打个酱油怎么了我？好心帮你顶一下贴子怎么了我？我骗点经验伪回复我怎么了我？我连主题都没看就给你回复先我容易么我？酱油党的责任我脱得了么我？我膜拜东方不败我喜欢俞承浩同时深爱文章我怎么了我？我酱油帝国千秋万代，一统江湖！！！ LZ走吧。别傻了。帽吧一直就我一个 人，不信我换个ID给你说同样...,草原悍匪腾格尔,Gender.MALE,0,0,山东
我去年买了个表,1439949501kv,Gender.UNKNOWN,0,0,
猪八戒正在月亮上和嫦娥亲热，突然一条黑影掠过，猪八戒急忙提着钉耙追出去，过了一会回来了，说：妈的，杨利伟.....,home离烟,Gender.MALE,0,0,
好好笑！！！！,jayjsabvf,Gender.UNKNOWN,0,0,
"问：女生都觉得打篮球比打羽毛球帅吗？ 答：主要看脸。长得帅的踢毽子都帅，长得丑的打高尔夫都像在铲屎
——来自 诺基亚 Lumia 800 尊享版

谁能打出“饕餮”这俩字，我就让他认我当爹！！",野鸡炖毒菇,Gender.MALE,0,0,广东
饕餮。。。。叫吧,翵鸟sky,Gender.UNKNOWN,0,0,
嗯，儿子 ——来自 诺基亚 Lumia 800 尊享版 ,野鸡炖毒菇,Gender.MALE,0,0,广东
看明白啊。。。,x061025x,Gender.UNKNOWN,0,0,
回复 翵鸟sky :看明白啊,沐燃零雪,Gender.UNKNOWN,0,0,
"十二点的钟声响了，灰姑娘要离去，王子拉住她的手，说：“请留下吧。” “那咋行，到钟了，哥。
——来自 诺基亚 Lumia 800 尊享版

谁能打出“饕餮”这俩字，我就让他认我当爹！！",野鸡炖毒菇,Gender.MALE,0,0,广东
饕餮，叫爹,90629448,Gender.UNKNOWN,0,0,
好儿子 ——来自 诺基亚 Lumia 800 尊享版 ,野鸡炖毒菇,Gender.MALE,0,0,广东
真乖,小名叫耶苏,Gender.UNKNOWN,0,0,
……那人语文老师死得早……只教认字了，没教造句,sky鬼丶泣,Gender.UNKNOWN,0,0,
"黑木耳木耳黑不黑木耳艹黑
——来自 诺基亚 Lumia 800 尊享版

谁能打出“饕餮”这俩字，我就让他认我当爹！！",野鸡炖毒菇,Gender.MALE,0,0,广东
儿子啊，我打不出来，哈哈哈哈哈哈哈哈,恶人谷飞刀,Gender.UNKNOWN,0,0,
"独自去野外游泳有一定的危险性，最好是结伴而行，多一个人，黄泉路上多一份照应。
——来自 诺基亚 Lumia 800 尊享版

谁能打出“饕餮”这俩字，我就让他认我当爹！！",野鸡炖毒菇,Gender.MALE,0,0,广东
哈哈:-D,光屁屁去上班,Gender.FEMALE,0,0,
哈哈哈哈哈哈哈哈哈哈哈哈哈哈哈哈,光屁屁去上班,Gender.FEMALE,0,0,
Whoa.,最初的梦理1998,Gender.UNKNOWN,0,0,
我看她睡了，想起网上流传的馊主意，啪啪扇了她2巴掌，她惊恐地睁开眼睛，我赶紧抱住她说宝贝你做噩梦了吗，别怕一切有我。她忍了一会儿说：刚才我只是闭着眼睛想事情，没有睡着,小情绪作祟丶_,Gender.FEMALE,0,0,上海
昨天晚上，我喝醉了，今天起来觉得特不好意思。 于是打电话给兄弟说：“哥们，真不好意思，昨晚喝大了。”。。朋友回复说：“兄弟！喝醉乃人之常情，但是你昨晚把我的仓鼠扔了出去，还大喊一声，去把！皮卡丘！”这我就不能理解了。,小情绪作祟丶_,Gender.FEMALE,0,0,上海
哈哈哈哈哈,superdehouma,Gender.UNKNOWN,0,0,
这样是表示可以优雅的留下混经验了麽？,zjh3031,Gender.FEMALE,0,0,浙江
这样是表示可以优雅的留下十五字混经验了麽？,zjh3031,Gender.FEMALE,0,0,浙江
从前有个人叫啊爽'他死的那天全家人都哭着说：”爽啊爽啊！”路人不解：你们爽什么。他家人说：”爽死了'爽死了。”,神马hold不住6,Gender.UNKNOWN,0,0,
董卓请吕布等心腹吃饭，并让貂蝉作陪。为了考验心腹们的忠诚，董卓命令貂蝉把胸部涂黑。随后，吃饭时突然停电，一片漆黑！不久又来电了，董卓发现众人的手都是黑的，唯独吕布的手是干净的！董卓决定奖赏吕布！吕布很开心的笑了出来，露出了黑色的牙齿 。,皇族丿艹灬残梦,Gender.MALE,0,0,
床前明月光，疑是地上霜。 举头望明月，低头思故乡。 诗意： 我的床前有位叫明月姑娘已脱光， 她的皮肤白嫩得就像地上的白霜。 抬起头望着这位光光的姑娘明月， 低下头不禁地想起夫人远在故乡。 鉴赏： 这首诗反映了诗人独自在外地打工，寻花问柳时的矛盾心情！,皇族丿艹灬残梦,Gender.MALE,0,0,
一个司机开这出租车在公路上，恰好开到慌山野林旁，忽逢肚子疼，你想啊?肯定垃肚子，憋于无奈就趁没人时往林子里冲啊!看见风水宝地就开始干活了!可没想到手纸用完了!为啥?他是前脚擦净后脚就又拉了!只好求救打老朋友电话，朋友说:“没手纸，不有树叶吗?多的啦!”那位老兄就不乐意了，怒到:“我TMD也想啊，可是全是针叶林，扎死我!”更多精彩关注我…,飘逸的俊哥,Gender.UNKNOWN,0,0,
一男子和女朋友第一次去开房。然后遇到警察查房。警察看到他女朋友很无奈的说。怎么老是你 （内涵了）,七个小纯纯,Gender.FEMALE,0,0,
他女人是鸡,落叶随风Herou,Gender.UNKNOWN,0,0,
从前有个太监,过客飘过33,Gender.UNKNOWN,0,0,
明天我们放假，不补课,巧尅劦丶帅爵,Gender.MALE,0,0,江苏
现在的男人干女人的活！现在的女人做男人的事！,可靠的张书旭,Gender.MALE,0,0,
nan910120：一男子跟朋友在街上闲逛、突然看到前面五个男的围殴他丈母娘、男子的朋友着急的说你还看、还不去帮忙？男子慢吞吞的说不用了、五个人够了。,宇智波之鼬神,Gender.MALE,0,0,
nan910120：一男子跟朋友在街上闲逛、突然看到前面五个男的围殴他丈母娘、男子的朋友着急的说你还看、还不去帮忙？男子慢吞吞的说不用了、五个人够了。,宇智波之鼬神,Gender.MALE,0,0,
nan910120：一男子跟朋友在街上闲逛、突然看到前面五个男的围殴他丈母娘、男子的朋友着急的说你还看、还不去帮忙？男子慢吞吞的说不用了、五个人够了。,宇智波之鼬神,Gender.MALE,0,0,
nan910120：一男子跟朋友在街上闲逛、突然看到前面五个男的围殴他丈母娘、男子的朋友着急的说你还看、还不去帮忙？男子慢吞吞的说不用了、五个人够了。,宇智波之鼬神,Gender.MALE,0,0,
nan910120：一男子跟朋友在街上闲逛、突然看到前面五个男的围殴他丈母娘、男子的朋友着急的说你还看、还不去帮忙？男子慢吞吞的说不用了、五个人够了。,宇智波之鼬神,Gender.MALE,0,0,
nan910120：一男子跟朋友在街上闲逛、突然看到前面五个男的围殴他丈母娘、男子的朋友着急的说你还看、还不去帮忙？男子慢吞吞的说不用了、五个人够了。,宇智波之鼬神,Gender.MALE,0,0,
nan910120：一男子跟朋友在街上闲逛、突然看到前面五个男的围殴他丈母娘、男子的朋友着急的说你还看、还不去帮忙？男子慢吞吞的说不用了、五个人够了。,宇智波之鼬神,Gender.MALE,0,0,
人生就像一场游戏！当初选择了随机模式：结果出生在中国、才玩到25级、结果卡在了买房子这个任务上、一直过不去,农村葫撸娃,Gender.MALE,0,0,
可惜的娃,可靠的张书旭,Gender.UNKNOWN,0,0,
"这个笑话不是这样讲的,晕。。。毁我最拿手的笑话",流水有心恋落青,Gender.MALE,0,0,江苏
飘过……飘过……,wswsaing,Gender.MALE,0,0,
八戒，为师给你说过多少次不要偷女施主的内衣，这样不好，来让师傅闻闻这还是不是原味的……,wswsaing,Gender.MALE,0,0,
“禀告大王，……”“不要叫我大王，要叫我女王大人”“好的大王”,农村葫撸娃,Gender.MALE,0,0,
十万个冷笑话～,宁溱,Gender.UNKNOWN,0,0,
看过了 你懂个p啊 擒贼先擒王,智慧的阿泰,Gender.UNKNOWN,0,0,
某红楼迷吧现一神帖：上联“贾宝与林黛遇，薛宝拆”。 众人皆赞其乃千古绝对，无人能解。忽有人冒出一下联“陈冠吸张柏汁，谢霆疯”。 瞬间全场为之惊叹！,Moon丶小柒,Gender.UNKNOWN,0,0,
房间乱七八糟的人的特征：一旦开始整理就整理得特别彻底；注重公用环境的整洁；万事拖到最后关头才动手；回忆起往事多有懊悔；钱包里收据比钞票多；会订计划但从来不看；生气的事睡一觉起来就忘；会忘记重要的事；口头禅是：好困啊。。。你中枪没！！,分离嫉妒,Gender.FEMALE,0,0,
说得就是我么,不蕾撕丶,Gender.UNKNOWN,0,0,
我顶！（此回复虽有且仅有两个字，却深刻地表达了回复人的深深的祝福与刻骨的情感，可谓言简意赅，一字千金，字字扣人心弦，字字催人泪下，足可见回复人扎实的文字功底和信手拈来的写作技巧及惨绝人环的创新能力。实是佩服佩服！再加上以感叹号收尾，点睛之笔，妙笔生花，意境深远，照应前文，升华主题，把回复人的感情表达得淋漓尽致，给人无限感动和惆怅，有浑然天成之感，实乃回复中之极品，祝福中之绝笔。）,罘琦,Gender.MALE,0,0,甘肃
嗯！好笑,xiaocuitb2013,Gender.MALE,0,0,
"有一次和妹妹还有邻居家的
朋友在家打扑克。场面很安静，我
突然放了个超响的屁。好尴尬啊，
她俩什么都没说。我想缓和一下气
氛，说：“小妹，该你（出牌）了…
…”妹妹来了句：“我放不出来。”",sunny糟老头,Gender.MALE,0,0,
。,永恒不过一瞬,Gender.UNKNOWN,0,0,
请问你从妈妈肚子里生出来的感觉是什么样子的？”————“林尽水源，便得一山，山有小口，仿佛若有光。便舍船，从口入。初极狭，才通人。复行数十步，豁然开朗。”,YvesXiong,Gender.MALE,0,0,上海
我今天心情不好，我有四句话要说，包括前面两句，我的话说完了,我是一朵花狮子,Gender.FEMALE,0,0,
我也觉得我笑点太低了。。。。,野蔷薇好听,Gender.FEMALE,0,0,
楼主，我这人平时说话不好听，如果有得罪你的地方，你他妈的来扇我啊？,空城Andyprince,Gender.MALE,0,0,
楼主，我这人平时说话不好听，如果有得罪你的地方，你他妈的来扇我啊？,空城Andyprince,Gender.MALE,0,0,
这样是表示可以优雅的留下混经验了麽？,一个人心安year,Gender.FEMALE,0,0,
我妈给我介绍了个对象，是这么跟我说的：”在你们学校念硕士，高高白白胖胖的，特别有礼貌，家产怎么说也得有2亿，比咱家多一个亿呢！”我听完都疯了激动地问我妈说咱家有1亿？！我妈淡定地嗑瓜子说不是啊，咱家是2。,虹酒☆,Gender.MALE,0,0,河北
没看懂,火星哥mars,Gender.UNKNOWN,0,0,
2亿 2差个亿字,智慧的阿泰,Gender.UNKNOWN,0,0,
. 我渴望的最浪漫的事就是有一天我们都老了，在温暖的午后，我躺在你的腿上，你替我掏耳朵。你温柔地问我：“这个力道行吗？”我没有回答，你缓缓取下眼镜，开口说：“尼玛，又掏聋一只,1995马琪,Gender.FEMALE,0,0,
"今天在公交车上听到一个8、9岁的男孩对旁边的小女孩说:""谁说不能预测未来，至少我能知道以后我的孩子姓什么，可是你就不同了，你的孩子姓什么还是未知数呢!""那小女孩毫无思索地大声回了一句：""哼哼，那是！但是，我的孩子肯定是我的孩子，你的孩子就未必了…哟！”全车人都差点被秒杀了！",好啊幽,Gender.UNKNOWN,0,0,
浅浅爱鱼儿：我打个酱油怎么了我？好心帮你顶一下贴子怎么了我？我骗点经验伪回复我怎么了我？我连主题都没看就给你回复先我容易么我？酱油党的责任我脱得了么我？我膜拜东方不败我喜欢俞承浩同时深爱文章我怎么了我？我酱油帝国千秋万代，一统江湖！！！,l13551730,Gender.MALE,0,0,四川
好吧，，别人的老婆都会吹萧了～你老婆还要打气,我的女神是如花,Gender.MALE,0,0,
这给力～朕笑了,我的女神是如花,Gender.MALE,0,0,
好帖子留个名，有时间慢慢看,宋锦程love,Gender.FEMALE,0,0,
刘备正休息，帐外传来喊杀之声，关羽冲进帐来：“我们被包围了，大哥快走！“刘备大惊：“云长，你要帮我断后！““没问题！“关羽手起刀落，床头玩耍的刘禅被砍成两截。刘备大怒：“尼马我说的不是这个！“关羽回手一刀又砍死了一旁的刘封。“操！也不是这个！“刀光一闪，刘备腿间一片血红……,起个名字12138,Gender.MALE,0,0,北京
初中，上课寝室不能有人，一哥们就买个超大的娃娃，把棉花掏空，在寝室上网，有人查寝就迅速钻入娃娃中，躺床上装娃娃，屡试不爽，后被发现，据说他听到门关上了，就爬下床脱衣服，被辅导员逮住，原来门是被风吹关的。辅导员刚想出去，就见到一个大娃娃突然往下爬，当时腿都吓软了！.,1083594261,Gender.MALE,0,0,广东
笑点不太高阿.果断观摩. . .,朵朵菊花爱太阳,Gender.FEMALE,0,0,
小手一抖 积分到手 手提酱油 低头猛走,w514617934,Gender.MALE,0,0,安徽
某天同一电梯上来一美美。准备吓唬她。:小姐，这么挤了你还上来啊。谁知美美说:啊我还以为你看不到我呢！,风中的格局,Gender.MALE,0,0,
基佬吧,mengyun979,Gender.FEMALE,0,0,江西
搞笑,明天过后了love,Gender.MALE,0,0,吉林
◆◆◆九旬老太为何裸死街头？ 数千头母牛为何半夜惨叫？ 小卖部安全套为何婪招黑手？ 女生宿舍内裤为何频频失窃？连环强奸 母猪案，究竟何人所为？老尼姑门夜夜 被敲，究竟是人是鬼？数百只小母狗意 外身亡的背后又意味着什么？这一切的 背后，是人心的扭曲还是道德的沦丧？ 是性的爆发还是饥,w514617934,Gender.MALE,0,0,安徽
经典的有木有有木有有木有?,那束蒹葭,Gender.MALE,0,0,山西
对不起，我这个人不太会说话，有什么冒犯的地方，你他妈来打我啊,LOL猎手,Gender.UNKNOWN,0,0,广西
我跳进来啦，我又跳出来啦，我又跳进来了，有种打我啊，笨蛋,0oNeverloveo0,Gender.UNKNOWN,0,0,浙江
"发一个自己的
有一次，我因为打架被警、察叔叔抓了，在警车上
警：因为什么事儿啊？
答：打架！
警：这都用让我们出来？
答：以后不打了！
警：不能这么说！
深思……
答：以后打架不让逮了！
警：这才对嘛！
……（自身经历，千真万确）",你个丶傻圈儿,Gender.MALE,0,0,坦桑尼亚
"刘关张三兄弟被曹操抓了，曹操让他们在果园里摘水果。当他们带着水果回来时，曹操说：“你们把你们摘来的水果塞进屁眼里，谁塞不进就杀谁！”关羽摘得是一颗苹果，塞不进，然后曹操把他杀了。张飞摘的是三颗葡萄，塞到第三颗的时候，他一笑把前两颗喷了出来，曹操也把他杀了。到了地府，关羽碰到了张飞问：""为什么不坚持下去。”张飞回答：“因为我看到大哥抱了个榴莲回来。”",LOL猎手,Gender.UNKNOWN,0,0,广西
在不吃饭把饭都饿死了,Sagittarius145,Gender.UNKNOWN,0,0,
"放学铃声响了,学生们飞奔出学校。在通往网吧的路上,两个学生格外引人注目。因为,这两个学生冲在最前面。突然,其中一个学生摔了一跤,在地上打了两个滚儿,额头都蹭出了血。另一个学生停了下来，转身来扶他。 谁知，那个摔倒学生粗暴的打开他的手，对他吼道：“别管我！快去开机子。。。”",益达___Lam,Gender.FEMALE,0,0,四川
哈咯,花开陌路windy,Gender.UNKNOWN,0,0,
我在混经验我是打酱油的别来烦我,花开陌路windy,Gender.UNKNOWN,0,0,
"三兄弟去荒岛冒险，结果被土人捉住了。他们被带到土人国王面前，国王问大哥：“你怕不怕死?""大哥说：“我不怕。”国王吩咐士兵：“抓出去弹JJ100下。”然后国王又问老二：“你怕不怕死？”老二也说不怕。国王说：“抓出去弹JJ200下。”老二反问:""为什么我哥弹100我要弹200下?""国王回答：""抓出去弹400下。”然后国王问老三：“你怕不怕死？”老三机智的回答：“我怕死。”国王大笑道：“抓出去弹JJ弹到死为止。”",LOL猎手,Gender.UNKNOWN,0,0,广西
好笑的笑话常常有，但最好笑的笑话就不多了。大家每个人推荐两个你认为最好笑的笑话，就会收集到很多最好的笑话。除了放在这里，还会收集到贴吧精品吧，做为永久的收藏。现在，大家快来推荐吧！,super威猛仙森,Gender.MALE,0,0,
好笑的笑话常常有，但最好笑的笑话就不多了。大家每个人推荐两个你认为最好笑的笑话，就会收集到很多最好的笑话。除了放在这里，还会收集到贴吧精品吧，做为永久的收藏。现在，大家快来推荐吧！,super威猛仙森,Gender.MALE,0,0,
好笑的笑话常常有，但最好笑的笑话就不多了。大家每个人推荐两个你认为最好笑的笑话，就会收集到很多最好的笑话。除了放在这里，还会收集到贴吧精品吧，做为永久的收藏。现在，大家快来推荐吧！,super威猛仙森,Gender.MALE,0,0,
好笑的笑话常常有，但最好笑的笑话就不多了。大家每个人推荐两个你认为最好笑的笑话，就会收集到很多最好的笑话。除了放在这里，还会收集到贴吧精品吧，做为永久的收藏。现在，大家快来推荐吧！,super威猛仙森,Gender.MALE,0,0,
好笑的笑话常常有，但最好笑的笑话就不多了。大家每个人推荐两个你认为最好笑的笑话，就会收集到很多最好的笑话。除了放在这里，还会收集到贴吧精品吧，做为永久的收藏。现在，大家快来推荐吧！,super威猛仙森,Gender.MALE,0,0,
好笑的笑话常常有，但最好笑的笑话就不多了。大家每个人推荐两个你认为最好笑的笑话，就会收集到很多最好的笑话。除了放在这里，还会收集到贴吧精品吧，做为永久的收藏。现在，大家快来推荐吧！,super威猛仙森,Gender.MALE,0,0,
这样是表示可以优雅的留下十五字混经验了麽？,丿依然梦中,Gender.MALE,0,0,安徽
都不错啊，我笑了！,涂涂涂是张杰控,Gender.MALE,0,0,
