UID,MID,发布时间,微博内容,微博链接,发布者昵称,发布来源,主页链接,转发数,评论数,点赞数,博主昵称,性别,个人签名,粉丝数,关注数,所属IP地址,微博数,是否认证,头像链接,媒体类型,log10,认证类型
6559702961	,4852957739483543	,2023-01-01 04:32:00,我昨天晚上做了俩个梦，一个是梦到农夫山泉卖到五块，吓死我了还好是梦，另一个怎么是梦，哎,https://weibo.com/6559702961/MmdFHDN6n?refer_flag=1001030103_,顾昕苒vov,iPhone客户端,https://weibo.com/6559702961?refer_flag=1001030103_,0,0,0,顾昕苒vov,女,🦌,224,356,湖北,731,False,"https://tvax3.sinaimg.cn/crop.0.0.828.828.180/0079VQoFly8hjptx2f1prj30n00n0wfc.jpg?KID=imgbed,tva&Expires=1710093302&ssig=QVX%2BN%2BGvCS",nan,nan,无认证
7055311779	,4852942224753124	,2023-01-01 00:16:00,抱歉，此微博已被作者删除。查看帮助：O网页链接,https://weibo.com//MmbZP7mbl?refer_flag=1001030103_,JaSm1nEe_eeee,NULL,https://weibo.com/7055311779?refer_flag=1001030103_,0,0,0,JaSm1nEe_eeee,女,「🥷🏿🐕😾🙀」hi你们好我子别拉黑我。滚圈蜜果儿一枚～🤓🥰-太陽我在這裡-子🩷dohyun🩵🪽,53,3163,其他,3983,False,"https://tvax4.sinaimg.cn/crop.0.0.1080.1080.180/007HtmThly8hcqc8old2gj30u00u0jtf.jpg?KID=imgbed,tva&Expires=1710093303&ssig=yXRgWTDjOU",nan,nan,无认证
6646936123	,4852933956734190	,2023-01-01 00:16:00,抱歉，此微博已被作者删除。查看帮助：O网页链接,https://weibo.com//MmbZP7mbl?refer_flag=1001030103_,小咪护卫,NULL,https://weibo.com/6646936123?refer_flag=1001030103_,0,0,0,小咪护卫,男,猫猫狗狗狂塑,1,368,江苏,559,False,"https://tvax4.sinaimg.cn/crop.0.0.471.471.180/007fPRJ9ly8hgrtvygg9fj30d30d33z8.jpg?KID=imgbed,tva&Expires=1710093304&ssig=0U935bKPXP",nan,nan,无认证
6412840998	,4852927364342200	,2023-01-01 00:16:00,抱歉，此微博已被作者删除。查看帮助：O网页链接,https://weibo.com//MmbZP7mbl?refer_flag=1001030103_,睡在螺蛳粉里的小黄,NULL,https://weibo.com/6412840998?refer_flag=1001030103_,0,0,0,睡在螺蛳粉里的小黄,女,吃了,116,659,辽宁,4503,False,"https://tvax1.sinaimg.cn/crop.0.0.996.996.180/006ZZCTkly8ggzxmizyy6j30ro0road5.jpg?KID=imgbed,tva&Expires=1710093304&ssig=pJXlP%2BrzuA",nan,nan,无认证
6089539965	,4852921899161635	,2023-01-01 02:10:00,练科三的时候是7月更热了起的更早了每天早出晚归中午没地方可去将近20来个人人多车少只有两辆车轮换着练每次我在车上两辆车交错行驶的时候我都能看见他笑的样子很开心他烟瘾还蛮大的很多时候都是在抽烟有种错觉每次他都是在看着我笑练科二也是这样我喜欢他笑起来的样子好看刚练的第一天我和同样家不在镇上的朋友一起在车上凑活了一中午我和他吐槽中午好热好多苍蝇也和朋友一起在镇上的小广场的长椅上度过过炎热又无聊的中午他收留过我一次那天吃的板面还有冰的农夫山泉虽然我没吃多少我们三个他请的客去到他家我们俩一起睡的床垫他在左我靠右朋友在床上躺着的那是我整个练车时候中午睡的最舒服的一次后来一起吃过镇上的盖饭就是有点报吃一开始练的时候不敢踩油门害怕但是为了追赶他的步伐也是在自己暗暗的努力不过还好科三不难后来去市里考场那边练车到考试都没什么好值得纪念的事如果有那大概就是一起坐公交去市里回来的路上坐公交过站了又被他捏着笑了好半天还有一次练车的时候我们在一辆车很长时间考试的时候我亲眼看着他考完的就这样再没什么很多时候我也在想为什么喜欢他大概是他笑起来太好看笑到我心里了也大概是喜欢和他聊天觉得很有意思记不清到底为什么了只知道他好好啊像星星一样收起d,https://weibo.com/6089539965/MmcJTCrmj?refer_flag=1001030103_,看似坚强实则被车撞也会死,iPhone客户端,https://weibo.com/6089539965?refer_flag=1001030103_,0,0,0,看似坚强实则被车撞也会死,女,,8,3,其他,39,False,"https://tvax1.sinaimg.cn/crop.0.0.512.512.180/006E75wxly8hhmux3g9qmj30e80e80t0.jpg?KID=imgbed,tva&Expires=1710093305&ssig=y6iCUv32%2Bg",nan,nan,无认证
6112126743	,4852921348915245	,2022-12-31 11:00:00,#好水旺财兔年吉祥#崽一直在喝的@农夫山泉出兔年典藏版玻璃水啦！啊啊啊～崽最喜欢兔兔了，这波可千万不能错过！瓶身还是和以往一样模拟下落的水滴，优雅且修长，充满艺术感气息，兔兔的图案也很逼真写实，相信放在家里任何一个地方，都会忍不住多看几眼的哈哈～不跟你们说了，今年的金兔水限量十万套，还是和以往一样只送不卖！！我得赶紧去给崽蹲着......#农夫山泉生肖典藏#收起d,https://weibo.com/1642603883/Mm6Mwp2EW?refer_flag=1001030103_,暴躁吃瓜网友xh,微博  weibo.com,https://weibo.com/6112126743?refer_flag=1001030103_,0,0,0,暴躁吃瓜网友xh,女,吃瓜网友,49,590,湖南 益阳,7237,False,"https://tvax1.sinaimg.cn/crop.0.0.664.664.180/006FDRnply8fypvy3deroj30ig0igabf.jpg?KID=imgbed,tva&Expires=1710093306&ssig=kUx9kphzff",nan,nan,无认证
7056784157	,4852916970326660	,2023-01-01 00:16:00,抱歉，此微博已被作者删除。查看帮助：O网页链接,https://weibo.com//MmbZP7mbl?refer_flag=1001030103_,你亲爱的四舅姥爷,NULL,https://weibo.com/7056784157?refer_flag=1001030103_,0,0,0,你亲爱的四舅姥爷,女,重度粘糯圆爱好者,51,344,山东,3420,False,"https://tvax2.sinaimg.cn/crop.0.0.996.996.180/007HzxVjly8gfwlu0gs5lj30ro0rota4.jpg?KID=imgbed,tva&Expires=1710093307&ssig=Nv77h2goXW",nan,nan,无认证
2265735484	,4852916932314297	,2023-01-01 00:16:00,抱歉，此微博已被作者删除。查看帮助：O网页链接,https://weibo.com//MmbZP7mbl?refer_flag=1001030103_,昵称想不出来叫啥,NULL,https://weibo.com/2265735484?refer_flag=1001030103_,0,0,0,昵称想不出来叫啥,男,所以这个世界到底是什么模样呢,239,777,上海 闵行区,1101,False,"https://tvax4.sinaimg.cn/crop.0.3.1242.1242.180/870c613cly8fiv367u4q1j20yi0ypgpi.jpg?KID=imgbed,tva&Expires=1710093308&ssig=yOJbHs%2BquY",nan,nan,无认证
3821899029	,4852914629115942	,2023-01-01 00:16:00,抱歉，此微博已被作者删除。查看帮助：O网页链接,https://weibo.com//MmbZP7mbl?refer_flag=1001030103_,我孙flag先立个旗,NULL,https://weibo.com/3821899029?refer_flag=1001030103_,0,0,0,我孙flag先立个旗,男,实业误国，核酸兴邦♥️,70,70,辽宁,572,False,"https://tvax3.sinaimg.cn/crop.0.0.996.996.180/e3cd8d15ly8g8huh4m1zmj20ro0roaay.jpg?KID=imgbed,tva&Expires=1710093308&ssig=Q0lCUdGOdk",nan,nan,无认证
6075804870	,4852913145650420	,2023-01-01 00:16:00,抱歉，此微博已被作者删除。查看帮助：O网页链接,https://weibo.com//MmbZP7mbl?refer_flag=1001030103_,永远不老身体倍棒,NULL,https://weibo.com/6075804870?refer_flag=1001030103_,0,0,0,永远不老身体倍棒,女,爱阳光人士,126,625,河北 石家庄,938,False,"https://tvax4.sinaimg.cn/crop.0.0.1080.1080.180/006DbsoKly8h7uo7hrwxvj30u00u0ah7.jpg?KID=imgbed,tva&Expires=1710093309&ssig=H1v1NaXogd",nan,nan,无认证
6516950261	,4852912997536951	,2022-12-31 19:00:00,让我看看还有人不知道@农夫山泉的生肖玻璃瓶水吗？矿泉水中的颜值天花板，从16年开始，农夫山泉每年临近春节前都会推出10万瓶限量版的生肖玻璃水，而且“只送不卖”！#好水旺财兔年吉祥#，今年是兔年生肖典藏瓶，兔宝宝们还不快冲？获得攻略我已经给大家查清楚了，只需要参与农夫山泉“好水旺财兔年吉祥”小程序互动抽奖活动就有机会获得！咱就是说就这颜值天花板的金兔生肖玻璃水，不管是用于摆放还是收藏，都会被人夸赞眼光好！#农夫山泉生肖典藏#收起d,https://weibo.com/282687571/Mm9Vm5Rap?refer_flag=1001030103_,屁桃味儿的D,微博  weibo.com,https://weibo.com/6516950261?refer_flag=1001030103_,0,0,0,屁桃味儿的D,女,只会哈哈哈🐰,93,349,安徽 阜阳,19146,False,"https://tvax2.sinaimg.cn/crop.0.0.828.828.180/00772ssZly8gd7lyhm68mj30n00n0mya.jpg?KID=imgbed,tva&Expires=1710093310&ssig=aDFwdyqaMv",nan,nan,无认证
2794284831	,4852904530282886	,2022-12-15 01:31:00,微信小程序【农夫山泉好水旺财兔年吉祥】今年是抽兔年水，写的0点开始但是现在好像还不能点你们前几年抽中过没,https://weibo.com/2794284831/MjCdCDI1D?refer_flag=1001030103_,好心天天分享,微博 weibo.com,https://weibo.com/2794284831?refer_flag=1001030103_,2,9,18,好心天天分享,女,我的小号@好心每天分享,499627,219,北京 东城区,295936,True,"https://tvax3.sinaimg.cn/crop.0.0.632.632.180/a68d671fly8hksmenu1mlj20hk0hkdge.jpg?KID=imgbed,tva&Expires=1710093310&ssig=n8iOweFGjt",公共媒体,5.698645899746471,微博个人认证(红V)
6103553094	,4852904122917106	,2023-01-01 00:16:00,抱歉，此微博已被作者删除。查看帮助：O网页链接,https://weibo.com//MmbZP7mbl?refer_flag=1001030103_,皛筱筱筱,NULL,https://weibo.com/6103553094?refer_flag=1001030103_,0,0,0,皛筱筱筱,女,青海 雪山 二十三 永远热爱,1124,407,安徽,5830,False,"https://tvax2.sinaimg.cn/crop.0.0.1080.1080.180/006F3SYKly8hbnzwhrvlkj30u00u03zj.jpg?KID=imgbed,tva&Expires=1710093312&ssig=6A%2Fr%2BER1hr",nan,nan,无认证
5783937430	,4852901194776568	,2023-01-01 00:47:00,"农夫山泉NFC果汁饮料100%NFC橙汁300ml*24瓶整箱装【推荐理由】现货现发采用优质原汁原汁,零添加,0脂肪,纯果汁,富含维生素,果汁细腻,大人小孩都爱吃,好喝不腻,解馋喝健康又营养。☑️找优惠券自助：点击O网页链接搜索商品🧧随时发福利群❗❗进群抽奖红包❗❗下方图片领券购买❗❗⬇️⬇️⬇️有任何问题可以找博主哦！不管是找不到优惠券还是想要吐槽感情、生活都行。#微博小店#不要等没券了就只有后悔了哦！很多小可爱都有反馈超棒哦！优惠错过就没有了。❗❗速度冲❗❗只买便宜的❗❗GOGOGO❗❗快快来吧宝们！#星推官计划##好物推选官##天猫年货节#【现价】156元农夫山泉NFC橙汁果汁饮料100%鲜果冷压榨橙子冷压榨300ml*24瓶整箱装收起d",https://weibo.com/5783937430/Mmccvk2Bq?refer_flag=1001030103_,财迷小帅锅,财迷小帅锅的小店,https://weibo.com/5783937430?refer_flag=1001030103_,0,0,0,财迷小帅锅,男,优惠券神单冲冲冲,164205,2728,浙江,65704,True,"https://tvax2.sinaimg.cn/crop.0.0.320.320.180/006jqOloly8hjci8qjkn9j308w08wq34.jpg?KID=imgbed,tva&Expires=1710093312&ssig=QBK%2B55iDR8",公共媒体,5.215386377139992,微博个人认证(黄V)
6033235343	,4852899467496787	,2023-01-01 00:40:00,vx小c序：农夫山泉好水旺财兔年吉祥抽兔年水(它家我抽了好多年一瓶没中过),https://weibo.com/6033235343/Mmc9IvsfV?refer_flag=1001030103_,一只啃白菜的泰迪,微博 weibo.com,https://weibo.com/6033235343?refer_flag=1001030103_,0,2,1,一只啃白菜的泰迪,女,禁言了 关注@一只灰翔的泰DI,182123,1193,陕西,223903,False,"https://tvax4.sinaimg.cn/crop.0.0.995.995.180/006AiQ7tly8h8xzaq70gej30rn0rnzmm.jpg?KID=imgbed,tva&Expires=1710093313&ssig=DxWx%2FNPgx%2F",公共媒体,5.2603647955605695,无认证
3686034114	,4852899341926659	,2023-01-01 00:40:00,#农夫山泉生肖典藏#抽！不！到！,https://weibo.com/3686034114/Mmc9w85d9?refer_flag=1001030103_,突突突的树,逢考必过的Android,https://weibo.com/3686034114?refer_flag=1001030103_,0,0,0,突突突的树,女,皆得所愿,142,158,陕西,3559,False,"https://tvax3.sinaimg.cn/crop.0.0.970.970.180/dbb46ac2ly8hlj1d7a5knj20qy0qymz5.jpg?KID=imgbed,tva&Expires=1710093314&ssig=iWf5PvsQ6a",nan,nan,无认证
1778188431	,4852898167785163	,2023-01-01 00:35:00,迎来了2023年～工作室也陆续在添置新年氛围好物天再冷，一个人也要好好吃饭哦外卖点了一份pizza🍕自制了荔枝口味的调酒太幸运了，盼来了农夫山泉2023年的兔金水而且生肖瓶是只送不卖，还限量用气泡水来佐餐可太有仪式感了！！长白山的低钠淡矿泉，口感真的很赞！新年用来跟亲戚朋友聚餐～满满的新年氛围太适合不过了#农夫山泉生肖典藏##农夫山泉##好水旺财兔年吉祥#LSILVIA_LII的微博视频收起d,https://weibo.com/1778188431/Mmc7CwFh9?refer_flag=1001030103_,SILVIA_LII,iPhone客户端,https://weibo.com/1778188431?refer_flag=1001030103_,0,0,1,SILVIA_LII,女,小红书同名,819,276,其他,37,False,"https://tvax2.sinaimg.cn/crop.0.0.1080.1080.180/69fd008fly8ggfcxbyazgj20u00u0wg1.jpg?KID=imgbed,tva&Expires=1710093315&ssig=RLfdvXxPtZ",nan,nan,无认证
3828607336	,4852897650575133	,2023-01-01 00:33:00,随手这么一抽…一定是我老公代言过农夫山泉才这么好运吧我2023幸运！@朱一龙@农夫山泉,https://weibo.com/3828607336/Mmc6N2pCl?refer_flag=1001030103_,defineTender,iPhone 13 Pro Max,https://weibo.com/3828607336?refer_flag=1001030103_,0,0,0,defineTender,男,表演这件事本来就没有目的地 ​​🎬 赢了就有答案🏅,15,21,其他,5666,False,"https://tvax3.sinaimg.cn/crop.0.0.512.512.180/e433e968ly8hmm9puskxuj20e80e8q3g.jpg?KID=imgbed,tva&Expires=1710093316&ssig=7WeLzECnjU",nan,nan,无认证
6522981537	,4852896879095508	,2023-01-01 00:16:00,抱歉，此微博已被作者删除。查看帮助：O网页链接,https://weibo.com//MmbZP7mbl?refer_flag=1001030103_,今天也在不快乐咕咕,NULL,https://weibo.com/6522981537?refer_flag=1001030103_,0,0,0,今天也在不快乐咕咕,女,靠爱发电随缘码字/画图人｜cp洁癖严重请把我当做无cp党｜深度gk,135,253,江苏,1993,True,"https://tvax2.sinaimg.cn/crop.0.0.1080.1080.180/0077rLtDly8h88guzo2jij30u00u0jt5.jpg?KID=imgbed,tva&Expires=1710093316&ssig=mNBZEsC34Y",nan,nan,微博个人认证(黄V)
2155447320	,4852896683004489	,2023-01-01 00:29:00,vx小程序：农夫山泉好水旺财兔年吉祥抽兔年水,https://weibo.com/2155447320/Mmc5ecBBv?refer_flag=1001030103_,-小羊羊羊羊-,NULL,https://weibo.com/2155447320?refer_flag=1001030103_,0,1,1,-小羊羊羊羊-,女,小号“小羊2号机”,443955,145,其他,401707,False,"https://tvax1.sinaimg.cn/crop.0.0.1080.1080.180/80798418ly8gxcnhcq4fcj20u00u0tai.jpg?KID=imgbed,tva&Expires=1710093317&ssig=agidBsGuvu",公共媒体,5.647338951551286,无认证
5338644313	,4852896649456151	,2023-01-01 00:29:00,vx小c序：农夫山泉好水旺财兔年吉祥抽兔年水(它家我抽了好多年一瓶没中过),https://weibo.com/5338644313/Mmc5aDFYz?refer_flag=1001030103_,团子羊毛达人,微博 weibo.com,https://weibo.com/5338644313?refer_flag=1001030103_,0,0,0,团子羊毛达人,男,整理信件 看着岁月里的往来 数载光阴一些人早已杳无音信 不知所踪,129,41,山东 泰安,436,False,"https://tvax1.sinaimg.cn/crop.0.0.200.200.180/005Pipglly8h63nrfpb7dj305k05kglh.jpg?KID=imgbed,tva&Expires=1710093318&ssig=sSSX%2Bd1moU",nan,nan,无认证
7578843862	,4852895843361908	,2023-01-01 00:16:00,抱歉，此微博已被作者删除。查看帮助：O网页链接,https://weibo.com//MmbZP7mbl?refer_flag=1001030103_,阿白了个拜,NULL,https://weibo.com/7578843862?refer_flag=1001030103_,0,0,0,阿白了个拜,男,,3,943,其他,117,False,"https://tvax2.sinaimg.cn/crop.0.0.750.750.180/008gU3v8ly8goydegrxruj30ku0kujrd.jpg?KID=imgbed,tva&Expires=1710093319&ssig=Pq%2F8ylQEkk",nan,nan,无认证
6327208431	,4852895751092526	,2023-01-01 00:16:00,抱歉，此微博已被作者删除。查看帮助：O网页链接,https://weibo.com//MmbZP7mbl?refer_flag=1001030103_,人难当屎难吃,NULL,https://weibo.com/6327208431?refer_flag=1001030103_,0,0,0,人难当屎难吃,男,情绪稳定最重要了,19,278,甘肃 庆阳,3231,False,"https://tvax4.sinaimg.cn/crop.0.0.960.960.180/006UcjWTly8hhq70mjawvj30qo0qo41t.jpg?KID=imgbed,tva&Expires=1710093319&ssig=MCCw77Iok5",nan,nan,无认证
5371906414	,4852895533766246	,2023-01-01 00:25:00,高德地图app底部-打车-新年一快乐抽奖试试反馈有中爱奇艺会员-vx小c序：农夫山泉好水旺财兔年吉祥也试试抽兔年水-天猫超市有红包雨,https://weibo.com/5371906414/Mmc3nfNLU?refer_flag=1001030103_,佩奇线报,微博 weibo.com,https://weibo.com/5371906414?refer_flag=1001030103_,0,38,14,佩奇线报,女,唯一微博:佩奇线报 商务合作请加vx：jiayihanjiaxu       ✨ 每天更新各种优质羊毛    ✨ 记得关注我哦  薅全网不同的羊毛,260681,266,重庆,32510,True,"https://tvax4.sinaimg.cn/crop.0.0.640.640.180/005RxYfQly8h5dmpcrwo5j30hs0hs3za.jpg?KID=imgbed,tva&Expires=1710093320&ssig=ojY%2Fbnexd7",公共媒体,5.416109378326511,微博个人认证(红V)
5499929678	,4853070130053257	,2023-01-01 00:16:00,抱歉，此微博已被作者删除。查看帮助：O网页链接,https://weibo.com//MmbZP7mbl?refer_flag=1001030103_,4everXKs,NULL,https://weibo.com/5499929678?refer_flag=1001030103_,0,0,0,4everXKs,女,点进我主页默认碗盆甄姬 镇魂,797,1005,海外 澳大利亚,3836,False,"https://tvax2.sinaimg.cn/crop.0.0.512.512.180/0060d8Xcly8hlsn33tzwzj30e80e80ta.jpg?KID=imgbed,tva&Expires=1710093322&ssig=one%2Fk%2Fqvww",nan,nan,无认证
1766398370	,4853069969366065	,2023-01-01 11:58:00,【打扰啦！整理了pdd好价合集🉑小伙伴们快去逛逛鸭👇】微博正文【29.9】康乐洁n95口罩30只微博正文【17.9】皖云昭N95民用口罩50只微博正文【39.9】美庄臣n95口罩*30只微博正文【39.9】美庄臣n95防护口罩*30只微博正文【28.9】宏米n95口罩25只微博正文【28.9】宏米n95医用防护口罩25只微博正文【32.9】盛恩泰n95口罩25只微博正文【36】K5pro酒精消毒喷雾器微博正文【9.9】好巴食豆腐干30包微博正文【115】满家乐海南椰子鸡2290g微博正文【41.92】芬腾玻尿酸无痕保暖套装微博正文【49】芬腾羊毛蚕丝秋衣秋裤套装微博正文【29.9】芬腾内内*3条微博正文【19.9】楂小赞碧根果500g微博正文【27】都乐黄桃罐头665g*2罐微博正文【29.8】OATLY巧克力燕麦奶1L*3瓶微博正文【10.9】300只垃圾袋微博正文【29.9】她研社安心裤12片微博正文【49.9】花王乐而雅姨妈巾72片微博正文【19.5】统一海之言饮料330ml*12瓶微博正文【14.9】妖制气垫粉扑*3枚微博正文【24.9】维达抽纸3层100抽*24包微博正文【24.9】莫小仙自热米饭*3盒微博正文【19.9】网易严选保鲜盒10件套微博正文【68】沃隆每日坚果大礼包770g微博正文【69】颐莲喷雾300ml*2瓶微博正文【29.9】美享时刻烤肠*20根微博正文【38.9】九日果汁饮料238ml*10罐微博正文【25.9】米蓓尔蓝绷带面莫6g*8包微博正文【14.9】北月湾乳酸酥330g微博正文【48.9】农夫山泉纽荷尔脐橙3kg微博正文【41.88】牛奶草莓3斤大果收起d,https://weibo.com/1766398370/MmgAIDixz?refer_flag=1001030103_,大可拱白菜,微博 weibo.com,https://weibo.com/1766398370?refer_flag=1001030103_,0,0,7,大可拱白菜,女,一个可爱的可。用心 真心❤️,1102524,105,海外 其他,742207,True,"https://tvax3.sinaimg.cn/crop.0.0.512.512.180/694919a2ly8hkslsr8tv4j20e80e8dgg.jpg?KID=imgbed,tva&Expires=1710093322&ssig=jD8nF%2FgNB1",公共媒体,6.0423880520665145,微博个人认证(红V)
6079542035	,4853069819691038	,2023-01-01 11:00:00,#好水旺财兔年吉祥#发现农夫山泉已经连续8年春节前夕推出“限量”且“只送不卖”的生肖版玻璃瓶水了。最近新推出的金兔水，设计真的也堪称一绝，有着媲美奢侈品大牌质感，农夫山泉通过用瓶身展现长白山的生态文化，把大自然与动物的奇妙关系凝结在瓶身之中，瓶身上的兔子图案细腻逼真，既精致又有内涵，高级感满满！限量十万套，参与方式是无门槛的小程序抽奖，微信搜索小程序“好水旺财兔年吉祥”就可以参与，心动时刻！#农夫山泉生肖典藏#是真的好好看，都来抽！收起d,https://weibo.com/5749767678/Mmgd0hlFM?refer_flag=1001030103_,crush-baby-,微博  weibo.com,https://weibo.com/6079542035?refer_flag=1001030103_,0,0,0,crush-baby-,女,不忘初心，方得始终,137,285,北京 平谷区,6932,False,"https://tvax3.sinaimg.cn/crop.0.0.960.960.180/006Dr8BBly8h2sylqukstj30qo0qojtx.jpg?KID=imgbed,tva&Expires=1710093323&ssig=a88wcbvXHF",nan,nan,无认证
7757780439	,4853069760433536	,2023-01-01 11:00:00,#好水旺财兔年吉祥#发现农夫山泉已经连续8年春节前夕推出“限量”且“只送不卖”的生肖版玻璃瓶水了。最近新推出的金兔水，设计真的也堪称一绝，有着媲美奢侈品大牌质感，农夫山泉通过用瓶身展现长白山的生态文化，把大自然与动物的奇妙关系凝结在瓶身之中，瓶身上的兔子图案细腻逼真，既精致又有内涵，高级感满满！限量十万套，参与方式是无门槛的小程序抽奖，微信搜索小程序“好水旺财兔年吉祥”就可以参与，心动时刻！#农夫山泉生肖典藏#是真的好好看，都来抽！收起d,https://weibo.com/5749767678/Mmgd0hlFM?refer_flag=1001030103_,Sun-lifeq,微博  weibo.com,https://weibo.com/7757780439?refer_flag=1001030103_,0,0,0,Sun-lifeq,女,,10,642,黑龙江 哈尔滨,4147,False,"https://tvax3.sinaimg.cn/crop.0.0.664.664.180/008t0R4Xly8hcjh5dt9soj30ig0igwfw.jpg?KID=imgbed,tva&Expires=1710093324&ssig=JI9hEDdFS1",nan,nan,无认证
7549531274	,4853069692807267	,2023-01-01 11:00:00,#好水旺财兔年吉祥#发现农夫山泉已经连续8年春节前夕推出“限量”且“只送不卖”的生肖版玻璃瓶水了。最近新推出的金兔水，设计真的也堪称一绝，有着媲美奢侈品大牌质感，农夫山泉通过用瓶身展现长白山的生态文化，把大自然与动物的奇妙关系凝结在瓶身之中，瓶身上的兔子图案细腻逼真，既精致又有内涵，高级感满满！限量十万套，参与方式是无门槛的小程序抽奖，微信搜索小程序“好水旺财兔年吉祥”就可以参与，心动时刻！#农夫山泉生肖典藏#是真的好好看，都来抽！收起d,https://weibo.com/5749767678/Mmgd0hlFM?refer_flag=1001030103_,林小雨咯zero,微博  weibo.com,https://weibo.com/7549531274?refer_flag=1001030103_,0,0,0,林小雨咯zero,女,,189,1357,北京 海淀区,12250,False,"https://tvax2.sinaimg.cn/crop.0.0.677.677.180/008eV3Xsly8h7az3c8g81j30it0itmxb.jpg?KID=imgbed,tva&Expires=1710093324&ssig=6QrJb0bayL",nan,nan,无认证
5642278112	,4853069584008158	,2023-01-01 11:00:00,#好水旺财兔年吉祥#发现农夫山泉已经连续8年春节前夕推出“限量”且“只送不卖”的生肖版玻璃瓶水了。最近新推出的金兔水，设计真的也堪称一绝，有着媲美奢侈品大牌质感，农夫山泉通过用瓶身展现长白山的生态文化，把大自然与动物的奇妙关系凝结在瓶身之中，瓶身上的兔子图案细腻逼真，既精致又有内涵，高级感满满！限量十万套，参与方式是无门槛的小程序抽奖，微信搜索小程序“好水旺财兔年吉祥”就可以参与，心动时刻！#农夫山泉生肖典藏#是真的好好看，都来抽！收起d,https://weibo.com/5749767678/Mmgd0hlFM?refer_flag=1001030103_,别管我了我只是一个奇行种,微博  weibo.com,https://weibo.com/5642278112?refer_flag=1001030103_,0,0,0,别管我了我只是一个奇行种,女,,30,876,其他,3341,False,"https://tvax4.sinaimg.cn/crop.0.0.1080.1080.180/0069QqhGly8h9pr209sbgj30u00u0gs9.jpg?KID=imgbed,tva&Expires=1710093325&ssig=MPhaQH1fJC",nan,nan,无认证
6318866624	,4853069416760376	,2023-01-01 11:00:00,#好水旺财兔年吉祥#发现农夫山泉已经连续8年春节前夕推出“限量”且“只送不卖”的生肖版玻璃瓶水了。最近新推出的金兔水，设计真的也堪称一绝，有着媲美奢侈品大牌质感，农夫山泉通过用瓶身展现长白山的生态文化，把大自然与动物的奇妙关系凝结在瓶身之中，瓶身上的兔子图案细腻逼真，既精致又有内涵，高级感满满！限量十万套，参与方式是无门槛的小程序抽奖，微信搜索小程序“好水旺财兔年吉祥”就可以参与，心动时刻！#农夫山泉生肖典藏#是真的好好看，都来抽！收起d,https://weibo.com/5749767678/Mmgd0hlFM?refer_flag=1001030103_,让我们一起爱护小动物吧,微博  weibo.com,https://weibo.com/6318866624?refer_flag=1001030103_,0,0,0,让我们一起爱护小动物吧,女,微笑面对一切,387,2056,北京 朝阳区,12441,False,"https://tvax1.sinaimg.cn/crop.0.0.628.628.180/006TDjRCly8h73xv44aw5j30hg0hgmy4.jpg?KID=imgbed,tva&Expires=1710093326&ssig=v%2B8WOGQ48R",nan,nan,无认证
6610986102	,4853068971638915	,2023-01-01 11:00:00,#好水旺财兔年吉祥#发现农夫山泉已经连续8年春节前夕推出“限量”且“只送不卖”的生肖版玻璃瓶水了。最近新推出的金兔水，设计真的也堪称一绝，有着媲美奢侈品大牌质感，农夫山泉通过用瓶身展现长白山的生态文化，把大自然与动物的奇妙关系凝结在瓶身之中，瓶身上的兔子图案细腻逼真，既精致又有内涵，高级感满满！限量十万套，参与方式是无门槛的小程序抽奖，微信搜索小程序“好水旺财兔年吉祥”就可以参与，心动时刻！#农夫山泉生肖典藏#是真的好好看，都来抽！收起d,https://weibo.com/5749767678/Mmgd0hlFM?refer_flag=1001030103_,区区一颗番茄,微博  weibo.com,https://weibo.com/6610986102?refer_flag=1001030103_,0,0,0,区区一颗番茄,女,破罐子破摔十级选手,151,1069,上海,18875,False,"https://tvax1.sinaimg.cn/crop.0.0.883.883.180/007dp1u6ly8hcirwk196yj30oj0ojq4s.jpg?KID=imgbed,tva&Expires=1710093326&ssig=slVSge7Jhl",nan,nan,无认证
6181658586	,4853068195173807	,2023-01-01 11:51:00,拼刀刀维达细韧3层100抽24包5人团24.9【5人团】维达细韧抽纸3层100抽24包家用面巾纸卫生纸餐巾纸整箱农夫山泉纽荷尔脐橙3KG5人团37.9【5人团】农夫山泉纽橙子3KG多规格超甜纽荷尔脐橙新鲜水果批发整箱礼盒可口可乐330ml*245人团36.9【5人团】可口可乐/雪碧/芬达/零度无糖330ml*24摩登罐装碳酸饮料冰糖心丑苹果净重4.5斤5人团17.9【5人团】万荣苹果纸加膜红富士苹果净重4.5斤80mm冰糖心丑苹果好时巧克力500g5人团39【5人团】好时巧克力500g水滴巧克奶香白巧黑巧巴旦木巧克力【3天内发货】老街口原色开心果500g5人团39.9【5人团】老街口原色开心果500g罐装大颗粒坚果炒货特产干果仁零食批发老街口奶油味夏威夷果500g5人团26.9【5人团】老街口奶油味夏威夷果500g罐装新货坚果零食小吃炒货干果年货农夫山泉NFC果汁300ml*10瓶5人团42.9【5人团】农夫山泉NFC果汁鲜榨橙汁纯果汁饮料300ml*10瓶非整箱蒙牛低脂高钙牛奶250ml×16盒5人团30.9【5人团】【10月产】蒙牛低脂高钙牛奶250ml×16盒早餐奶整箱批发囤货收起d,https://weibo.com/6181658586/MmgxRlHWv?refer_flag=1001030103_,多多小卖铺,微博 weibo.com,https://weibo.com/6181658586?refer_flag=1001030103_,0,0,0,多多小卖铺,女,拼刀刀实惠到家服务,520,4,其他,157395,False,"https://tvax4.sinaimg.cn/crop.0.0.1080.1080.180/006KlBMKly8gdyyk8bij2j30u00u00uf.jpg?KID=imgbed,tva&Expires=1710093327&ssig=60d0ONM8D1",nan,nan,无认证
1566913932	,4853068167127630	,2023-01-01 11:51:00,拼刀刀维达细韧3层100抽24包5人团24.9【5人团】维达细韧抽纸3层100抽24包家用面巾纸卫生纸餐巾纸整箱农夫山泉纽荷尔脐橙3KG5人团37.9【5人团】农夫山泉纽橙子3KG多规格超甜纽荷尔脐橙新鲜水果批发整箱礼盒可口可乐330ml*245人团36.9【5人团】可口可乐/雪碧/芬达/零度无糖330ml*24摩登罐装碳酸饮料冰糖心丑苹果净重4.5斤5人团17.9【5人团】万荣苹果纸加膜红富士苹果净重4.5斤80mm冰糖心丑苹果好时巧克力500g5人团39【5人团】好时巧克力500g水滴巧克奶香白巧黑巧巴旦木巧克力【3天内发货】老街口原色开心果500g5人团39.9【5人团】老街口原色开心果500g罐装大颗粒坚果炒货特产干果仁零食批发老街口奶油味夏威夷果500g5人团26.9【5人团】老街口奶油味夏威夷果500g罐装新货坚果零食小吃炒货干果年货农夫山泉NFC果汁300ml*10瓶5人团42.9【5人团】农夫山泉NFC果汁鲜榨橙汁纯果汁饮料300ml*10瓶非整箱蒙牛低脂高钙牛奶250ml×16盒5人团30.9【5人团】【10月产】蒙牛低脂高钙牛奶250ml×16盒早餐奶整箱批发囤货收起d,https://weibo.com/1566913932/MmgxOtUdM?refer_flag=1001030103_,猫超包邮菌,微博 weibo.com,https://weibo.com/1566913932?refer_flag=1001030103_,0,0,0,猫超包邮菌,男,猫超/PDD/狗东推荐，开心生活~,29206,107,江苏 南通,190368,False,"https://tvax3.sinaimg.cn/crop.0.0.1080.1080.180/001I2BTmly8gv70wdo703j60u00u0q4602.jpg?KID=imgbed,tva&Expires=1710093328&ssig=ChEQMA1gFd",公共媒体,4.465472080873497,无认证
7373138207	,4853067877453309	,2023-01-01 11:50:00,PDD【37.90】农夫山泉.纽橙子3KG，果径65-80mm的，需5人拼团,https://weibo.com/7373138207/MmgxlvgWF?refer_flag=1001030103_,幸运小白爱分享,微博 weibo.com,https://weibo.com/7373138207?refer_flag=1001030103_,0,1,0,幸运小白爱分享,女,,172015,71,江苏,102080,False,"https://tvax1.sinaimg.cn/crop.0.0.512.512.180/0082YW3Zly8gc1kesjviwj30e80e8wem.jpg?KID=imgbed,tva&Expires=1710093329&ssig=5fnmnbPGHb",公共媒体,5.23556631977491,无认证
7726012296	,4853160730960201	,2023-01-01 17:00:00,叮～#好水旺财兔年吉祥#广大拉丝儿请注意：您有一份来自长白山莫涯泉的新年礼物，请注意查收！从2016年的猴年典藏，这已经是农夫山泉生肖水陪伴我们的第八年啦！这是只在春节推出的限量版生肖玻璃瓶高端水，瓶身上的金兔插画，把兔的神韵展现的惟妙惟肖。水与兔的美好碰撞，精美又高级；我这种颜控真的一眼心动！同时，与设计同样珍贵的，是水源。生肖水的水源均来自长白山广袤葱郁的原始森林，珍稀的低钠淡矿泉，口感清冽柔和，每一口都是松软雪花的味道。一口畅饮，彷佛置身于长白山下，初雪拂面，辞旧迎新；对未来又有了一份新的展望！知道你们都按耐不住啦，搜索“好水旺财兔年吉祥”小程序就可以参与抽奖；今年只有限量十万套，拉丝儿们抓紧先到先得！#农夫山泉生肖典藏#L农夫山泉的微博视频收起d,https://weibo.com/3660593213/Mmiz8pvZc?refer_flag=1001030103_,时刻给自己一个好心晴,微博视频号,https://weibo.com/7726012296?refer_flag=1001030103_,0,0,0,时刻给自己一个好心晴,女,,50,2270,广东 东莞,14621,False,"https://tvax4.sinaimg.cn/crop.0.0.996.996.180/008qRyJyly8h09bu8oid1j30ro0ro0uu.jpg?KID=imgbed,tva&Expires=1710093330&ssig=7Dg%2B8pCke%2F",nan,nan,无认证
6124601061	,4853160038901114	,2023-01-01 17:56:00,TFBOYS超话怡宝@TFBOYS-王源海之言@TFBOYS-王俊凯农夫山泉@TFBOYS-易烊千玺L小小叽磨的微博视频,https://weibo.com/6124601061/MmiVZBlAm?refer_flag=1001030103_,小小叽磨,TFBOYS超话,https://weibo.com/6124601061?refer_flag=1001030103_,0,0,0,小小叽磨,女,恭喜发财！,415,1236,山西,33384,False,"https://tvax4.sinaimg.cn/crop.0.0.512.512.180/006Gucw5ly8hgnzfgbwn6j30e80e8weu.jpg?KID=imgbed,tva&Expires=1710093331&ssig=6OXG6bopy8",nan,nan,无认证
1720042973	,4853159463750340	,2023-01-01 17:54:00,20点pdd好价手慢无点击进入传送门【32.9】农夫山泉脐橙*6斤价格不对就是抢完,https://weibo.com/1720042973/MmiV4fJDm?refer_flag=1001030103_,丁丁挖白菜,丁丁挖白菜的小店,https://weibo.com/1720042973?refer_flag=1001030103_,0,1,6,丁丁挖白菜,女,每天人工精选优惠折扣！跟我一起过618！商家合作QQ936144188,2707409,182,江苏 南京,707132,True,"https://tvax4.sinaimg.cn/crop.0.0.512.512.180/6685c5ddly8hkt35nawgoj20e80e8755.jpg?KID=imgbed,tva&Expires=1710093332&ssig=j1FFgCntru",公共媒体,6.43255386826614,微博个人认证(红V)
UID,MID,发布时间,微博内容,微博链接,发布者昵称,发布来源,主页链接,转发数,评论数,点赞数,博主昵称,性别,个人签名,粉丝数,关注数,所属IP地址,微博数,是否认证,头像链接,媒体类型,log10,认证类型
UID,MID,发布时间,微博内容,微博链接,发布者昵称,发布来源,主页链接,转发数,评论数,点赞数,博主昵称,性别,个人签名,粉丝数,关注数,所属IP地址,微博数,是否认证,头像链接,媒体类型,log10,认证类型
6559702961	,4852957739483543	,2023-01-01 04:32:00,我昨天晚上做了俩个梦，一个是梦到农夫山泉卖到五块，吓死我了还好是梦，另一个怎么是梦，哎,https://weibo.com/6559702961/MmdFHDN6n?refer_flag=1001030103_,顾昕苒vov,iPhone客户端,https://weibo.com/6559702961?refer_flag=1001030103_,0,0,0,顾昕苒vov,女,🦌,224,356,湖北,731,False,"https://tvax3.sinaimg.cn/crop.0.0.828.828.180/0079VQoFly8hjptx2f1prj30n00n0wfc.jpg?KID=imgbed,tva&Expires=1710136293&ssig=TlmyTGdeAD",nan,nan,无认证
7055311779	,4852942224753124	,2023-01-01 00:16:00,抱歉，此微博已被作者删除。查看帮助：O网页链接,https://weibo.com//MmbZP7mbl?refer_flag=1001030103_,JaSm1nEe_eeee,NULL,https://weibo.com/7055311779?refer_flag=1001030103_,0,0,0,JaSm1nEe_eeee,女,「🥷🏿🐕😾🙀」hi你们好我子别拉黑我。滚圈蜜果儿一枚～🤓🥰-太陽我在這裡-子🩷dohyun🩵🪽,53,3163,其他,3983,False,"https://tvax4.sinaimg.cn/crop.0.0.1080.1080.180/007HtmThly8hcqc8old2gj30u00u0jtf.jpg?KID=imgbed,tva&Expires=1710136294&ssig=tOAF%2FkS%2FP%2B",nan,nan,无认证
6646936123	,4852933956734190	,2023-01-01 00:16:00,抱歉，此微博已被作者删除。查看帮助：O网页链接,https://weibo.com//MmbZP7mbl?refer_flag=1001030103_,小咪护卫,NULL,https://weibo.com/6646936123?refer_flag=1001030103_,0,0,0,小咪护卫,男,猫猫狗狗狂塑,1,368,江苏,561,False,"https://tvax4.sinaimg.cn/crop.0.0.471.471.180/007fPRJ9ly8hgrtvygg9fj30d30d33z8.jpg?KID=imgbed,tva&Expires=1710136294&ssig=m%2BGVZcwSkM",nan,nan,无认证
6412840998	,4852927364342200	,2023-01-01 00:16:00,抱歉，此微博已被作者删除。查看帮助：O网页链接,https://weibo.com//MmbZP7mbl?refer_flag=1001030103_,睡在螺蛳粉里的小黄,NULL,https://weibo.com/6412840998?refer_flag=1001030103_,0,0,0,睡在螺蛳粉里的小黄,女,吃了,116,659,辽宁,4503,False,"https://tvax1.sinaimg.cn/crop.0.0.996.996.180/006ZZCTkly8ggzxmizyy6j30ro0road5.jpg?KID=imgbed,tva&Expires=1710136295&ssig=MfNUnKLPRl",nan,nan,无认证
6089539965	,4852921899161635	,2023-01-01 02:10:00,练科三的时候是7月更热了起的更早了每天早出晚归中午没地方可去将近20来个人人多车少只有两辆车轮换着练每次我在车上两辆车交错行驶的时候我都能看见他笑的样子很开心他烟瘾还蛮大的很多时候都是在抽烟有种错觉每次他都是在看着我笑练科二也是这样我喜欢他笑起来的样子好看刚练的第一天我和同样家不在镇上的朋友一起在车上凑活了一中午我和他吐槽中午好热好多苍蝇也和朋友一起在镇上的小广场的长椅上度过过炎热又无聊的中午他收留过我一次那天吃的板面还有冰的农夫山泉虽然我没吃多少我们三个他请的客去到他家我们俩一起睡的床垫他在左我靠右朋友在床上躺着的那是我整个练车时候中午睡的最舒服的一次后来一起吃过镇上的盖饭就是有点报吃一开始练的时候不敢踩油门害怕但是为了追赶他的步伐也是在自己暗暗的努力不过还好科三不难后来去市里考场那边练车到考试都没什么好值得纪念的事如果有那大概就是一起坐公交去市里回来的路上坐公交过站了又被他捏着笑了好半天还有一次练车的时候我们在一辆车很长时间考试的时候我亲眼看着他考完的就这样再没什么很多时候我也在想为什么喜欢他大概是他笑起来太好看笑到我心里了也大概是喜欢和他聊天觉得很有意思记不清到底为什么了只知道他好好啊像星星一样收起d,https://weibo.com/6089539965/MmcJTCrmj?refer_flag=1001030103_,看似坚强实则被车撞也会死,iPhone客户端,https://weibo.com/6089539965?refer_flag=1001030103_,0,0,0,看似坚强实则被车撞也会死,女,,8,3,其他,39,False,"https://tvax1.sinaimg.cn/crop.0.0.512.512.180/006E75wxly8hhmux3g9qmj30e80e80t0.jpg?KID=imgbed,tva&Expires=1710136295&ssig=CFkaijNJVB",nan,nan,无认证
6112126743	,4852921348915245	,2022-12-31 11:00:00,#好水旺财兔年吉祥#崽一直在喝的@农夫山泉出兔年典藏版玻璃水啦！啊啊啊～崽最喜欢兔兔了，这波可千万不能错过！瓶身还是和以往一样模拟下落的水滴，优雅且修长，充满艺术感气息，兔兔的图案也很逼真写实，相信放在家里任何一个地方，都会忍不住多看几眼的哈哈～不跟你们说了，今年的金兔水限量十万套，还是和以往一样只送不卖！！我得赶紧去给崽蹲着......#农夫山泉生肖典藏#收起d,https://weibo.com/1642603883/Mm6Mwp2EW?refer_flag=1001030103_,暴躁吃瓜网友xh,微博  weibo.com,https://weibo.com/6112126743?refer_flag=1001030103_,0,0,0,暴躁吃瓜网友xh,女,吃瓜网友,49,590,湖南 益阳,7237,False,"https://tvax1.sinaimg.cn/crop.0.0.664.664.180/006FDRnply8fypvy3deroj30ig0igabf.jpg?KID=imgbed,tva&Expires=1710136296&ssig=o6GbiRKG3a",nan,nan,无认证
7056784157	,4852916970326660	,2023-01-01 00:16:00,抱歉，此微博已被作者删除。查看帮助：O网页链接,https://weibo.com//MmbZP7mbl?refer_flag=1001030103_,你亲爱的四舅姥爷,NULL,https://weibo.com/7056784157?refer_flag=1001030103_,0,0,0,你亲爱的四舅姥爷,女,重度粘糯圆爱好者,51,345,山东,3421,False,"https://tvax2.sinaimg.cn/crop.0.0.996.996.180/007HzxVjly8gfwlu0gs5lj30ro0rota4.jpg?KID=imgbed,tva&Expires=1710136297&ssig=VKO%2FazqT%2Bs",nan,nan,无认证
2265735484	,4852916932314297	,2023-01-01 00:16:00,抱歉，此微博已被作者删除。查看帮助：O网页链接,https://weibo.com//MmbZP7mbl?refer_flag=1001030103_,昵称想不出来叫啥,NULL,https://weibo.com/2265735484?refer_flag=1001030103_,0,0,0,昵称想不出来叫啥,男,所以这个世界到底是什么模样呢,239,777,上海 闵行区,1101,False,"https://tvax4.sinaimg.cn/crop.0.3.1242.1242.180/870c613cly8fiv367u4q1j20yi0ypgpi.jpg?KID=imgbed,tva&Expires=1710136298&ssig=C5xkBUJ0Ho",nan,nan,无认证
3821899029	,4852914629115942	,2023-01-01 00:16:00,抱歉，此微博已被作者删除。查看帮助：O网页链接,https://weibo.com//MmbZP7mbl?refer_flag=1001030103_,我孙flag先立个旗,NULL,https://weibo.com/3821899029?refer_flag=1001030103_,0,0,0,我孙flag先立个旗,男,实业误国，核酸兴邦♥️,70,70,辽宁,572,False,"https://tvax3.sinaimg.cn/crop.0.0.996.996.180/e3cd8d15ly8g8huh4m1zmj20ro0roaay.jpg?KID=imgbed,tva&Expires=1710136298&ssig=1IQjllCmP9",nan,nan,无认证
6075804870	,4852913145650420	,2023-01-01 00:16:00,抱歉，此微博已被作者删除。查看帮助：O网页链接,https://weibo.com//MmbZP7mbl?refer_flag=1001030103_,永远不老身体倍棒,NULL,https://weibo.com/6075804870?refer_flag=1001030103_,0,0,0,永远不老身体倍棒,女,爱阳光人士,126,625,河北 石家庄,938,False,"https://tvax4.sinaimg.cn/crop.0.0.1080.1080.180/006DbsoKly8h7uo7hrwxvj30u00u0ah7.jpg?KID=imgbed,tva&Expires=1710136299&ssig=3C0QtQTEsc",nan,nan,无认证
6516950261	,4852912997536951	,2022-12-31 19:00:00,让我看看还有人不知道@农夫山泉的生肖玻璃瓶水吗？矿泉水中的颜值天花板，从16年开始，农夫山泉每年临近春节前都会推出10万瓶限量版的生肖玻璃水，而且“只送不卖”！#好水旺财兔年吉祥#，今年是兔年生肖典藏瓶，兔宝宝们还不快冲？获得攻略我已经给大家查清楚了，只需要参与农夫山泉“好水旺财兔年吉祥”小程序互动抽奖活动就有机会获得！咱就是说就这颜值天花板的金兔生肖玻璃水，不管是用于摆放还是收藏，都会被人夸赞眼光好！#农夫山泉生肖典藏#收起d,https://weibo.com/282687571/Mm9Vm5Rap?refer_flag=1001030103_,屁桃味儿的D,微博  weibo.com,https://weibo.com/6516950261?refer_flag=1001030103_,0,0,0,屁桃味儿的D,女,只会哈哈哈🐰,93,349,安徽 阜阳,19146,False,"https://tvax2.sinaimg.cn/crop.0.0.828.828.180/00772ssZly8gd7lyhm68mj30n00n0mya.jpg?KID=imgbed,tva&Expires=1710136299&ssig=tA%2F3b5L3DY",nan,nan,无认证
2794284831	,4852904530282886	,2022-12-15 01:31:00,微信小程序【农夫山泉好水旺财兔年吉祥】今年是抽兔年水，写的0点开始但是现在好像还不能点你们前几年抽中过没,https://weibo.com/2794284831/MjCdCDI1D?refer_flag=1001030103_,好心天天分享,微博 weibo.com,https://weibo.com/2794284831?refer_flag=1001030103_,2,9,18,好心天天分享,女,我的小号@好心每天分享,499629,219,北京 东城区,296011,True,"https://tvax3.sinaimg.cn/crop.0.0.632.632.180/a68d671fly8hksmenu1mlj20hk0hkdge.jpg?KID=imgbed,tva&Expires=1710136300&ssig=ot%2FO39Qimd",公共媒体,5.698647638217821,微博个人认证(红V)
6103553094	,4852904122917106	,2023-01-01 00:16:00,抱歉，此微博已被作者删除。查看帮助：O网页链接,https://weibo.com//MmbZP7mbl?refer_flag=1001030103_,皛筱筱筱,NULL,https://weibo.com/6103553094?refer_flag=1001030103_,0,0,0,皛筱筱筱,女,青海 雪山 二十三 永远热爱,1124,407,安徽,5830,False,"https://tvax2.sinaimg.cn/crop.0.0.1080.1080.180/006F3SYKly8hbnzwhrvlkj30u00u03zj.jpg?KID=imgbed,tva&Expires=1710136302&ssig=Z2%2B9UG7SCE",nan,nan,无认证
5783937430	,4852901194776568	,2023-01-01 00:47:00,"农夫山泉NFC果汁饮料100%NFC橙汁300ml*24瓶整箱装【推荐理由】现货现发采用优质原汁原汁,零添加,0脂肪,纯果汁,富含维生素,果汁细腻,大人小孩都爱吃,好喝不腻,解馋喝健康又营养。☑️找优惠券自助：点击O网页链接搜索商品🧧随时发福利群❗❗进群抽奖红包❗❗下方图片领券购买❗❗⬇️⬇️⬇️有任何问题可以找博主哦！不管是找不到优惠券还是想要吐槽感情、生活都行。#微博小店#不要等没券了就只有后悔了哦！很多小可爱都有反馈超棒哦！优惠错过就没有了。❗❗速度冲❗❗只买便宜的❗❗GOGOGO❗❗快快来吧宝们！#星推官计划##好物推选官##天猫年货节#【现价】156元农夫山泉NFC橙汁果汁饮料100%鲜果冷压榨橙子冷压榨300ml*24瓶整箱装收起d",https://weibo.com/5783937430/Mmccvk2Bq?refer_flag=1001030103_,财迷小帅锅,财迷小帅锅的小店,https://weibo.com/5783937430?refer_flag=1001030103_,0,0,0,财迷小帅锅,男,优惠券神单冲冲冲,164203,2728,浙江,65704,True,"https://tvax2.sinaimg.cn/crop.0.0.320.320.180/006jqOloly8hjci8qjkn9j308w08wq34.jpg?KID=imgbed,tva&Expires=1710136302&ssig=ohhVHqmxZR",公共媒体,5.215381087445686,微博个人认证(黄V)
6033235343	,4852899467496787	,2023-01-01 00:40:00,vx小c序：农夫山泉好水旺财兔年吉祥抽兔年水(它家我抽了好多年一瓶没中过),https://weibo.com/6033235343/Mmc9IvsfV?refer_flag=1001030103_,一只啃白菜的泰迪,微博 weibo.com,https://weibo.com/6033235343?refer_flag=1001030103_,0,2,1,一只啃白菜的泰迪,女,禁言了 关注@一只灰翔的泰DI,182117,1194,陕西,224072,False,"https://tvax4.sinaimg.cn/crop.0.0.995.995.180/006AiQ7tly8h8xzaq70gej30rn0rnzmm.jpg?KID=imgbed,tva&Expires=1710136303&ssig=KkjCItN2Fs",公共媒体,5.26035048759389,无认证
3686034114	,4852899341926659	,2023-01-01 00:40:00,#农夫山泉生肖典藏#抽！不！到！,https://weibo.com/3686034114/Mmc9w85d9?refer_flag=1001030103_,突突突的树,逢考必过的Android,https://weibo.com/3686034114?refer_flag=1001030103_,0,0,0,突突突的树,女,皆得所愿,142,158,陕西,3559,False,"https://tvax3.sinaimg.cn/crop.0.0.970.970.180/dbb46ac2ly8hlj1d7a5knj20qy0qymz5.jpg?KID=imgbed,tva&Expires=1710136304&ssig=Ql2ukjgqVB",nan,nan,无认证
1778188431	,4852898167785163	,2023-01-01 00:35:00,迎来了2023年～工作室也陆续在添置新年氛围好物天再冷，一个人也要好好吃饭哦外卖点了一份pizza🍕自制了荔枝口味的调酒太幸运了，盼来了农夫山泉2023年的兔金水而且生肖瓶是只送不卖，还限量用气泡水来佐餐可太有仪式感了！！长白山的低钠淡矿泉，口感真的很赞！新年用来跟亲戚朋友聚餐～满满的新年氛围太适合不过了#农夫山泉生肖典藏##农夫山泉##好水旺财兔年吉祥#LSILVIA_LII的微博视频收起d,https://weibo.com/1778188431/Mmc7CwFh9?refer_flag=1001030103_,SILVIA_LII,iPhone客户端,https://weibo.com/1778188431?refer_flag=1001030103_,0,0,1,SILVIA_LII,女,小红书同名,819,276,其他,37,False,"https://tvax2.sinaimg.cn/crop.0.0.1080.1080.180/69fd008fly8ggfcxbyazgj20u00u0wg1.jpg?KID=imgbed,tva&Expires=1710136304&ssig=VBVVywf4hq",nan,nan,无认证
3828607336	,4852897650575133	,2023-01-01 00:33:00,随手这么一抽…一定是我老公代言过农夫山泉才这么好运吧我2023幸运！@朱一龙@农夫山泉,https://weibo.com/3828607336/Mmc6N2pCl?refer_flag=1001030103_,defineTender,iPhone 13 Pro Max,https://weibo.com/3828607336?refer_flag=1001030103_,0,0,0,defineTender,男,表演这件事本来就没有目的地 ​​🎬 赢了就有答案🏅,15,21,其他,5666,False,"https://tvax3.sinaimg.cn/crop.0.0.512.512.180/e433e968ly8hmm9puskxuj20e80e8q3g.jpg?KID=imgbed,tva&Expires=1710136305&ssig=08d9%2BlR72z",nan,nan,无认证
6522981537	,4852896879095508	,2023-01-01 00:16:00,抱歉，此微博已被作者删除。查看帮助：O网页链接,https://weibo.com//MmbZP7mbl?refer_flag=1001030103_,今天也在不快乐咕咕,NULL,https://weibo.com/6522981537?refer_flag=1001030103_,0,0,0,今天也在不快乐咕咕,女,靠爱发电随缘码字/画图人｜cp洁癖严重请把我当做无cp党｜深度gk,135,253,江苏,1993,True,"https://tvax2.sinaimg.cn/crop.0.0.1080.1080.180/0077rLtDly8h88guzo2jij30u00u0jt5.jpg?KID=imgbed,tva&Expires=1710136305&ssig=QfUznX2D8v",nan,nan,微博个人认证(黄V)
2155447320	,4852896683004489	,2023-01-01 00:29:00,vx小程序：农夫山泉好水旺财兔年吉祥抽兔年水,https://weibo.com/2155447320/Mmc5ecBBv?refer_flag=1001030103_,-小羊羊羊羊-,NULL,https://weibo.com/2155447320?refer_flag=1001030103_,0,1,1,-小羊羊羊羊-,女,小号“小羊2号机”,443956,145,其他,401764,False,"https://tvax1.sinaimg.cn/crop.0.0.1080.1080.180/80798418ly8gxcnhcq4fcj20u00u0tai.jpg?KID=imgbed,tva&Expires=1710136306&ssig=eS54%2FHYJQs",公共媒体,5.647339929790055,无认证
5338644313	,4852896649456151	,2023-01-01 00:29:00,vx小c序：农夫山泉好水旺财兔年吉祥抽兔年水(它家我抽了好多年一瓶没中过),https://weibo.com/5338644313/Mmc5aDFYz?refer_flag=1001030103_,团子羊毛达人,微博 weibo.com,https://weibo.com/5338644313?refer_flag=1001030103_,0,0,0,团子羊毛达人,男,整理信件 看着岁月里的往来 数载光阴一些人早已杳无音信 不知所踪,129,41,山东 泰安,436,False,"https://tvax1.sinaimg.cn/crop.0.0.200.200.180/005Pipglly8h63nrfpb7dj305k05kglh.jpg?KID=imgbed,tva&Expires=1710136307&ssig=XUiZkrpO5H",nan,nan,无认证
7578843862	,4852895843361908	,2023-01-01 00:16:00,抱歉，此微博已被作者删除。查看帮助：O网页链接,https://weibo.com//MmbZP7mbl?refer_flag=1001030103_,阿白了个拜,NULL,https://weibo.com/7578843862?refer_flag=1001030103_,0,0,0,阿白了个拜,男,,3,943,其他,117,False,"https://tvax2.sinaimg.cn/crop.0.0.750.750.180/008gU3v8ly8goydegrxruj30ku0kujrd.jpg?KID=imgbed,tva&Expires=1710136308&ssig=f8Bg%2FHHGsl",nan,nan,无认证
6327208431	,4852895751092526	,2023-01-01 00:16:00,抱歉，此微博已被作者删除。查看帮助：O网页链接,https://weibo.com//MmbZP7mbl?refer_flag=1001030103_,人难当屎难吃,NULL,https://weibo.com/6327208431?refer_flag=1001030103_,0,0,0,人难当屎难吃,男,情绪稳定最重要了,19,278,甘肃 庆阳,3231,False,"https://tvax4.sinaimg.cn/crop.0.0.960.960.180/006UcjWTly8hhq70mjawvj30qo0qo41t.jpg?KID=imgbed,tva&Expires=1710136309&ssig=kXNPfa3GwY",nan,nan,无认证
5371906414	,4852895533766246	,2023-01-01 00:25:00,高德地图app底部-打车-新年一快乐抽奖试试反馈有中爱奇艺会员-vx小c序：农夫山泉好水旺财兔年吉祥也试试抽兔年水-天猫超市有红包雨,https://weibo.com/5371906414/Mmc3nfNLU?refer_flag=1001030103_,佩奇线报,微博 weibo.com,https://weibo.com/5371906414?refer_flag=1001030103_,0,38,14,佩奇线报,女,唯一微博:佩奇线报 商务合作请加vx：jiayihanjiaxu       ✨ 每天更新各种优质羊毛    ✨ 记得关注我哦  薅全网不同的羊毛,260672,266,重庆,32533,True,"https://tvax4.sinaimg.cn/crop.0.0.640.640.180/005RxYfQly8h5dmpcrwo5j30hs0hs3za.jpg?KID=imgbed,tva&Expires=1710136309&ssig=VJY%2BgxttVD",公共媒体,5.4160943840698845,微博个人认证(红V)
1904377343	,4852894538668837	,2023-01-01 00:21:00,vx小c序：农夫山泉好水旺财兔年吉祥抽兔年水,https://weibo.com/1904377343/Mmc1LAn9X?refer_flag=1001030103_,屁屁妈是Me,微博 weibo.com,https://weibo.com/1904377343?refer_flag=1001030103_,0,2,0,屁屁妈是Me,女,薅社会主义的羊毛,126059,342,广东 深圳,410605,False,"https://tvax1.sinaimg.cn/crop.0.0.995.995.180/71827dffly8h0ow4fz6kfj20rn0rnta8.jpg?KID=imgbed,tva&Expires=1710136310&ssig=Pt%2BpURJL%2BD",公共媒体,5.100573857634872,无认证
3461118710	,4852894514288729	,2023-01-01 00:21:00,拼多多拼团互助超话只差一个农夫山泉NFC,https://weibo.com/3461118710/Mmc1JhZH3?refer_flag=1001030103_,存钱1号,拼多多拼团互助超话,https://weibo.com/3461118710?refer_flag=1001030103_,0,1,0,存钱1号,男,,1,95,安徽 安庆,39,False,"https://tvax1.sinaimg.cn/crop.0.0.1080.1080.180/ce4c7af6ly8hbvb20w7ydj20u00u0acg.jpg?KID=imgbed,tva&Expires=1710136311&ssig=qY0R8DLmZD",nan,nan,无认证
1002984302	,4852894379024326	,2023-01-01 00:20:00,1.vx小c序：农夫山泉好水旺财兔年吉祥抽兔年水2.小荭书搜雅诗兰黛冻龄白金面霜,https://weibo.com/1002984302/Mmc1vBRDE?refer_flag=1001030103_,猪八戒拱白菜,微博 weibo.com,https://weibo.com/1002984302?refer_flag=1001030103_,0,0,0,猪八戒拱白菜,男,大家好！我是二师兄~,347150,29,福建 福州,207933,True,"https://tvax4.sinaimg.cn/crop.0.20.426.426.180/3bc8536ely8fsoil52ok3j20bu0dwaaa.jpg?KID=imgbed,tva&Expires=1710136312&ssig=6IQzEclc3Y",公共媒体,5.540517169592572,微博个人认证(黄V)
1861726655	,4852894366707042	,2023-01-01 00:20:00,1.vx小c序：农夫山泉好水旺财兔年吉祥抽兔年水2.小荭书搜雅诗兰黛冻龄白金面霜,https://weibo.com/1861726655/Mmc1us8O6?refer_flag=1001030103_,小新白菜王,微博 weibo.com,https://weibo.com/1861726655?refer_flag=1001030103_,0,0,1,小新白菜王,男,限流进主页  个人博,351883,30,福建 福州,232621,False,"https://tvax4.sinaimg.cn/crop.0.0.177.177.180/6ef7b1bfly8gxd6fyqo11j204x04ymwz.jpg?KID=imgbed,tva&Expires=1710136313&ssig=%2FDjyiNV77m",公共媒体,5.546398285918649,无认证
3461118710	,4852894283609407	,2023-01-01 00:20:00,拼多多百亿补贴拼团超话NFC农夫山泉只差一个了,https://weibo.com/3461118710/Mmc1mf8Yf?refer_flag=1001030103_,存钱1号,拼多多百亿补贴拼团超话,https://weibo.com/3461118710?refer_flag=1001030103_,0,0,0,存钱1号,男,,1,95,安徽 安庆,39,False,"https://tvax1.sinaimg.cn/crop.0.0.1080.1080.180/ce4c7af6ly8hbvb20w7ydj20u00u0acg.jpg?KID=imgbed,tva&Expires=1710136313&ssig=JO7n9wMsT3",nan,nan,无认证
7386583071	,4852894165634343	,2023-01-01 00:19:00,vx小c序：农夫山泉好水旺财兔年吉祥抽兔年水,https://weibo.com/7386583071/Mmc1anDKv?refer_flag=1001030103_,线报小郎君,微博 weibo.com,https://weibo.com/7386583071?refer_flag=1001030103_,0,0,0,线报小郎君,男,关注我，日常安利分享,10140,59,浙江,27005,False,"https://tvax3.sinaimg.cn/crop.0.0.479.479.180/0083TlGDly8hkxtl2i7suj30db0dbaac.jpg?KID=imgbed,tva&Expires=1710136314&ssig=ZrGOty706A",公共媒体,4.006037954997317,无认证
6975808865	,4852890361139756	,2023-01-01 00:04:00,拼多多拼团群超话农夫山泉nfc果汁,https://weibo.com/6975808865/MmbV24Mva?refer_flag=1001030103_,Tucker201901,拼多多拼团群超话,https://weibo.com/6975808865?refer_flag=1001030103_,0,0,0,Tucker201901,男,,28,591,其他,189,False,"https://tvax4.sinaimg.cn/crop.0.0.996.996.180/007C5Mydly8gk8uc7942uj30ro0roq82.jpg?KID=imgbed,tva&Expires=1710136315&ssig=j29ERQr8rg",nan,nan,无认证
5645584808	,4852889623739785	,2023-01-01 00:01:00,"#2022年终总结#整理了下这一整年的生活碎片就像把2022收拾好再跟它告别📦我的生命时刻在跳动、更新、寓瞬息于无穷的光焰这一年内心自我的起伏变化似乎更大了买了车落了户成为了农夫山泉年纪最小的管理层但是有些深陷痛苦的时刻只有自己知道进步是更加敢于做自己内心也更加地有力量感了更加清晰地认识到：我人生的课题不必急求答案但不能停止解题因为我的人生里有太多爱的人要去守护2023是一个真正意义上的新的启程已为自己设定了动身的目的地我深知它需要更大的勇气和信心希望自己时刻保持对生活的敬畏不要停止感受与思考最后希望自己带着这段话走进2023：Ifyoucan’tfly,run;ifyoucan’trun,walk;ifyoucan’twalk,crawl.Butbyallmeans,keepmoving.———MartinLutherKing收起d",https://weibo.com/5645584808/MmbTQfGT7?refer_flag=1001030103_,小邓的星河,iPhone客户端,https://weibo.com/5645584808?refer_flag=1001030103_,0,6,3,小邓的星河,女,且行且随风,1907,446,其他,929,False,"https://tvax4.sinaimg.cn/crop.0.0.1080.1080.180/006a4ivuly8hkya18hhknj30u00u0mzj.jpg?KID=imgbed,tva&Expires=1710136315&ssig=Gco9Rpk34G",nan,nan,无认证
1556514185	,4852889169716139	,2023-01-01 00:00:00,肖战超话#2023给肖战的心愿锦囊#xz#非正式跨年派对#xz#肖战骄阳伴我#肖烟四起，为战而来；肖战的腰，夺命的刀；肖战的笑，上瘾的药；农夫山泉有点甜，不爱肖战有点悬；肖战2个字看起来太独特，读起来太骄傲，写起来太顺手低调低调；战哥驾到，不要掌声，只要尖叫吾等愿陪公子直到永远@X玖少年团肖战DAYTOY肖战平安喜乐，顺顺利利，未来可期！#肖战#xz#肖战肖战工作室#肖战好帅！肖战我喜欢你我喜欢肖战@肖战工作室一起在演唱的《我们都将奔赴美好未来》中感受热爱与逐梦不止的激情。L精彩直播片段收起d,https://weibo.com/1556514185/MmbT6ELBV?refer_flag=1001030103_,冬雪叶飘零,肖战超话,https://weibo.com/1556514185?refer_flag=1001030103_,0,18,4,冬雪叶飘零,女,,1697,3872,河南 平顶山,21524,True,"https://tvax2.sinaimg.cn/crop.0.0.996.996.180/001HkYrvly8gv4w1zzh3sj60ro0romyw02.jpg?KID=imgbed,tva&Expires=1710136317&ssig=z%2FANqXS%2FI0",nan,nan,微博个人认证(黄V)
5499929678	,4853070130053257	,2023-01-01 00:16:00,抱歉，此微博已被作者删除。查看帮助：O网页链接,https://weibo.com//MmbZP7mbl?refer_flag=1001030103_,4everXKs,NULL,https://weibo.com/5499929678?refer_flag=1001030103_,0,0,0,4everXKs,女,点进我主页默认碗盆甄姬 镇魂,797,1005,海外 澳大利亚,3836,False,"https://tvax2.sinaimg.cn/crop.0.0.512.512.180/0060d8Xcly8hlsn33tzwzj30e80e80ta.jpg?KID=imgbed,tva&Expires=1710136319&ssig=oE%2BINYINW%2F",nan,nan,无认证
1766398370	,4853069969366065	,2023-01-01 11:58:00,【打扰啦！整理了pdd好价合集🉑小伙伴们快去逛逛鸭👇】微博正文【29.9】康乐洁n95口罩30只微博正文【17.9】皖云昭N95民用口罩50只微博正文【39.9】美庄臣n95口罩*30只微博正文【39.9】美庄臣n95防护口罩*30只微博正文【28.9】宏米n95口罩25只微博正文【28.9】宏米n95医用防护口罩25只微博正文【32.9】盛恩泰n95口罩25只微博正文【36】K5pro酒精消毒喷雾器微博正文【9.9】好巴食豆腐干30包微博正文【115】满家乐海南椰子鸡2290g微博正文【41.92】芬腾玻尿酸无痕保暖套装微博正文【49】芬腾羊毛蚕丝秋衣秋裤套装微博正文【29.9】芬腾内内*3条微博正文【19.9】楂小赞碧根果500g微博正文【27】都乐黄桃罐头665g*2罐微博正文【29.8】OATLY巧克力燕麦奶1L*3瓶微博正文【10.9】300只垃圾袋微博正文【29.9】她研社安心裤12片微博正文【49.9】花王乐而雅姨妈巾72片微博正文【19.5】统一海之言饮料330ml*12瓶微博正文【14.9】妖制气垫粉扑*3枚微博正文【24.9】维达抽纸3层100抽*24包微博正文【24.9】莫小仙自热米饭*3盒微博正文【19.9】网易严选保鲜盒10件套微博正文【68】沃隆每日坚果大礼包770g微博正文【69】颐莲喷雾300ml*2瓶微博正文【29.9】美享时刻烤肠*20根微博正文【38.9】九日果汁饮料238ml*10罐微博正文【25.9】米蓓尔蓝绷带面莫6g*8包微博正文【14.9】北月湾乳酸酥330g微博正文【48.9】农夫山泉纽荷尔脐橙3kg微博正文【41.88】牛奶草莓3斤大果收起d,https://weibo.com/1766398370/MmgAIDixz?refer_flag=1001030103_,大可拱白菜,微博 weibo.com,https://weibo.com/1766398370?refer_flag=1001030103_,0,0,7,大可拱白菜,女,一个可爱的可。用心 真心❤️,1102483,105,海外 其他,742312,True,"https://tvax3.sinaimg.cn/crop.0.0.512.512.180/694919a2ly8hkslsr8tv4j20e80e8dgg.jpg?KID=imgbed,tva&Expires=1710136319&ssig=4l975eHGT1",公共媒体,6.042371901483991,微博个人认证(红V)
6079542035	,4853069819691038	,2023-01-01 11:00:00,#好水旺财兔年吉祥#发现农夫山泉已经连续8年春节前夕推出“限量”且“只送不卖”的生肖版玻璃瓶水了。最近新推出的金兔水，设计真的也堪称一绝，有着媲美奢侈品大牌质感，农夫山泉通过用瓶身展现长白山的生态文化，把大自然与动物的奇妙关系凝结在瓶身之中，瓶身上的兔子图案细腻逼真，既精致又有内涵，高级感满满！限量十万套，参与方式是无门槛的小程序抽奖，微信搜索小程序“好水旺财兔年吉祥”就可以参与，心动时刻！#农夫山泉生肖典藏#是真的好好看，都来抽！收起d,https://weibo.com/5749767678/Mmgd0hlFM?refer_flag=1001030103_,crush-baby-,微博  weibo.com,https://weibo.com/6079542035?refer_flag=1001030103_,0,0,0,crush-baby-,女,不忘初心，方得始终,137,285,北京 平谷区,6934,False,"https://tvax3.sinaimg.cn/crop.0.0.960.960.180/006Dr8BBly8h2sylqukstj30qo0qojtx.jpg?KID=imgbed,tva&Expires=1710136320&ssig=%2FVVryMRSVt",nan,nan,无认证
7757780439	,4853069760433536	,2023-01-01 11:00:00,#好水旺财兔年吉祥#发现农夫山泉已经连续8年春节前夕推出“限量”且“只送不卖”的生肖版玻璃瓶水了。最近新推出的金兔水，设计真的也堪称一绝，有着媲美奢侈品大牌质感，农夫山泉通过用瓶身展现长白山的生态文化，把大自然与动物的奇妙关系凝结在瓶身之中，瓶身上的兔子图案细腻逼真，既精致又有内涵，高级感满满！限量十万套，参与方式是无门槛的小程序抽奖，微信搜索小程序“好水旺财兔年吉祥”就可以参与，心动时刻！#农夫山泉生肖典藏#是真的好好看，都来抽！收起d,https://weibo.com/5749767678/Mmgd0hlFM?refer_flag=1001030103_,Sun-lifeq,微博  weibo.com,https://weibo.com/7757780439?refer_flag=1001030103_,0,0,0,Sun-lifeq,女,,10,642,黑龙江 哈尔滨,4149,False,"https://tvax3.sinaimg.cn/crop.0.0.664.664.180/008t0R4Xly8hcjh5dt9soj30ig0igwfw.jpg?KID=imgbed,tva&Expires=1710136321&ssig=Plg9n4L9gP",nan,nan,无认证
7549531274	,4853069692807267	,2023-01-01 11:00:00,#好水旺财兔年吉祥#发现农夫山泉已经连续8年春节前夕推出“限量”且“只送不卖”的生肖版玻璃瓶水了。最近新推出的金兔水，设计真的也堪称一绝，有着媲美奢侈品大牌质感，农夫山泉通过用瓶身展现长白山的生态文化，把大自然与动物的奇妙关系凝结在瓶身之中，瓶身上的兔子图案细腻逼真，既精致又有内涵，高级感满满！限量十万套，参与方式是无门槛的小程序抽奖，微信搜索小程序“好水旺财兔年吉祥”就可以参与，心动时刻！#农夫山泉生肖典藏#是真的好好看，都来抽！收起d,https://weibo.com/5749767678/Mmgd0hlFM?refer_flag=1001030103_,林小雨咯zero,微博  weibo.com,https://weibo.com/7549531274?refer_flag=1001030103_,0,0,0,林小雨咯zero,女,,189,1357,北京 海淀区,12250,False,"https://tvax2.sinaimg.cn/crop.0.0.677.677.180/008eV3Xsly8h7az3c8g81j30it0itmxb.jpg?KID=imgbed,tva&Expires=1710136321&ssig=swWCq%2FX8dl",nan,nan,无认证
5642278112	,4853069584008158	,2023-01-01 11:00:00,#好水旺财兔年吉祥#发现农夫山泉已经连续8年春节前夕推出“限量”且“只送不卖”的生肖版玻璃瓶水了。最近新推出的金兔水，设计真的也堪称一绝，有着媲美奢侈品大牌质感，农夫山泉通过用瓶身展现长白山的生态文化，把大自然与动物的奇妙关系凝结在瓶身之中，瓶身上的兔子图案细腻逼真，既精致又有内涵，高级感满满！限量十万套，参与方式是无门槛的小程序抽奖，微信搜索小程序“好水旺财兔年吉祥”就可以参与，心动时刻！#农夫山泉生肖典藏#是真的好好看，都来抽！收起d,https://weibo.com/5749767678/Mmgd0hlFM?refer_flag=1001030103_,别管我了我只是一个奇行种,微博  weibo.com,https://weibo.com/5642278112?refer_flag=1001030103_,0,0,0,别管我了我只是一个奇行种,女,,30,876,其他,3342,False,"https://tvax4.sinaimg.cn/crop.0.0.1080.1080.180/0069QqhGly8h9pr209sbgj30u00u0gs9.jpg?KID=imgbed,tva&Expires=1710136322&ssig=ayV1r94wxf",nan,nan,无认证
6318866624	,4853069416760376	,2023-01-01 11:00:00,#好水旺财兔年吉祥#发现农夫山泉已经连续8年春节前夕推出“限量”且“只送不卖”的生肖版玻璃瓶水了。最近新推出的金兔水，设计真的也堪称一绝，有着媲美奢侈品大牌质感，农夫山泉通过用瓶身展现长白山的生态文化，把大自然与动物的奇妙关系凝结在瓶身之中，瓶身上的兔子图案细腻逼真，既精致又有内涵，高级感满满！限量十万套，参与方式是无门槛的小程序抽奖，微信搜索小程序“好水旺财兔年吉祥”就可以参与，心动时刻！#农夫山泉生肖典藏#是真的好好看，都来抽！收起d,https://weibo.com/5749767678/Mmgd0hlFM?refer_flag=1001030103_,让我们一起爱护小动物吧,微博  weibo.com,https://weibo.com/6318866624?refer_flag=1001030103_,0,0,0,让我们一起爱护小动物吧,女,微笑面对一切,387,2056,北京 朝阳区,12440,False,"https://tvax1.sinaimg.cn/crop.0.0.628.628.180/006TDjRCly8h73xv44aw5j30hg0hgmy4.jpg?KID=imgbed,tva&Expires=1710136322&ssig=hYWhZJD4%2Bv",nan,nan,无认证
6610986102	,4853068971638915	,2023-01-01 11:00:00,#好水旺财兔年吉祥#发现农夫山泉已经连续8年春节前夕推出“限量”且“只送不卖”的生肖版玻璃瓶水了。最近新推出的金兔水，设计真的也堪称一绝，有着媲美奢侈品大牌质感，农夫山泉通过用瓶身展现长白山的生态文化，把大自然与动物的奇妙关系凝结在瓶身之中，瓶身上的兔子图案细腻逼真，既精致又有内涵，高级感满满！限量十万套，参与方式是无门槛的小程序抽奖，微信搜索小程序“好水旺财兔年吉祥”就可以参与，心动时刻！#农夫山泉生肖典藏#是真的好好看，都来抽！收起d,https://weibo.com/5749767678/Mmgd0hlFM?refer_flag=1001030103_,区区一颗番茄,微博  weibo.com,https://weibo.com/6610986102?refer_flag=1001030103_,0,0,0,区区一颗番茄,女,破罐子破摔十级选手,151,1069,上海,18875,False,"https://tvax1.sinaimg.cn/crop.0.0.883.883.180/007dp1u6ly8hcirwk196yj30oj0ojq4s.jpg?KID=imgbed,tva&Expires=1710136323&ssig=myearOA6v2",nan,nan,无认证
6181658586	,4853068195173807	,2023-01-01 11:51:00,拼刀刀维达细韧3层100抽24包5人团24.9【5人团】维达细韧抽纸3层100抽24包家用面巾纸卫生纸餐巾纸整箱农夫山泉纽荷尔脐橙3KG5人团37.9【5人团】农夫山泉纽橙子3KG多规格超甜纽荷尔脐橙新鲜水果批发整箱礼盒可口可乐330ml*245人团36.9【5人团】可口可乐/雪碧/芬达/零度无糖330ml*24摩登罐装碳酸饮料冰糖心丑苹果净重4.5斤5人团17.9【5人团】万荣苹果纸加膜红富士苹果净重4.5斤80mm冰糖心丑苹果好时巧克力500g5人团39【5人团】好时巧克力500g水滴巧克奶香白巧黑巧巴旦木巧克力【3天内发货】老街口原色开心果500g5人团39.9【5人团】老街口原色开心果500g罐装大颗粒坚果炒货特产干果仁零食批发老街口奶油味夏威夷果500g5人团26.9【5人团】老街口奶油味夏威夷果500g罐装新货坚果零食小吃炒货干果年货农夫山泉NFC果汁300ml*10瓶5人团42.9【5人团】农夫山泉NFC果汁鲜榨橙汁纯果汁饮料300ml*10瓶非整箱蒙牛低脂高钙牛奶250ml×16盒5人团30.9【5人团】【10月产】蒙牛低脂高钙牛奶250ml×16盒早餐奶整箱批发囤货收起d,https://weibo.com/6181658586/MmgxRlHWv?refer_flag=1001030103_,多多小卖铺,微博 weibo.com,https://weibo.com/6181658586?refer_flag=1001030103_,0,0,0,多多小卖铺,女,拼刀刀实惠到家服务,520,4,其他,157420,False,"https://tvax4.sinaimg.cn/crop.0.0.1080.1080.180/006KlBMKly8gdyyk8bij2j30u00u00uf.jpg?KID=imgbed,tva&Expires=1710136324&ssig=8ifgWF6sFv",nan,nan,无认证
1566913932	,4853068167127630	,2023-01-01 11:51:00,拼刀刀维达细韧3层100抽24包5人团24.9【5人团】维达细韧抽纸3层100抽24包家用面巾纸卫生纸餐巾纸整箱农夫山泉纽荷尔脐橙3KG5人团37.9【5人团】农夫山泉纽橙子3KG多规格超甜纽荷尔脐橙新鲜水果批发整箱礼盒可口可乐330ml*245人团36.9【5人团】可口可乐/雪碧/芬达/零度无糖330ml*24摩登罐装碳酸饮料冰糖心丑苹果净重4.5斤5人团17.9【5人团】万荣苹果纸加膜红富士苹果净重4.5斤80mm冰糖心丑苹果好时巧克力500g5人团39【5人团】好时巧克力500g水滴巧克奶香白巧黑巧巴旦木巧克力【3天内发货】老街口原色开心果500g5人团39.9【5人团】老街口原色开心果500g罐装大颗粒坚果炒货特产干果仁零食批发老街口奶油味夏威夷果500g5人团26.9【5人团】老街口奶油味夏威夷果500g罐装新货坚果零食小吃炒货干果年货农夫山泉NFC果汁300ml*10瓶5人团42.9【5人团】农夫山泉NFC果汁鲜榨橙汁纯果汁饮料300ml*10瓶非整箱蒙牛低脂高钙牛奶250ml×16盒5人团30.9【5人团】【10月产】蒙牛低脂高钙牛奶250ml×16盒早餐奶整箱批发囤货收起d,https://weibo.com/1566913932/MmgxOtUdM?refer_flag=1001030103_,猫超包邮菌,微博 weibo.com,https://weibo.com/1566913932?refer_flag=1001030103_,0,0,0,猫超包邮菌,男,猫超/PDD/狗东推荐，开心生活~,29204,107,江苏 南通,190393,False,"https://tvax3.sinaimg.cn/crop.0.0.1080.1080.180/001I2BTmly8gv70wdo703j60u00u0q4602.jpg?KID=imgbed,tva&Expires=1710136325&ssig=LbO%2BcKIMRq",公共媒体,4.46544233976875,无认证
7373138207	,4853067877453309	,2023-01-01 11:50:00,PDD【37.90】农夫山泉.纽橙子3KG，果径65-80mm的，需5人拼团,https://weibo.com/7373138207/MmgxlvgWF?refer_flag=1001030103_,幸运小白爱分享,微博 weibo.com,https://weibo.com/7373138207?refer_flag=1001030103_,0,1,0,幸运小白爱分享,女,,172011,71,江苏,102098,False,"https://tvax1.sinaimg.cn/crop.0.0.512.512.180/0082YW3Zly8gc1kesjviwj30e80e8wem.jpg?KID=imgbed,tva&Expires=1710136326&ssig=S1XTG3EW8z",公共媒体,5.235556220666543,无认证
6051479336	,4853067852548787	,2023-01-01 11:50:00,PDD【37.90】农夫山泉.纽橙子3KG，果径65-80mm的，需5人拼团,https://weibo.com/6051479336/MmgxjaH3t?refer_flag=1001030103_,白菜零食酱,微博 weibo.com,https://weibo.com/6051479336?refer_flag=1001030103_,0,1,0,白菜零食酱,女,以挖掘零食白菜购物券为主，偶尔也挖挖衣服鞋子帽子家居用品，毕竟我们要吃得开心，穿得美腻。( ⸝⸝⸝⁼̴́⌄⁼̴̀⸝⸝⸝),392385,82,江苏 南京,244501,True,"https://tva1.sinaimg.cn/crop.0.0.640.640.180/006Bxodqjw8f93e8jf0dpj30hs0hswhp.jpg?KID=imgbed,tva&Expires=1710136327&ssig=lKtAW6clgK",公共媒体,5.5937123969195754,微博个人认证(黄V)
6193085992	,4853066811064558	,2023-01-01 11:45:00,啊这……无意之间点进了农夫山泉的小程序，就这么中奖了……,https://weibo.com/6193085992/MmgvD4sWi?refer_flag=1001030103_,小小羊肉串串,荣耀 Play4T Pro,https://weibo.com/6193085992?refer_flag=1001030103_,0,0,0,小小羊肉串串,女,与其反思自己，不如指责别人！,11,96,其他,117,False,"https://tvax2.sinaimg.cn/crop.0.0.1080.1080.180/006L7yzKly8hbmso4wlsij30u00u00uz.jpg?KID=imgbed,tva&Expires=1710136327&ssig=QuBRdKsZxV",nan,nan,无认证
1766398370	,4853066698593239	,2023-01-01 11:45:00,记得每天多吃水果哦【💥48.9】农夫山泉农夫鲜果纽荷尔脐橙3kg单果65-80mm的，自然成熟采摘的！脐橙外形圆润，表皮光滑，口感多汁，入口即化，香味很浓郁喜欢吃脐橙的姐妹可以入一波啦，自己吃送人都是可以的,https://weibo.com/1766398370/MmgvrA3uD?refer_flag=1001030103_,大可拱白菜,微博 weibo.com,https://weibo.com/1766398370?refer_flag=1001030103_,0,4,29,大可拱白菜,女,一个可爱的可。用心 真心❤️,1102483,105,海外 其他,742312,True,"https://tvax3.sinaimg.cn/crop.0.0.512.512.180/694919a2ly8hkslsr8tv4j20e80e8dgg.jpg?KID=imgbed,tva&Expires=1710136328&ssig=OFV8ZDTeCj",公共媒体,6.042371901483991,微博个人认证(红V)
7542548951	,4853066640133979	,2023-01-01 11:00:00,#好水旺财兔年吉祥#发现农夫山泉已经连续8年春节前夕推出“限量”且“只送不卖”的生肖版玻璃瓶水了。最近新推出的金兔水，设计真的也堪称一绝，有着媲美奢侈品大牌质感，农夫山泉通过用瓶身展现长白山的生态文化，把大自然与动物的奇妙关系凝结在瓶身之中，瓶身上的兔子图案细腻逼真，既精致又有内涵，高级感满满！限量十万套，参与方式是无门槛的小程序抽奖，微信搜索小程序“好水旺财兔年吉祥”就可以参与，心动时刻！#农夫山泉生肖典藏#是真的好好看，都来抽！收起d,https://weibo.com/5749767678/Mmgd0hlFM?refer_flag=1001030103_,温柔且珍,微博  weibo.com,https://weibo.com/7542548951?refer_flag=1001030103_,0,0,0,温柔且珍,女,做人就要坦坦荡荡的，不要走捷径，做最好的自己,54,428,辽宁 铁岭,14757,False,"https://tvax1.sinaimg.cn/crop.0.0.1000.1000.180/008erLxlly8ha4q3uvtkdj30rs0rsdgt.jpg?KID=imgbed,tva&Expires=1710136329&ssig=2%2BMGJ1hx3Y",nan,nan,无认证
5316269104	,4853066631217329	,2023-01-01 11:00:00,#好水旺财兔年吉祥#发现农夫山泉已经连续8年春节前夕推出“限量”且“只送不卖”的生肖版玻璃瓶水了。最近新推出的金兔水，设计真的也堪称一绝，有着媲美奢侈品大牌质感，农夫山泉通过用瓶身展现长白山的生态文化，把大自然与动物的奇妙关系凝结在瓶身之中，瓶身上的兔子图案细腻逼真，既精致又有内涵，高级感满满！限量十万套，参与方式是无门槛的小程序抽奖，微信搜索小程序“好水旺财兔年吉祥”就可以参与，心动时刻！#农夫山泉生肖典藏#是真的好好看，都来抽！收起d,https://weibo.com/5749767678/Mmgd0hlFM?refer_flag=1001030103_,顾辞辞promise,微博  weibo.com,https://weibo.com/5316269104?refer_flag=1001030103_,0,0,0,顾辞辞promise,女,自由是灵魂的氧气,234,402,安徽 合肥,14854,True,"https://tvax4.sinaimg.cn/crop.0.0.1080.1080.180/005NMwrSly8hmcpcw1n66j30u00u0q5n.jpg?KID=imgbed,tva&Expires=1710136330&ssig=LKMVuheJVh",nan,nan,微博个人认证(黄V)
3163946105	,4853066609989524	,2023-01-01 11:45:00,我能不能拥有啊@农夫山泉,https://weibo.com/3163946105/MmgviFUJm?refer_flag=1001030103_,Auditsign,NULL,https://weibo.com/3163946105?refer_flag=1001030103_,0,0,0,Auditsign,女,いちごいちえ,1023,284,其他,7138,True,"https://tvax4.sinaimg.cn/crop.0.0.960.960.180/bc95fc79ly8fztqp0kiwej20qo0qo76e.jpg?KID=imgbed,tva&Expires=1710136330&ssig=A0g0KYLhbY",nan,nan,微博个人认证(黄V)
5487752312	,4853066601859230	,2023-01-01 11:00:00,#好水旺财兔年吉祥#发现农夫山泉已经连续8年春节前夕推出“限量”且“只送不卖”的生肖版玻璃瓶水了。最近新推出的金兔水，设计真的也堪称一绝，有着媲美奢侈品大牌质感，农夫山泉通过用瓶身展现长白山的生态文化，把大自然与动物的奇妙关系凝结在瓶身之中，瓶身上的兔子图案细腻逼真，既精致又有内涵，高级感满满！限量十万套，参与方式是无门槛的小程序抽奖，微信搜索小程序“好水旺财兔年吉祥”就可以参与，心动时刻！#农夫山泉生肖典藏#是真的好好看，都来抽！收起d,https://weibo.com/5749767678/Mmgd0hlFM?refer_flag=1001030103_,Roger666888,微博  weibo.com,https://weibo.com/5487752312?refer_flag=1001030103_,0,0,0,Roger666888,男,,41,1065,其他,9251,False,"https://tvax1.sinaimg.cn/crop.0.0.1080.1080.180/005Zo344ly8h0a6omy36oj30u00u0q4p.jpg?KID=imgbed,tva&Expires=1710136331&ssig=fl1eZiy1W7",nan,nan,无认证
6303155223	,4853066426230055	,2023-01-01 11:00:00,#好水旺财兔年吉祥#发现农夫山泉已经连续8年春节前夕推出“限量”且“只送不卖”的生肖版玻璃瓶水了。最近新推出的金兔水，设计真的也堪称一绝，有着媲美奢侈品大牌质感，农夫山泉通过用瓶身展现长白山的生态文化，把大自然与动物的奇妙关系凝结在瓶身之中，瓶身上的兔子图案细腻逼真，既精致又有内涵，高级感满满！限量十万套，参与方式是无门槛的小程序抽奖，微信搜索小程序“好水旺财兔年吉祥”就可以参与，心动时刻！#农夫山泉生肖典藏#是真的好好看，都来抽！收起d,https://weibo.com/5749767678/Mmgd0hlFM?refer_flag=1001030103_,100万给我,微博  weibo.com,https://weibo.com/6303155223?refer_flag=1001030103_,0,0,0,100万给我,女,没有好日子,209,1044,海外,33824,False,"https://tvax3.sinaimg.cn/crop.0.0.1080.1080.180/006SzoBVly8hctbje0652j30u00u0goe.jpg?KID=imgbed,tva&Expires=1710136332&ssig=kX%2BD0r%2Fzri",nan,nan,无认证
5951225554	,4853066354144743	,2023-01-01 11:00:00,#好水旺财兔年吉祥#发现农夫山泉已经连续8年春节前夕推出“限量”且“只送不卖”的生肖版玻璃瓶水了。最近新推出的金兔水，设计真的也堪称一绝，有着媲美奢侈品大牌质感，农夫山泉通过用瓶身展现长白山的生态文化，把大自然与动物的奇妙关系凝结在瓶身之中，瓶身上的兔子图案细腻逼真，既精致又有内涵，高级感满满！限量十万套，参与方式是无门槛的小程序抽奖，微信搜索小程序“好水旺财兔年吉祥”就可以参与，心动时刻！#农夫山泉生肖典藏#是真的好好看，都来抽！收起d,https://weibo.com/5749767678/Mmgd0hlFM?refer_flag=1001030103_,鄭曉曉莉,微博  weibo.com,https://weibo.com/5951225554?refer_flag=1001030103_,0,0,0,鄭曉曉莉,女,,211,937,福建 福州,16153,False,"https://tvax4.sinaimg.cn/crop.0.0.996.996.180/006uKJCWly8fhxtclcbh2j30ro0ro402.jpg?KID=imgbed,tva&Expires=1710136333&ssig=BHBO8kgnYW",nan,nan,无认证
3927904244	,4853066014132125	,2023-01-01 11:42:00,【48.9】农夫山泉纽荷尔赣南脐橙3KG正宗赣南脐橙，现摘现发，皮薄汁多，细腻无渣，吃脐橙就得吃赣南脐橙~,https://weibo.com/3927904244/MmgulhkXb?refer_flag=1001030103_,M大肉,微博 weibo.com,https://weibo.com/3927904244?refer_flag=1001030103_,0,1,0,M大肉,女,认真分享好物,448849,222,福建 厦门,853999,True,"https://tvax1.sinaimg.cn/crop.0.0.690.690.180/ea1f0ff4ly8gxd4mkwqsgj20j60j6abd.jpg?KID=imgbed,tva&Expires=1710136334&ssig=R350%2FEY6Fg",公共媒体,5.652100261946854,微博个人认证(黄V)
2253566775	,4853065960397317	,2023-01-01 11:42:00,【48.9】农夫山泉纽荷尔赣南脐橙3KG正宗赣南脐橙，现摘现发，皮薄汁多，细腻无渣，吃脐橙就得吃赣南脐橙~,https://weibo.com/2253566775/Mmgug1Fml?refer_flag=1001030103_,白菜坑,微博 weibo.com,https://weibo.com/2253566775?refer_flag=1001030103_,0,19,44,白菜坑,男,合作q249654197 自从入了白菜坑，你的快递就不会停了,2223161,366,北京 海淀区,1071366,False,"https://tvax1.sinaimg.cn/crop.0.0.512.512.180/8652b337ly8h938mllxu5j20e80e8jro.jpg?KID=imgbed,tva&Expires=1710136334&ssig=zIQDxXq%2B9N",公共媒体,6.346970915186481,无认证
7626324267	,4853065855275657	,2023-01-01 11:14:00,#梁朝伟王一博无名定档海报#｜#叶秘大年初一见#💚真是太惊喜了，大年初一见了，我们最好的一博，最温暖的一博，宝贝王一博，新年快乐吖，2023年越来越好，平安喜乐！@UNIQ-王一博💚L鱼儿吃葡萄的微博视频,https://weibo.com/5908014948/Mmgj1fkhv?refer_flag=1001030103_,一啵鱼儿,王一博超话,https://weibo.com/7626324267?refer_flag=1001030103_,0,0,0,一啵鱼儿,女,啵啵平安喜乐,1196,304,重庆,5139,False,"https://tvax1.sinaimg.cn/crop.0.0.1080.1080.180/008k7hk7ly8gxzldha4zsj30u00u0ta9.jpg?KID=imgbed,tva&Expires=1710136335&ssig=1GcKkda41b",nan,nan,无认证
7209015629	,4853065351430191	,2023-01-01 11:40:00,PDD【37.90】农夫山泉.纽橙子3KG，果径65-80mm的，需5人拼团,https://weibo.com/7209015629/Mmgth603B?refer_flag=1001030103_,种草有意思,微博 weibo.com,https://weibo.com/7209015629?refer_flag=1001030103_,0,1,0,种草有意思,女,分享有意思的东西,101898,15,上海,160968,False,"https://tvax3.sinaimg.cn/crop.0.0.1080.1080.180/007RSihDly8g4t1v62jdaj30u00u0q55.jpg?KID=imgbed,tva&Expires=1710136336&ssig=HavLEAipd%2B",公共媒体,5.0081656599879,无认证
6419394140	,4853065347760534	,2023-01-01 11:40:00,PDD【37.90】农夫山泉.纽橙子3KG，果径65-80mm的，需5人拼团,https://weibo.com/6419394140/MmgtgwyRU?refer_flag=1001030103_,种草的小天使,微博 weibo.com,https://weibo.com/6419394140?refer_flag=1001030103_,0,1,3,种草的小天使,女,养猫的种草小天使,683580,94,江苏,175071,False,"https://tvax3.sinaimg.cn/crop.0.0.300.300.180/0070r7Faly8fvzhpb18ymg308c08caa5.gif?KID=imgbed,tva&Expires=1710136337&ssig=WfFOlbu2Fj",公共媒体,5.834789347763296,无认证
5173965014	,4853065339902691	,2023-01-01 11:40:00,PDD【37.90】农夫山泉.纽橙子3KG，果径65-80mm的，需5人拼团,https://weibo.com/5173965014/MmgtfFy8P?refer_flag=1001030103_,券白白,微博 weibo.com,https://weibo.com/5173965014?refer_flag=1001030103_,0,1,0,券白白,女,一个害羞的白菜博主(⺣◡⺣)♡,85478,90,江苏 南京,214249,False,"https://tvax2.sinaimg.cn/crop.0.0.100.100.180/005E9qECly8flxkizhc9ej302s02saa3.jpg?KID=imgbed,tva&Expires=1710136337&ssig=VaFUDJTmdA",公共媒体,4.931854352060992,无认证
5065330846	,4853065339634897	,2023-01-01 11:40:00,PDD【37.90】农夫山泉.纽橙子3KG，果径65-80mm的，需5人拼团,https://weibo.com/5065330846/MmgtfEqtz?refer_flag=1001030103_,miyijia测试君,微博 weibo.com,https://weibo.com/5065330846?refer_flag=1001030103_,0,1,0,miyijia测试君,女,养了2只猫的测试君,877392,129,江苏 南京,238984,True,"https://tva2.sinaimg.cn/crop.128.128.384.384.180/005wNBWCjw1f3wfhy1u1jj30hs0hsaad.jpg?KID=imgbed,tva&Expires=1710136338&ssig=1IvKdwzwRj",公共媒体,5.943193670219719,微博个人认证(黄V)
1904377343	,4853064467221521	,2023-01-01 11:36:00,【拼多多】拼团专贴5人团维达细韧3层100抽24包【24.9】【5人团】维达细韧抽纸3层100抽24包家用面巾纸卫生纸餐巾纸整箱农夫山泉纽荷尔脐橙3KG【37.9】【5人团】农夫山泉纽橙子3KG多规格超甜纽荷尔脐橙新鲜水果批发整箱礼盒可口可乐330ml*24【36.9】【5人团】可口可乐/雪碧/芬达/零度无糖330ml*24摩登罐装碳酸饮料冰糖心丑苹果净重4.5斤【17.9】【5人团】万荣苹果纸加膜红富士苹果净重4.5斤80mm冰糖心丑苹果好时巧克力500g【39】【5人团】好时巧克力500g水滴巧克奶香白巧黑巧巴旦木巧克力【3天内发货】,https://weibo.com/1904377343/MmgrQuiE9?refer_flag=1001030103_,屁屁妈是Me,屁屁妈是Me的小店,https://weibo.com/1904377343?refer_flag=1001030103_,0,0,0,屁屁妈是Me,女,薅社会主义的羊毛,126059,342,广东 深圳,410605,False,"https://tvax1.sinaimg.cn/crop.0.0.995.995.180/71827dffly8h0ow4fz6kfj20rn0rnta8.jpg?KID=imgbed,tva&Expires=1710136339&ssig=GTc53tfuPI",公共媒体,5.100573857634872,无认证
1973952924	,4853064417150430	,2023-01-01 11:36:00,【37.9】农夫山泉，纽橙子3KG，果径65-80mm的，拼夕夕的活动，需5人拼团，评论区可留言互助！,https://weibo.com/1973952924/MmgrLu09w?refer_flag=1001030103_,狗头券师,微博网页版,https://weibo.com/1973952924?refer_flag=1001030103_,0,2,13,狗头券师,男,现就读于蓝翔挖券技术专业（券和购在评论里，扒扒看）,432875,292,山东 济南,273223,True,"https://tvax2.sinaimg.cn/crop.0.0.400.400.180/75a8219cly8gdj9ukzxjrj20b40b4dg2.jpg?KID=imgbed,tva&Expires=1710136340&ssig=cUCHteIgsh",公共媒体,5.636362504557518,微博个人认证(黄V)
7290118011	,4853062873385883	,2023-01-01 11:30:00,PDD【37.90】农夫山泉.纽橙子3KG，果径65-80mm的，需5人拼团,https://weibo.com/7290118011/MmgphecP1?refer_flag=1001030103_,小花花种草,微博 weibo.com,https://weibo.com/7290118011?refer_flag=1001030103_,0,1,0,小花花种草,女,养猫的种草君,96000,44,上海,144380,False,"https://tvax4.sinaimg.cn/crop.0.0.512.512.180/007XmAIzly8gc1kfgfe79j30e80e80sv.jpg?KID=imgbed,tva&Expires=1710136341&ssig=C0jjUsalTK",公共媒体,4.982271233039568,无认证
6613366367	,4853061723883911	,2023-01-01 11:00:00,#好水旺财兔年吉祥#发现农夫山泉已经连续8年春节前夕推出“限量”且“只送不卖”的生肖版玻璃瓶水了。最近新推出的金兔水，设计真的也堪称一绝，有着媲美奢侈品大牌质感，农夫山泉通过用瓶身展现长白山的生态文化，把大自然与动物的奇妙关系凝结在瓶身之中，瓶身上的兔子图案细腻逼真，既精致又有内涵，高级感满满！限量十万套，参与方式是无门槛的小程序抽奖，微信搜索小程序“好水旺财兔年吉祥”就可以参与，心动时刻！#农夫山泉生肖典藏#是真的好好看，都来抽！收起d,https://weibo.com/5749767678/Mmgd0hlFM?refer_flag=1001030103_,数数花花,微博  weibo.com,https://weibo.com/6613366367?refer_flag=1001030103_,0,0,0,数数花花,男,就不介绍!,10,222,安徽,2878,False,"https://tvax1.sinaimg.cn/crop.0.0.1080.1080.180/007dz0Htly8gq2qfvqiezj30u00u0grx.jpg?KID=imgbed,tva&Expires=1710136341&ssig=Y%2F1E62q%2B2y",nan,nan,无认证
7547483702	,4853061695310778	,2023-01-01 11:00:00,#好水旺财兔年吉祥#发现农夫山泉已经连续8年春节前夕推出“限量”且“只送不卖”的生肖版玻璃瓶水了。最近新推出的金兔水，设计真的也堪称一绝，有着媲美奢侈品大牌质感，农夫山泉通过用瓶身展现长白山的生态文化，把大自然与动物的奇妙关系凝结在瓶身之中，瓶身上的兔子图案细腻逼真，既精致又有内涵，高级感满满！限量十万套，参与方式是无门槛的小程序抽奖，微信搜索小程序“好水旺财兔年吉祥”就可以参与，心动时刻！#农夫山泉生肖典藏#是真的好好看，都来抽！收起d,https://weibo.com/5749767678/Mmgd0hlFM?refer_flag=1001030103_,一遇,微博  weibo.com,https://weibo.com/7547483702?refer_flag=1001030103_,0,0,0,一遇,女,日富一日,65,1704,其他,10419,False,"https://tvax1.sinaimg.cn/crop.0.0.1080.1080.180/008eMti6ly8hlpddtwmu0j30u00u0gnm.jpg?KID=imgbed,tva&Expires=1710136342&ssig=rsBR68Fp3x",nan,nan,无认证
7792647133	,4853061480096377	,2023-01-01 11:00:00,#好水旺财兔年吉祥#发现农夫山泉已经连续8年春节前夕推出“限量”且“只送不卖”的生肖版玻璃瓶水了。最近新推出的金兔水，设计真的也堪称一绝，有着媲美奢侈品大牌质感，农夫山泉通过用瓶身展现长白山的生态文化，把大自然与动物的奇妙关系凝结在瓶身之中，瓶身上的兔子图案细腻逼真，既精致又有内涵，高级感满满！限量十万套，参与方式是无门槛的小程序抽奖，微信搜索小程序“好水旺财兔年吉祥”就可以参与，心动时刻！#农夫山泉生肖典藏#是真的好好看，都来抽！收起d,https://weibo.com/5749767678/Mmgd0hlFM?refer_flag=1001030103_,DokiDokiZPY,微博  weibo.com,https://weibo.com/7792647133?refer_flag=1001030103_,0,0,0,DokiDokiZPY,男,,6,160,其他,608,False,"https://tvax1.sinaimg.cn/crop.0.0.1080.1080.180/008vn9uZly8h9do4uv07mj30u00u03zr.jpg?KID=imgbed,tva&Expires=1710136343&ssig=dPeFS1Po4Q",nan,nan,无认证
7789224465	,4853060943746422	,2023-01-01 11:00:00,#好水旺财兔年吉祥#发现农夫山泉已经连续8年春节前夕推出“限量”且“只送不卖”的生肖版玻璃瓶水了。最近新推出的金兔水，设计真的也堪称一绝，有着媲美奢侈品大牌质感，农夫山泉通过用瓶身展现长白山的生态文化，把大自然与动物的奇妙关系凝结在瓶身之中，瓶身上的兔子图案细腻逼真，既精致又有内涵，高级感满满！限量十万套，参与方式是无门槛的小程序抽奖，微信搜索小程序“好水旺财兔年吉祥”就可以参与，心动时刻！#农夫山泉生肖典藏#是真的好好看，都来抽！收起d,https://weibo.com/5749767678/Mmgd0hlFM?refer_flag=1001030103_,yolo_0724_,微博  weibo.com,https://weibo.com/7789224465?refer_flag=1001030103_,0,0,0,yolo_0724_,男,,11,190,其他,1110,False,"https://tvax1.sinaimg.cn/crop.0.0.132.132.180/008v8N6Fly4h62ie0gxqhj303o03oq2p.jpg?KID=imgbed,tva&Expires=1710136343&ssig=khlrofZ7eX",nan,nan,无认证
5096556892	,4853060834165078	,2023-01-01 11:22:00,农夫山泉赣南纽荷尔脐橙🍊,https://weibo.com/5096556892/MmglZhtwG?refer_flag=1001030103_,丸子买买菌,iPhone客户端,https://weibo.com/5096556892?refer_flag=1001030103_,0,1,0,丸子买买菌,女,跟着买就对了,248075,12,海外 其他,295207,False,"https://tvax3.sinaimg.cn/crop.0.0.1080.1080.180/005yUDgwly8g78admc633j30u00u0adb.jpg?KID=imgbed,tva&Expires=1710136344&ssig=ZQrv5EQE02",公共媒体,5.39458300002751,无认证
6264069862	,4853060671378943	,2023-01-01 11:21:00,农夫山泉赣南纽荷尔脐橙🍊,https://weibo.com/6264069862/MmglJ5MJ1?refer_flag=1001030103_,种草小优,iPhone客户端,https://weibo.com/6264069862?refer_flag=1001030103_,0,1,0,种草小优,女,可以叫我优酱喔🧚‍♀️,94952,4,其他,288107,False,"https://tvax1.sinaimg.cn/crop.0.0.1080.1080.180/006PVoISly8g9hx2szncdj30u00u0go2.jpg?KID=imgbed,tva&Expires=1710136345&ssig=5JGu%2FrHdtA",公共媒体,4.977504116833079,无认证
6444216397	,4853060645426539	,2023-01-01 11:00:00,#好水旺财兔年吉祥#发现农夫山泉已经连续8年春节前夕推出“限量”且“只送不卖”的生肖版玻璃瓶水了。最近新推出的金兔水，设计真的也堪称一绝，有着媲美奢侈品大牌质感，农夫山泉通过用瓶身展现长白山的生态文化，把大自然与动物的奇妙关系凝结在瓶身之中，瓶身上的兔子图案细腻逼真，既精致又有内涵，高级感满满！限量十万套，参与方式是无门槛的小程序抽奖，微信搜索小程序“好水旺财兔年吉祥”就可以参与，心动时刻！#农夫山泉生肖典藏#是真的好好看，都来抽！收起d,https://weibo.com/5749767678/Mmgd0hlFM?refer_flag=1001030103_,无敌堆儿,微博  weibo.com,https://weibo.com/6444216397?refer_flag=1001030103_,0,0,0,无敌堆儿,女,,9,305,其他,2350,False,"https://tvax1.sinaimg.cn/crop.0.0.996.996.180/00727h49ly8gof2ly09hvj30ro0roac9.jpg?KID=imgbed,tva&Expires=1710136345&ssig=AzeXRNdZrq",nan,nan,无认证
3292877732	,4853060599553416	,2023-01-01 11:21:00,农夫山泉赣南纽荷尔脐橙六斤48🍊,https://weibo.com/3292877732/MmglBE5hm?refer_flag=1001030103_,宝藏安利菌,iPhone客户端,https://weibo.com/3292877732?refer_flag=1001030103_,0,1,0,宝藏安利菌,女,謝謝關注 .,656069,30,海外 其他,282659,False,"https://tva1.sinaimg.cn/crop.0.0.439.439.180/c44553a4gw1exv3ecmu4fj20c80c8jtf.jpg?KID=imgbed,tva&Expires=1710136346&ssig=its4B3mKl9",公共媒体,5.816949517338144,无认证
7373144679	,4853060424434050	,2023-01-01 11:20:00,PDD【37.90】农夫山泉.纽橙子3KG，果径65-80mm的，需5人拼团,https://weibo.com/7373144679/MmglkiBuW?refer_flag=1001030103_,好吃搜罗队,微博 weibo.com,https://weibo.com/7373144679?refer_flag=1001030103_,0,1,1,好吃搜罗队,女,,94011,71,江苏,89441,False,"https://tvax2.sinaimg.cn/crop.0.0.512.512.180/0082YXKnly8gc1jwtkzh2j30e80e8dg3.jpg?KID=imgbed,tva&Expires=1710136347&ssig=qw4NfU8S0h",公共媒体,4.973178672321012,无认证
7312019524	,4853060411851341	,2023-01-01 11:20:00,PDD【37.90】农夫山泉.纽橙子3KG，果径65-80mm的，需5人拼团,https://weibo.com/7312019524/Mmglj7LCl?refer_flag=1001030103_,小花家的后花园,微博 weibo.com,https://weibo.com/7312019524?refer_flag=1001030103_,0,1,1,小花家的后花园,女,喜欢种草，星座，测试！喜欢一起买买买！,74956,15,上海,143271,False,"https://tvax3.sinaimg.cn/crop.0.0.512.512.180/007YQuiMly8g7faz1rtdpj30e80e8q35.jpg?KID=imgbed,tva&Expires=1710136348&ssig=iwHhDlxHB7",公共媒体,4.874806402529152,无认证
6346667698	,4853060381712849	,2023-01-01 11:20:00,农夫山泉赣南纽荷尔脐橙六斤48🍊,https://weibo.com/6346667698/Mmglg7bAB?refer_flag=1001030103_,种草爱丽丝,NULL,https://weibo.com/6346667698?refer_flag=1001030103_,0,1,0,种草爱丽丝,女,梦想是一夜暴富！！,2134121,34,海外,197075,False,"https://tvax3.sinaimg.cn/crop.0.0.1080.1080.180/006VvYc2ly8gei646ruyzj30u00u0gt4.jpg?KID=imgbed,tva&Expires=1710136349&ssig=QdPBzmNsmY",公共媒体,6.3292190393351975,无认证
7713295805	,4853060372794439	,2023-01-01 11:20:00,农夫山泉赣南纽荷尔脐橙六斤48🍊,https://weibo.com/7713295805/MmglfbIXB?refer_flag=1001030103_,拼夕夕杂货铺,微博 weibo.com,https://weibo.com/7713295805?refer_flag=1001030103_,0,1,0,拼夕夕杂货铺,女,每日分享拼夕夕好价水果零食,26842,130,四川 德阳,49695,False,"https://tvax2.sinaimg.cn/crop.0.0.512.512.180/008q0cARly8h07cljo0skj30e80e8glu.jpg?KID=imgbed,tva&Expires=1710136350&ssig=FUt112wsX6",公共媒体,4.428814872026153,无认证
5239450309	,4853060058230887	,2023-01-01 11:19:00,农夫山泉赣南纽荷尔脐橙六斤48🍊,https://weibo.com/5239450309/MmgkJyxef?refer_flag=1001030103_,暴富小卖部,NULL,https://weibo.com/5239450309?refer_flag=1001030103_,0,1,3,暴富小卖部,女,祝大家都能一夜暴富！！,1612564,74,广东,208850,True,"https://tvax2.sinaimg.cn/crop.0.0.1080.1080.180/005IAcn3ly8hgugwg9hyqj60u00u0wg202.jpg?KID=imgbed,tva&Expires=1710136350&ssig=9iscI1%2Frw6",公共媒体,6.207516960079565,
2643005151	,4853059173224783	,2023-01-01 11:15:00,#农夫山泉生肖典藏#年年参加，年年抽不到,https://weibo.com/2643005151/MmgjjdwUD?refer_flag=1001030103_,七月的凌凌七,iPhone客户端,https://weibo.com/2643005151?refer_flag=1001030103_,0,0,0,七月的凌凌七,女,保护姑娘 贯彻落实！,501,88,吉林 长春,990,False,"https://tvax4.sinaimg.cn/crop.0.0.512.512.180/9d890edfly8hi3gpmv79kj20e80e80t7.jpg?KID=imgbed,tva&Expires=1710136351&ssig=%2F68qXN1bql",nan,nan,无认证
1659135241	,4853059119743430	,2023-01-01 11:15:00,#每日营销观察#2023.01.01昨天在山姆无意看到了农夫山泉的出品的橙子（见图），我孤陋寡闻对于农夫山泉做农业这件事相当的后知后觉。查了一下农夫山泉是从2007年就开始进入农业领域了，而最早涉猎的品种就是赣南脐橙，后来农夫山泉连推17.5°橙、17.5°NFC果汁、常温NFC果汁三款橙产品。可见一开始布局农业是为了给果汁饮料提供原材料，无论是出于保证品质还是控制成本的目的，后续随着规模和能力的扩大，农业逐渐成为了一个相对独立、着眼未来的业务。如果打开京东，搜索【农夫山泉生鲜旗舰店】会看到，农夫山泉会有东北香米、赣南脐橙、阿克苏苹果、新疆西梅等不同季节和产地的水果。农夫山泉做农业这件事虽然在整体收入里可以忽略不计甚至短期看更多的是投入（看了下半年报），但好像又特别合适也合情合理。1.用好渠道资源，卖水的企业最强的就是渠道资源无论线上线下，而这种渠道一旦建立起来，卖水果自然不在话下，相较于竞品会有成本和规模优势。2.品牌的相互加持，用农夫山泉的品牌能力把水果从产地品牌变成单果品牌，而这种单果品牌在水果中又算是高端的，能够提升农夫山泉以水为主的品牌印象和认知，并且又反过来给饮品高端化提供了原材料的品质保证的基础。3.农业算是未来产业发展的共识方向，既有长远的经济价值又有现实的政治意义，但需要长期的、持续的投入，中国首富来做，一个叫“农夫”山泉的品牌来做好像还真的特别合适。收起d,https://weibo.com/1659135241/MmgjdESI6?refer_flag=1001030103_,纪旺希,iPhone 14 Pro Max,https://weibo.com/1659135241?refer_flag=1001030103_,0,0,0,纪旺希,男,跃入人海，保持孤独。,587,1416,广东 广州,2494,False,"https://tvax3.sinaimg.cn/crop.0.0.512.512.180/62e46509ly8fw0i1assi8j20e80e8gly.jpg?KID=imgbed,tva&Expires=1710136352&ssig=dXzEntHmMw",nan,nan,无认证
7779510606	,4853058292683761	,2023-01-01 11:12:00,#赵露思说把年过大##赵露思说把年过大#💜💜一露有你，情思不变。我爱的女孩赵字开头，露字居中，思字结尾，山外青外楼，我家露思最温柔。超甜爱豆露思💜四川美妞露思💜优雅可爱露思🍭可盐可甜露思☁美丽大方露思🌈迷迷糊糊露思🐰开朗爱笑露思🌸才华横溢露思🌙超强大脑就可以✨超级宠粉露思💘未来可期露思👑神仙颜值露思✨💜人间理想露思✨💜温柔体贴露思✨💜治愈微笑露思✨💜深得我心露思✨💜星辰皓月露思✨💜金光闪闪露思✨💜一见钟情露思✨💜宝藏女孩露思✨💜农夫山泉有点甜，不爱露思特别悬！古有西施万人迷，今有露思无人敌！露思累了就回头，可露丽永在你身后！永生永世，唯爱露思！💜💜💜💜💜💜💜💜💜收起d,https://weibo.com/7779510606/MmghTbgat?refer_flag=1001030103_,露思的琦琦鸭,OPPO A72 5G,https://weibo.com/7779510606?refer_flag=1001030103_,0,0,0,露思的琦琦鸭,女,@赵露思的微博 小朋友在荧幕上闪闪发光✨她说：“所有的遗憾都是惊喜的铺垫。惊喜🎁源自于她自身的努力青年演员赵露思💜💜,1111,1314,北京,7630,False,"https://tvax1.sinaimg.cn/crop.1.0.1078.1078.180/008uu25wly8hnjxozv648j30u00tywgw.jpg?KID=imgbed,tva&Expires=1710136353&ssig=TaCX1RSidM",nan,nan,无认证
7779510606	,4853058271452851	,2023-01-01 11:12:00,#赵露思说把年过大#💜💜一露有你，情思不变。我爱的女孩赵字开头，露字居中，思字结尾，山外青外楼，我家露思最温柔。超甜爱豆露思💜四川美妞露思💜优雅可爱露思🍭可盐可甜露思☁美丽大方露思🌈迷迷糊糊露思🐰开朗爱笑露思🌸才华横溢露思🌙超强大脑就可以✨超级宠粉露思💘未来可期露思👑神仙颜值露思✨💜人间理想露思✨💜温柔体贴露思✨💜治愈微笑露思✨💜深得我心露思✨💜星辰皓月露思✨💜金光闪闪露思✨💜一见钟情露思✨💜宝藏女孩露思✨💜农夫山泉有点甜，不爱露思特别悬！古有西施万人迷，今有露思无人敌！露思累了就回头，可露丽永在你身后！永生永世，唯爱露思！💜💜💜💜💜💜💜💜💜赵露思超话收起d,https://weibo.com/7779510606/MmghR65X5?refer_flag=1001030103_,露思的琦琦鸭,OPPO A72 5G,https://weibo.com/7779510606?refer_flag=1001030103_,0,0,0,露思的琦琦鸭,女,@赵露思的微博 小朋友在荧幕上闪闪发光✨她说：“所有的遗憾都是惊喜的铺垫。惊喜🎁源自于她自身的努力青年演员赵露思💜💜,1111,1314,北京,7630,False,"https://tvax1.sinaimg.cn/crop.1.0.1078.1078.180/008uu25wly8hnjxozv648j30u00tywgw.jpg?KID=imgbed,tva&Expires=1710136353&ssig=TaCX1RSidM",nan,nan,无认证
7556640784	,4853058268565858	,2023-01-01 11:00:00,#好水旺财兔年吉祥#发现农夫山泉已经连续8年春节前夕推出“限量”且“只送不卖”的生肖版玻璃瓶水了。最近新推出的金兔水，设计真的也堪称一绝，有着媲美奢侈品大牌质感，农夫山泉通过用瓶身展现长白山的生态文化，把大自然与动物的奇妙关系凝结在瓶身之中，瓶身上的兔子图案细腻逼真，既精致又有内涵，高级感满满！限量十万套，参与方式是无门槛的小程序抽奖，微信搜索小程序“好水旺财兔年吉祥”就可以参与，心动时刻！#农夫山泉生肖典藏#是真的好好看，都来抽！收起d,https://weibo.com/5749767678/Mmgd0hlFM?refer_flag=1001030103_,無极660,微博  weibo.com,https://weibo.com/7556640784?refer_flag=1001030103_,0,0,0,無极660,男,道,15,592,广西 玉林,6790,False,"https://tvax3.sinaimg.cn/crop.0.0.532.532.180/008foTsYly8hb83mjnxw3j30es0esmxf.jpg?KID=imgbed,tva&Expires=1710136354&ssig=F6OtfTRV32",nan,nan,无认证
7779510606	,4853058247070991	,2023-01-01 11:11:00,#赵露思说把年过大#💜💜一露有你，情思不变。我爱的女孩赵字开头，露字居中，思字结尾，山外青外楼，我家露思最温柔。超甜爱豆露思💜四川美妞露思💜优雅可爱露思🍭可盐可甜露思☁美丽大方露思🌈迷迷糊糊露思🐰开朗爱笑露思🌸才华横溢露思🌙超强大脑就可以✨超级宠粉露思💘未来可期露思👑神仙颜值露思✨💜人间理想露思✨💜温柔体贴露思✨💜治愈微笑露思✨💜深得我心露思✨💜星辰皓月露思✨💜金光闪闪露思✨💜一见钟情露思✨💜宝藏女孩露思✨💜农夫山泉有点甜，不爱露思特别悬！古有西施万人迷，今有露思无人敌！露思累了就回头，可露丽永在你身后！永生永世，唯爱露思！💜💜💜💜💜💜💜💜💜收起d,https://weibo.com/7779510606/MmghOtFuf?refer_flag=1001030103_,露思的琦琦鸭,OPPO A72 5G,https://weibo.com/7779510606?refer_flag=1001030103_,0,0,0,露思的琦琦鸭,女,@赵露思的微博 小朋友在荧幕上闪闪发光✨她说：“所有的遗憾都是惊喜的铺垫。惊喜🎁源自于她自身的努力青年演员赵露思💜💜,1111,1314,北京,7630,False,"https://tvax1.sinaimg.cn/crop.1.0.1078.1078.180/008uu25wly8hnjxozv648j30u00tywgw.jpg?KID=imgbed,tva&Expires=1710136355&ssig=OqtR07G1sb",nan,nan,无认证
7779510606	,4853058192018635	,2023-01-01 11:11:00,#赵露思优益C亚太区品牌代言人#💜💜一露有你，情思不变。我爱的女孩赵字开头，露字居中，思字结尾，山外青外楼，我家露思最温柔。超甜爱豆露思💜四川美妞露思💜优雅可爱露思🍭可盐可甜露思☁美丽大方露思🌈迷迷糊糊露思🐰开朗爱笑露思🌸才华横溢露思🌙超强大脑就可以✨超级宠粉露思💘未来可期露思👑神仙颜值露思✨💜人间理想露思✨💜温柔体贴露思✨💜治愈微笑露思✨💜深得我心露思✨💜星辰皓月露思✨💜金光闪闪露思✨💜一见钟情露思✨💜宝藏女孩露思✨💜农夫山泉有点甜，不爱露思特别悬！古有西施万人迷，今有露思无人敌！露思累了就回头，可露丽永在你身后！永生永世，唯爱露思！💜💜💜💜💜💜💜💜💜收起d,https://weibo.com/7779510606/MmghJ8t8D?refer_flag=1001030103_,露思的琦琦鸭,OPPO A72 5G,https://weibo.com/7779510606?refer_flag=1001030103_,0,0,0,露思的琦琦鸭,女,@赵露思的微博 小朋友在荧幕上闪闪发光✨她说：“所有的遗憾都是惊喜的铺垫。惊喜🎁源自于她自身的努力青年演员赵露思💜💜,1111,1314,北京,7630,False,"https://tvax1.sinaimg.cn/crop.1.0.1078.1078.180/008uu25wly8hnjxozv648j30u00tywgw.jpg?KID=imgbed,tva&Expires=1710136356&ssig=MUnnh2t7eK",nan,nan,无认证
7779510606	,4853058175239219	,2023-01-01 11:11:00,#赵露思优益C亚太区品牌代言人#💜💜一露有你，情思不变。我爱的女孩赵字开头，露字居中，思字结尾，山外青外楼，我家露思最温柔。超甜爱豆露思💜四川美妞露思💜优雅可爱露思🍭可盐可甜露思☁美丽大方露思🌈迷迷糊糊露思🐰开朗爱笑露思🌸才华横溢露思🌙超强大脑就可以✨超级宠粉露思💘未来可期露思👑神仙颜值露思✨💜人间理想露思✨💜温柔体贴露思✨💜治愈微笑露思✨💜深得我心露思✨💜星辰皓月露思✨💜金光闪闪露思✨💜一见钟情露思✨💜宝藏女孩露思✨💜农夫山泉有点甜，不爱露思特别悬！古有西施万人迷，今有露思无人敌！露思累了就回头，可露丽永在你身后！永生永世，唯爱露思！💜💜💜💜💜💜💜💜💜#我家爱豆#收起d,https://weibo.com/7779510606/MmghHlYXx?refer_flag=1001030103_,露思的琦琦鸭,OPPO A72 5G,https://weibo.com/7779510606?refer_flag=1001030103_,0,0,0,露思的琦琦鸭,女,@赵露思的微博 小朋友在荧幕上闪闪发光✨她说：“所有的遗憾都是惊喜的铺垫。惊喜🎁源自于她自身的努力青年演员赵露思💜💜,1111,1314,北京,7630,False,"https://tvax1.sinaimg.cn/crop.1.0.1078.1078.180/008uu25wly8hnjxozv648j30u00tywgw.jpg?KID=imgbed,tva&Expires=1710136356&ssig=MUnnh2t7eK",nan,nan,无认证
7779510606	,4853058155319640	,2023-01-01 11:11:00,#赵露思优益C亚太区品牌代言人#💜💜一露有你，情思不变。我爱的女孩赵字开头，露字居中，思字结尾，山外青外楼，我家露思最温柔。超甜爱豆露思💜四川美妞露思💜优雅可爱露思🍭可盐可甜露思☁美丽大方露思🌈迷迷糊糊露思🐰开朗爱笑露思🌸才华横溢露思🌙超强大脑就可以✨超级宠粉露思💘未来可期露思👑神仙颜值露思✨💜人间理想露思✨💜温柔体贴露思✨💜治愈微笑露思✨💜深得我心露思✨💜星辰皓月露思✨💜金光闪闪露思✨💜一见钟情露思✨💜宝藏女孩露思✨💜农夫山泉有点甜，不爱露思特别悬！古有西施万人迷，今有露思无人敌！露思累了就回头，可露丽永在你身后！永生永世，唯爱露思！💜💜💜💜💜💜💜💜💜收起d,https://weibo.com/7779510606/MmghFmjSE?refer_flag=1001030103_,露思的琦琦鸭,OPPO A72 5G,https://weibo.com/7779510606?refer_flag=1001030103_,0,0,0,露思的琦琦鸭,女,@赵露思的微博 小朋友在荧幕上闪闪发光✨她说：“所有的遗憾都是惊喜的铺垫。惊喜🎁源自于她自身的努力青年演员赵露思💜💜,1111,1314,北京,7630,False,"https://tvax1.sinaimg.cn/crop.1.0.1078.1078.180/008uu25wly8hnjxozv648j30u00tywgw.jpg?KID=imgbed,tva&Expires=1710136357&ssig=wde%2F2PN0Bo",nan,nan,无认证
5574290528	,4853058121766777	,2023-01-01 11:00:00,#好水旺财兔年吉祥#发现农夫山泉已经连续8年春节前夕推出“限量”且“只送不卖”的生肖版玻璃瓶水了。最近新推出的金兔水，设计真的也堪称一绝，有着媲美奢侈品大牌质感，农夫山泉通过用瓶身展现长白山的生态文化，把大自然与动物的奇妙关系凝结在瓶身之中，瓶身上的兔子图案细腻逼真，既精致又有内涵，高级感满满！限量十万套，参与方式是无门槛的小程序抽奖，微信搜索小程序“好水旺财兔年吉祥”就可以参与，心动时刻！#农夫山泉生肖典藏#是真的好好看，都来抽！收起d,https://weibo.com/5749767678/Mmgd0hlFM?refer_flag=1001030103_,啦啦美人鱼独舞,微博  weibo.com,https://weibo.com/5574290528?refer_flag=1001030103_,0,0,0,啦啦美人鱼独舞,男,愿此生所有的付出都有深情回应💕💕💕,157,3499,山西,11862,False,"https://tvax1.sinaimg.cn/crop.0.0.828.828.180/0065f9BKly8gobe4tx824j30n00n0gmv.jpg?KID=imgbed,tva&Expires=1710136358&ssig=ShsiiRawBb",nan,nan,无认证
6290481419	,4853057974701809	,2023-01-01 11:00:00,#好水旺财兔年吉祥#发现农夫山泉已经连续8年春节前夕推出“限量”且“只送不卖”的生肖版玻璃瓶水了。最近新推出的金兔水，设计真的也堪称一绝，有着媲美奢侈品大牌质感，农夫山泉通过用瓶身展现长白山的生态文化，把大自然与动物的奇妙关系凝结在瓶身之中，瓶身上的兔子图案细腻逼真，既精致又有内涵，高级感满满！限量十万套，参与方式是无门槛的小程序抽奖，微信搜索小程序“好水旺财兔年吉祥”就可以参与，心动时刻！#农夫山泉生肖典藏#是真的好好看，都来抽！收起d,https://weibo.com/5749767678/Mmgd0hlFM?refer_flag=1001030103_,三藏jj,微博  weibo.com,https://weibo.com/6290481419?refer_flag=1001030103_,0,0,0,三藏jj,女,,34,2574,山东,5763,False,"https://tvax1.sinaimg.cn/crop.0.0.664.664.180/006RIdzJly8ft9pnaf8vyj30ig0igjsa.jpg?KID=imgbed,tva&Expires=1710136358&ssig=E0%2FaM%2B9Vck",nan,nan,无认证
6493702816	,4853057835500985	,2023-01-01 11:00:00,#好水旺财兔年吉祥#发现农夫山泉已经连续8年春节前夕推出“限量”且“只送不卖”的生肖版玻璃瓶水了。最近新推出的金兔水，设计真的也堪称一绝，有着媲美奢侈品大牌质感，农夫山泉通过用瓶身展现长白山的生态文化，把大自然与动物的奇妙关系凝结在瓶身之中，瓶身上的兔子图案细腻逼真，既精致又有内涵，高级感满满！限量十万套，参与方式是无门槛的小程序抽奖，微信搜索小程序“好水旺财兔年吉祥”就可以参与，心动时刻！#农夫山泉生肖典藏#是真的好好看，都来抽！收起d,https://weibo.com/5749767678/Mmgd0hlFM?refer_flag=1001030103_,姢zh,微博  weibo.com,https://weibo.com/6493702816?refer_flag=1001030103_,0,0,0,姢zh,女,琴棋书画样样不通,24,2230,山东 潍坊,6709,False,"https://tvax3.sinaimg.cn/crop.0.0.1080.1080.180/0075sUKcly8h7q1cx3c4vj30u00u0q81.jpg?KID=imgbed,tva&Expires=1710136359&ssig=rMyiLzoleO",nan,nan,无认证
7779510606	,4853057743487147	,2023-01-01 11:09:00,#赵露思凤隐#💜💜一露有你，情思不变。我爱的女孩赵字开头，露字居中，思字结尾，山外青外楼，我家露思最温柔。超甜爱豆露思💜四川美妞露思💜优雅可爱露思🍭可盐可甜露思☁美丽大方露思🌈迷迷糊糊露思🐰开朗爱笑露思🌸才华横溢露思🌙超强大脑就可以✨超级宠粉露思💘未来可期露思👑神仙颜值露思✨💜人间理想露思✨💜温柔体贴露思✨💜治愈微笑露思✨💜深得我心露思✨💜星辰皓月露思✨💜金光闪闪露思✨💜一见钟情露思✨💜宝藏女孩露思✨💜农夫山泉有点甜，不爱露思特别悬！古有西施万人迷，今有露思无人敌！露思累了就回头，可露丽永在你身后！永生永世，唯爱露思！💜💜💜💜💜💜💜💜💜收起d,https://weibo.com/7779510606/Mmgh0eDaj?refer_flag=1001030103_,露思的琦琦鸭,OPPO A72 5G,https://weibo.com/7779510606?refer_flag=1001030103_,0,0,0,露思的琦琦鸭,女,@赵露思的微博 小朋友在荧幕上闪闪发光✨她说：“所有的遗憾都是惊喜的铺垫。惊喜🎁源自于她自身的努力青年演员赵露思💜💜,1111,1314,北京,7630,False,"https://tvax1.sinaimg.cn/crop.1.0.1078.1078.180/008uu25wly8hnjxozv648j30u00tywgw.jpg?KID=imgbed,tva&Expires=1710136359&ssig=BIY4SOD%2BCx",nan,nan,无认证
7779510606	,4853057721999512	,2023-01-01 11:09:00,#赵露思凤隐#💜💜一露有你，情思不变。我爱的女孩赵字开头，露字居中，思字结尾，山外青外楼，我家露思最温柔。超甜爱豆露思💜四川美妞露思💜优雅可爱露思🍭可盐可甜露思☁美丽大方露思🌈迷迷糊糊露思🐰开朗爱笑露思🌸才华横溢露思🌙超强大脑就可以✨超级宠粉露思💘未来可期露思👑神仙颜值露思✨💜人间理想露思✨💜温柔体贴露思✨💜治愈微笑露思✨💜深得我心露思✨💜星辰皓月露思✨💜金光闪闪露思✨💜一见钟情露思✨💜宝藏女孩露思✨💜农夫山泉有点甜，不爱露思特别悬！古有西施万人迷，今有露思无人敌！露思累了就回头，可露丽永在你身后！永生永世，唯爱露思！💜💜💜💜💜💜💜💜💜#我家爱豆#收起d,https://weibo.com/7779510606/MmggY8oac?refer_flag=1001030103_,露思的琦琦鸭,OPPO A72 5G,https://weibo.com/7779510606?refer_flag=1001030103_,0,0,0,露思的琦琦鸭,女,@赵露思的微博 小朋友在荧幕上闪闪发光✨她说：“所有的遗憾都是惊喜的铺垫。惊喜🎁源自于她自身的努力青年演员赵露思💜💜,1111,1314,北京,7630,False,"https://tvax1.sinaimg.cn/crop.1.0.1078.1078.180/008uu25wly8hnjxozv648j30u00tywgw.jpg?KID=imgbed,tva&Expires=1710136361&ssig=C1n1GmKCTG",nan,nan,无认证
7779510606	,4853057705214499	,2023-01-01 11:09:00,#赵露思凤隐#💜💜一露有你，情思不变。我爱的女孩赵字开头，露字居中，思字结尾，山外青外楼，我家露思最温柔。超甜爱豆露思💜四川美妞露思💜优雅可爱露思🍭可盐可甜露思☁美丽大方露思🌈迷迷糊糊露思🐰开朗爱笑露思🌸才华横溢露思🌙超强大脑就可以✨超级宠粉露思💘未来可期露思👑神仙颜值露思✨💜人间理想露思✨💜温柔体贴露思✨💜治愈微笑露思✨💜深得我心露思✨💜星辰皓月露思✨💜金光闪闪露思✨💜一见钟情露思✨💜宝藏女孩露思✨💜农夫山泉有点甜，不爱露思特别悬！古有西施万人迷，今有露思无人敌！露思累了就回头，可露丽永在你身后！永生永世，唯爱露思！💜💜💜💜💜💜💜💜💜收起d,https://weibo.com/7779510606/MmggWlSwP?refer_flag=1001030103_,露思的琦琦鸭,OPPO A72 5G,https://weibo.com/7779510606?refer_flag=1001030103_,0,0,0,露思的琦琦鸭,女,@赵露思的微博 小朋友在荧幕上闪闪发光✨她说：“所有的遗憾都是惊喜的铺垫。惊喜🎁源自于她自身的努力青年演员赵露思💜💜,1111,1314,北京,7630,False,"https://tvax1.sinaimg.cn/crop.1.0.1078.1078.180/008uu25wly8hnjxozv648j30u00tywgw.jpg?KID=imgbed,tva&Expires=1710136361&ssig=C1n1GmKCTG",nan,nan,无认证
6644773156	,4853057500218308	,2023-01-01 00:16:00,抱歉，此微博已被作者删除。查看帮助：O网页链接,https://weibo.com//MmbZP7mbl?refer_flag=1001030103_,Kelliw-,NULL,https://weibo.com/6644773156?refer_flag=1001030103_,0,0,0,Kelliw-,女,共创健康互联网 追星吃瓜都快乐 叫我Kelly就好啦,10,244,其他,281,False,"https://tvax2.sinaimg.cn/crop.0.0.512.512.180/007fGN2Aly8gnfc2cotumj30e80e8mxg.jpg?KID=imgbed,tva&Expires=1710136362&ssig=cxAZalsvnI",nan,nan,无认证
7759324060	,4853057411622550	,2023-01-01 11:00:00,#好水旺财兔年吉祥#发现农夫山泉已经连续8年春节前夕推出“限量”且“只送不卖”的生肖版玻璃瓶水了。最近新推出的金兔水，设计真的也堪称一绝，有着媲美奢侈品大牌质感，农夫山泉通过用瓶身展现长白山的生态文化，把大自然与动物的奇妙关系凝结在瓶身之中，瓶身上的兔子图案细腻逼真，既精致又有内涵，高级感满满！限量十万套，参与方式是无门槛的小程序抽奖，微信搜索小程序“好水旺财兔年吉祥”就可以参与，心动时刻！#农夫山泉生肖典藏#是真的好好看，都来抽！收起d,https://weibo.com/5749767678/Mmgd0hlFM?refer_flag=1001030103_,一人游2,微博  weibo.com,https://weibo.com/7759324060?refer_flag=1001030103_,0,0,0,一人游2,男,,2,1931,山东,5175,False,"https://tvax4.sinaimg.cn/crop.0.0.1080.1080.180/008t7kE4ly8h2961mf30ej30u00u0adl.jpg?KID=imgbed,tva&Expires=1710136362&ssig=6MpNS71h10",nan,nan,无认证
7457885999	,4853057341620859	,2023-01-01 11:00:00,#好水旺财兔年吉祥#发现农夫山泉已经连续8年春节前夕推出“限量”且“只送不卖”的生肖版玻璃瓶水了。最近新推出的金兔水，设计真的也堪称一绝，有着媲美奢侈品大牌质感，农夫山泉通过用瓶身展现长白山的生态文化，把大自然与动物的奇妙关系凝结在瓶身之中，瓶身上的兔子图案细腻逼真，既精致又有内涵，高级感满满！限量十万套，参与方式是无门槛的小程序抽奖，微信搜索小程序“好水旺财兔年吉祥”就可以参与，心动时刻！#农夫山泉生肖典藏#是真的好好看，都来抽！收起d,https://weibo.com/5749767678/Mmgd0hlFM?refer_flag=1001030103_,乔乔很不错,微博  weibo.com,https://weibo.com/7457885999?refer_flag=1001030103_,0,0,0,乔乔很不错,男,。。。,112,4818,黑龙江,6134,False,"https://tvax3.sinaimg.cn/crop.0.0.996.996.180/0088IwPRly8gr7u78em1bj30ro0rotam.jpg?KID=imgbed,tva&Expires=1710136363&ssig=Pw%2Fji9pt2C",nan,nan,无认证
7797144264	,4853057316461328	,2023-01-01 11:00:00,#好水旺财兔年吉祥#发现农夫山泉已经连续8年春节前夕推出“限量”且“只送不卖”的生肖版玻璃瓶水了。最近新推出的金兔水，设计真的也堪称一绝，有着媲美奢侈品大牌质感，农夫山泉通过用瓶身展现长白山的生态文化，把大自然与动物的奇妙关系凝结在瓶身之中，瓶身上的兔子图案细腻逼真，既精致又有内涵，高级感满满！限量十万套，参与方式是无门槛的小程序抽奖，微信搜索小程序“好水旺财兔年吉祥”就可以参与，心动时刻！#农夫山泉生肖典藏#是真的好好看，都来抽！收起d,https://weibo.com/5749767678/Mmgd0hlFM?refer_flag=1001030103_,虾酱225,微博  weibo.com,https://weibo.com/7797144264?refer_flag=1001030103_,0,0,0,虾酱225,女,,4,1104,山东 烟台,2692,False,"https://tvax4.sinaimg.cn/crop.0.0.512.512.180/008vG1pmly8h7qhn4tvg0j30e80e8t9k.jpg?KID=imgbed,tva&Expires=1710136364&ssig=TZcj7ccEQI",nan,nan,无认证
6557481395	,4853057193516389	,2022-12-15 11:26:00,寅虎曳尾，卯兔探头，万众期盼的2023年农夫山泉卯兔年典藏版玻璃瓶装天然矿泉水要跟大家见面啦！依旧是大家熟悉的“只送不卖”，有10万套哦！即日起至2023年2月5日24:00止，微信扫码参与”好水旺财兔年吉祥“小程序互动，即有机会免费赢取金兔水。每一年都值得珍藏，每一年的好运都值得分享。带话题#农夫山泉生肖典藏#、#好水旺财兔年吉祥#，转发+评论此微博，我们将在2022年12月25日随机抽取8位幸运儿送首批限量版金兔水一套。农夫山泉，愿陪伴您走过值得珍藏的每一年O抽奖详情收起d,https://weibo.com/1778777264/MjG7mCOf5?refer_flag=1001030103_,年少有为ZYWYB,微博网页版,https://weibo.com/6557481395?refer_flag=1001030103_,0,0,0,年少有为ZYWYB,女,,22,913,湖北 武汉,222,False,"https://tvax4.sinaimg.cn/crop.0.0.750.750.180/0079MwsXly8g94apxm4x7j30ku0ku3zr.jpg?KID=imgbed,tva&Expires=1710136364&ssig=UUBnbhxjxN",nan,nan,无认证
7779510606	,4853056846168917	,2023-01-01 11:06:00,#赵露思腮红谁打的#💜💜一露有你，情思不变。我爱的女孩赵字开头，露字居中，思字结尾，山外青外楼，我家露思最温柔。超甜爱豆露思💜四川美妞露思💜优雅可爱露思🍭可盐可甜露思☁美丽大方露思🌈迷迷糊糊露思🐰开朗爱笑露思🌸才华横溢露思🌙超强大脑就可以✨超级宠粉露思💘未来可期露思👑神仙颜值露思✨💜人间理想露思✨💜温柔体贴露思✨💜治愈微笑露思✨💜深得我心露思✨💜星辰皓月露思✨💜金光闪闪露思✨💜一见钟情露思✨💜宝藏女孩露思✨💜农夫山泉有点甜，不爱露思特别悬！古有西施万人迷，今有露思无人敌！露思累了就回头，可露丽永在你身后！永生永世，唯爱露思！💜💜💜💜💜💜💜💜💜赵露思超话收起d,https://weibo.com/7779510606/MmgfypSOF?refer_flag=1001030103_,露思的琦琦鸭,OPPO A72 5G,https://weibo.com/7779510606?refer_flag=1001030103_,1,0,2,露思的琦琦鸭,女,@赵露思的微博 小朋友在荧幕上闪闪发光✨她说：“所有的遗憾都是惊喜的铺垫。惊喜🎁源自于她自身的努力青年演员赵露思💜💜,1111,1314,北京,7630,False,"https://tvax1.sinaimg.cn/crop.1.0.1078.1078.180/008uu25wly8hnjxozv648j30u00tywgw.jpg?KID=imgbed,tva&Expires=1710136365&ssig=fcF6BBKGju",nan,nan,无认证
7779510606	,4853056816291840	,2023-01-01 11:06:00,#赵露思腮红谁打的#💜💜一露有你，情思不变。我爱的女孩赵字开头，露字居中，思字结尾，山外青外楼，我家露思最温柔。超甜爱豆露思💜四川美妞露思💜优雅可爱露思🍭可盐可甜露思☁美丽大方露思🌈迷迷糊糊露思🐰开朗爱笑露思🌸才华横溢露思🌙超强大脑就可以✨超级宠粉露思💘未来可期露思👑神仙颜值露思✨💜人间理想露思✨💜温柔体贴露思✨💜治愈微笑露思✨💜深得我心露思✨💜星辰皓月露思✨💜金光闪闪露思✨💜一见钟情露思✨💜宝藏女孩露思✨💜农夫山泉有点甜，不爱露思特别悬！古有西施万人迷，今有露思无人敌！露思累了就回头，可露丽永在你身后！永生永世，唯爱露思！💜💜💜💜💜💜💜💜💜#神仙颜值腮红#收起d,https://weibo.com/7779510606/MmgfvqoNi?refer_flag=1001030103_,露思的琦琦鸭,OPPO A72 5G,https://weibo.com/7779510606?refer_flag=1001030103_,0,0,0,露思的琦琦鸭,女,@赵露思的微博 小朋友在荧幕上闪闪发光✨她说：“所有的遗憾都是惊喜的铺垫。惊喜🎁源自于她自身的努力青年演员赵露思💜💜,1111,1314,北京,7630,False,"https://tvax1.sinaimg.cn/crop.1.0.1078.1078.180/008uu25wly8hnjxozv648j30u00tywgw.jpg?KID=imgbed,tva&Expires=1710136365&ssig=fcF6BBKGju",nan,nan,无认证
7779510606	,4853056796099421	,2023-01-01 11:06:00,#赵露思腮红谁打的#💜💜一露有你，情思不变。我爱的女孩赵字开头，露字居中，思字结尾，山外青外楼，我家露思最温柔。超甜爱豆露思💜四川美妞露思💜优雅可爱露思🍭可盐可甜露思☁美丽大方露思🌈迷迷糊糊露思🐰开朗爱笑露思🌸才华横溢露思🌙超强大脑就可以✨超级宠粉露思💘未来可期露思👑神仙颜值露思✨💜人间理想露思✨💜温柔体贴露思✨💜治愈微笑露思✨💜深得我心露思✨💜星辰皓月露思✨💜金光闪闪露思✨💜一见钟情露思✨💜宝藏女孩露思✨💜农夫山泉有点甜，不爱露思特别悬！古有西施万人迷，今有露思无人敌！露思累了就回头，可露丽永在你身后！永生永世，唯爱露思！💜💜💜💜💜💜💜💜💜收起d,https://weibo.com/7779510606/MmgftpAJL?refer_flag=1001030103_,露思的琦琦鸭,OPPO A72 5G,https://weibo.com/7779510606?refer_flag=1001030103_,0,0,0,露思的琦琦鸭,女,@赵露思的微博 小朋友在荧幕上闪闪发光✨她说：“所有的遗憾都是惊喜的铺垫。惊喜🎁源自于她自身的努力青年演员赵露思💜💜,1111,1314,北京,7630,False,"https://tvax1.sinaimg.cn/crop.1.0.1078.1078.180/008uu25wly8hnjxozv648j30u00tywgw.jpg?KID=imgbed,tva&Expires=1710136366&ssig=VMbXvA7Oso",nan,nan,无认证
7732145723	,4853056740792386	,2023-01-01 11:00:00,#好水旺财兔年吉祥#发现农夫山泉已经连续8年春节前夕推出“限量”且“只送不卖”的生肖版玻璃瓶水了。最近新推出的金兔水，设计真的也堪称一绝，有着媲美奢侈品大牌质感，农夫山泉通过用瓶身展现长白山的生态文化，把大自然与动物的奇妙关系凝结在瓶身之中，瓶身上的兔子图案细腻逼真，既精致又有内涵，高级感满满！限量十万套，参与方式是无门槛的小程序抽奖，微信搜索小程序“好水旺财兔年吉祥”就可以参与，心动时刻！#农夫山泉生肖典藏#是真的好好看，都来抽！收起d,https://weibo.com/5749767678/Mmgd0hlFM?refer_flag=1001030103_,今朝有酒今朝醉的cat,微博  weibo.com,https://weibo.com/7732145723?refer_flag=1001030103_,0,0,0,今朝有酒今朝醉的cat,男,,34,658,其他,7300,False,"https://tvax3.sinaimg.cn/crop.0.0.1080.1080.180/008rhijNly8h8bykjwoegj30u00u0go8.jpg?KID=imgbed,tva&Expires=1710136367&ssig=leb8bmH3c%2B",nan,nan,无认证
7796728296	,4853056312710918	,2023-01-01 11:00:00,#好水旺财兔年吉祥#发现农夫山泉已经连续8年春节前夕推出“限量”且“只送不卖”的生肖版玻璃瓶水了。最近新推出的金兔水，设计真的也堪称一绝，有着媲美奢侈品大牌质感，农夫山泉通过用瓶身展现长白山的生态文化，把大自然与动物的奇妙关系凝结在瓶身之中，瓶身上的兔子图案细腻逼真，既精致又有内涵，高级感满满！限量十万套，参与方式是无门槛的小程序抽奖，微信搜索小程序“好水旺财兔年吉祥”就可以参与，心动时刻！#农夫山泉生肖典藏#是真的好好看，都来抽！收起d,https://weibo.com/5749767678/Mmgd0hlFM?refer_flag=1001030103_,宝元圆愿,微博  weibo.com,https://weibo.com/7796728296?refer_flag=1001030103_,0,0,0,宝元圆愿,男,我是小可爱,37,2699,山西,7306,False,"https://tvax1.sinaimg.cn/crop.0.0.512.512.180/008vEhccly8h7e1c3uwxcj30e80e874p.jpg?KID=imgbed,tva&Expires=1710136368&ssig=GVAfKtljTU",nan,nan,无认证
3554716432	,4853056053447610	,2023-01-01 11:00:00,#好水旺财兔年吉祥#发现农夫山泉已经连续8年春节前夕推出“限量”且“只送不卖”的生肖版玻璃瓶水了。最近新推出的金兔水，设计真的也堪称一绝，有着媲美奢侈品大牌质感，农夫山泉通过用瓶身展现长白山的生态文化，把大自然与动物的奇妙关系凝结在瓶身之中，瓶身上的兔子图案细腻逼真，既精致又有内涵，高级感满满！限量十万套，参与方式是无门槛的小程序抽奖，微信搜索小程序“好水旺财兔年吉祥”就可以参与，心动时刻！#农夫山泉生肖典藏#是真的好好看，都来抽！收起d,https://weibo.com/5749767678/Mmgd0hlFM?refer_flag=1001030103_,咕噜咕噜虎牙,微博  weibo.com,https://weibo.com/3554716432?refer_flag=1001030103_,0,0,0,咕噜咕噜虎牙,男,中国蓝、梦之蓝，海洋蓝色经典,62,1256,北京 海淀区,15311,False,"https://tvax4.sinaimg.cn/crop.0.0.996.996.180/d3e0ab10ly8gy9loltf9pj20ro0rowgx.jpg?KID=imgbed,tva&Expires=1710136368&ssig=zpSxE0NhCS",nan,nan,无认证
1848792841	,4853055504522104	,2023-01-01 11:01:00,PDD千万神券1、农夫山泉纽荷尔脐橙3kg，【41.9】2、农夫山泉新疆西梅525g*2，【41.9】,https://weibo.com/1848792841/MmgdoiYpa?refer_flag=1001030103_,天涯花花的百宝袋,微博 weibo.com,https://weibo.com/1848792841?refer_flag=1001030103_,0,1,18,天涯花花的百宝袋,女,跟着花花薅羊毛～,485518,565,上海 黄浦区,414643,True,"https://tvax4.sinaimg.cn/crop.0.0.100.100.180/6e325709ly8gxcnhfgedpj202s02sdfp.jpg?KID=imgbed,tva&Expires=1710136369&ssig=PYG4JM83lR",公共媒体,5.686205335491735,
6323208868	,4853055391016806	,2023-01-01 00:00:00,抱歉，作者已设置仅展示半年内微博，此微博已不可见。,https://weibo.com//MmbTtq0Xf?refer_flag=1001030103_,最美乔景,NULL,https://weibo.com/6323208868?refer_flag=1001030103_,0,0,0,最美乔景,女,风起。,37,108,北京 石景山区,22433,False,"https://tvax3.sinaimg.cn/crop.0.0.1080.1080.180/006TVxtOly8h1283ngykzj30u00u1jz1.jpg?KID=imgbed,tva&Expires=1710136370&ssig=qlAOShyBGd",nan,nan,无认证
5749767678	,4853055264134890	,2023-01-01 11:00:00,#好水旺财兔年吉祥#发现农夫山泉已经连续8年春节前夕推出“限量”且“只送不卖”的生肖版玻璃瓶水了。最近新推出的金兔水，设计真的也堪称一绝，有着媲美奢侈品大牌质感，农夫山泉通过用瓶身展现长白山的生态文化，把大自然与动物的奇妙关系凝结在瓶身之中，瓶身上的兔子图案细腻逼真，既精致又有内涵，高级感满满！限量十万套，参与方式是无门槛的小程序抽奖，微信搜索小程序“好水旺财兔年吉祥”就可以参与，心动时刻！#农夫山泉生肖典藏#是真的好好看，都来抽！收起d,https://weibo.com/5749767678/Mmgd0hlFM?refer_flag=1001030103_,王思忱,微博  weibo.com,https://weibo.com/5749767678?refer_flag=1001030103_,5892,2320,16810,王思忱,男,用年轻人的角度去看世界。,12206639,424,河南 郑州,2420,True,"https://tvax3.sinaimg.cn/crop.0.0.512.512.180/006h7remly8g1qcscwrl3j30e80e8aa2.jpg?KID=imgbed,tva&Expires=1710136370&ssig=iL4lUZrZG0",公共媒体,7.086596100907324,
1992391767	,4853054757410049	,2023-01-01 10:58:00,PDD官旗发顺丰5人拼团农夫山泉纽橙子脐橙礼盒3KG【37.9】果径65-80mm的,https://weibo.com/1992391767/Mmgcbv5GV?refer_flag=1001030103_,拯救吃土儿童,微博 weibo.com,https://weibo.com/1992391767?refer_flag=1001030103_,0,1,0,拯救吃土儿童,女,跟着土土不吃土ヾ(≧▽≦*)o这里只有靠谱的放心的和真正实惠的😚,227256,286,河南 郑州,313923,False,"https://tvax4.sinaimg.cn/crop.0.0.828.828.180/76c17c57ly8gtaneyxjx1j20n00n0myk.jpg?KID=imgbed,tva&Expires=1710136371&ssig=TJ9TP%2FQw1j",公共媒体,5.356515358263609,无认证
5744916923	,4853054489493975	,2023-01-01 10:56:00,农夫山泉兔年典藏版扫码玩游戏，有概率1套~截止2.5日,https://weibo.com/5744916923/MmgbKDPOD?refer_flag=1001030103_,无敌,微博网页版,https://weibo.com/5744916923?refer_flag=1001030103_,4,11,32,无敌,男,多互动会第一时间收到好价提醒！投稿合作请私信,772331,473,北京,169642,True,"https://tvax3.sinaimg.cn/crop.0.0.600.600.180/006gN5knly8hllgw1bcfuj30go0go0um.jpg?KID=imgbed,tva&Expires=1710136372&ssig=08WJgySnuF",公共媒体,5.88780346700041,微博个人认证(红V)
5894255577	,4853053448792476	,2023-01-01 10:52:00,丐友反馈投稿，农夫山泉那个活动，玩山泉茶楼开盲盒现在概率开隐藏款图鉴。#小程序://兔年吉祥/p7GIRO5hudTh8To,https://weibo.com/5894255577/Mmga4ATk8?refer_flag=1001030103_,丐帮羊毛日记,微博 weibo.com,https://weibo.com/5894255577?refer_flag=1001030103_,0,26,19,丐帮羊毛日记,男,公主薅🤧 《丐帮线报》❤喜欢分享的小可爱❤，希望有你喜欢的,133532,653,浙江 温州,74725,True,"https://tvax3.sinaimg.cn/crop.0.0.1002.1002.180/006qTH8lly8govy925xvhj30ru0ru3zn.jpg?KID=imgbed,tva&Expires=1710136373&ssig=WSmF16t3Go",公共媒体,5.125585353776087,微博个人认证(红V)
7434707454	,4853053020439511	,2023-01-01 00:16:00,抱歉，此微博已被作者删除。查看帮助：O网页链接,https://weibo.com//MmbZP7mbl?refer_flag=1001030103_,各暗邡,NULL,https://weibo.com/7434707454?refer_flag=1001030103_,0,0,0,各暗邡,女,,3,372,四川,903,False,"https://tvax2.sinaimg.cn/crop.0.0.800.800.180/00879h2mly8h9khiqsmp9j30m80m83zo.jpg?KID=imgbed,tva&Expires=1710136374&ssig=A6ycRMMF01",nan,nan,无认证
1987241375	,4853052177650940	,2023-01-01 10:47:00,⭐️pdd拼团贴（5人团）维达细韧3层100抽24包【24.9】农夫山泉纽荷尔脐橙3KG【37.9】可口可乐330ml*24【36.9】冰糖心丑苹果净重4.5斤【17.9】好时巧克力500g【39】老街口原色开心果500g【39.9】老街口奶油味夏威夷果500g【26.9】农夫山泉NFC果汁300ml*10瓶【42.9】蒙牛低脂高钙牛奶250ml×16盒【30.9】收起d,https://weibo.com/1987241375/Mmg81w6mg?refer_flag=1001030103_,蘑菇小牙牙,iPhone 14 Pro Max,https://weibo.com/1987241375?refer_flag=1001030103_,3,1053,95,蘑菇小牙牙,女,个人博，活动推荐和搬运。拉群会关小黑屋哦，请专贴专发，诚信友爱～投稿私信😘,829044,1295,上海 闵行区,385657,False,"https://tvax1.sinaimg.cn/crop.0.0.1080.1080.180/7672e59fly8h82326wtqgj20u00u041c.jpg?KID=imgbed,tva&Expires=1710136375&ssig=wZj0x8wjB%2B",公共媒体,5.918577580550404,无认证
7726012296	,4853160730960201	,2023-01-01 17:00:00,叮～#好水旺财兔年吉祥#广大拉丝儿请注意：您有一份来自长白山莫涯泉的新年礼物，请注意查收！从2016年的猴年典藏，这已经是农夫山泉生肖水陪伴我们的第八年啦！这是只在春节推出的限量版生肖玻璃瓶高端水，瓶身上的金兔插画，把兔的神韵展现的惟妙惟肖。水与兔的美好碰撞，精美又高级；我这种颜控真的一眼心动！同时，与设计同样珍贵的，是水源。生肖水的水源均来自长白山广袤葱郁的原始森林，珍稀的低钠淡矿泉，口感清冽柔和，每一口都是松软雪花的味道。一口畅饮，彷佛置身于长白山下，初雪拂面，辞旧迎新；对未来又有了一份新的展望！知道你们都按耐不住啦，搜索“好水旺财兔年吉祥”小程序就可以参与抽奖；今年只有限量十万套，拉丝儿们抓紧先到先得！#农夫山泉生肖典藏#L农夫山泉的微博视频收起d,https://weibo.com/3660593213/Mmiz8pvZc?refer_flag=1001030103_,时刻给自己一个好心晴,微博视频号,https://weibo.com/7726012296?refer_flag=1001030103_,0,0,0,时刻给自己一个好心晴,女,,50,2270,广东 东莞,14623,False,"https://tvax4.sinaimg.cn/crop.0.0.996.996.180/008qRyJyly8h09bu8oid1j30ro0ro0uu.jpg?KID=imgbed,tva&Expires=1710136462&ssig=XdORtbeTIZ",nan,nan,无认证
6124601061	,4853160038901114	,2023-01-01 17:56:00,TFBOYS超话怡宝@TFBOYS-王源海之言@TFBOYS-王俊凯农夫山泉@TFBOYS-易烊千玺L小小叽磨的微博视频,https://weibo.com/6124601061/MmiVZBlAm?refer_flag=1001030103_,小小叽磨,TFBOYS超话,https://weibo.com/6124601061?refer_flag=1001030103_,0,0,0,小小叽磨,女,恭喜发财！,415,1236,山西,33388,False,"https://tvax4.sinaimg.cn/crop.0.0.512.512.180/006Gucw5ly8hgnzfgbwn6j30e80e8weu.jpg?KID=imgbed,tva&Expires=1710136463&ssig=yzHtNsM4%2Bk",nan,nan,无认证
1720042973	,4853159463750340	,2023-01-01 17:54:00,20点pdd好价手慢无点击进入传送门【32.9】农夫山泉脐橙*6斤价格不对就是抢完,https://weibo.com/1720042973/MmiV4fJDm?refer_flag=1001030103_,丁丁挖白菜,丁丁挖白菜的小店,https://weibo.com/1720042973?refer_flag=1001030103_,0,1,6,丁丁挖白菜,女,每天人工精选优惠折扣！跟我一起过618！商家合作QQ936144188,2707330,182,江苏 南京,707226,True,"https://tvax4.sinaimg.cn/crop.0.0.512.512.180/6685c5ddly8hkt35nawgoj20e80e8755.jpg?KID=imgbed,tva&Expires=1710136463&ssig=MhuSZEkk4v",公共媒体,6.432541195720308,微博个人认证(红V)
